timestamp_utc,git_commit,build_mode,agent,evaluator,evaluator_parameters,feature_configuration,search_depth,depth_definition,seed_partition,minimum_path_probability,time_limit_seconds,optimization_configuration,seed,score,moves,max_tile_exponent,max_tile,runtime_seconds,aggregate_search_total_nodes,aggregate_search_cache_hits
2026-08-25T06:00:21.189Z,unavailable,Release,N1-fixed,N1,,"N1:ntuple-td-learned:experiments/weights/n5_large_tcbwd_100k.bin:tuples=6+6+6+6+6,active=40,weights=83886080,hash=f78f622c4f01ddf6",1,"depth counts player layers; depth 1 = player move, spawn, evaluator",custom,0,0,none,30000,168124,7021,13,8192,0.011527249999999999,13900981,0
2026-08-25T06:00:21.189Z,unavailable,Release,N1-fixed,N1,,"N1:ntuple-td-learned:experiments/weights/n5_large_tcbwd_100k.bin:tuples=6+6+6+6+6,active=40,weights=83886080,hash=f78f622c4f01ddf6",1,"depth counts player layers; depth 1 = player move, spawn, evaluator",custom,0,0,none,30001,277204,10469,14,16384,0.013589667,13900981,0
2026-08-25T06:00:21.189Z,unavailable,Release,N1-fixed,N1,,"N1:ntuple-td-learned:experiments/weights/n5_large_tcbwd_100k.bin:tuples=6+6+6+6+6,active=40,weights=83886080,hash=f78f622c4f01ddf6",1,"depth counts player layers; depth 1 = player move, spawn, evaluator",custom,0,0,none,30002,121908,5132,13,8192,0.0065113749999999998,13900981,0
2026-08-25T06:00:21.189Z,unavailable,Release,N1-fixed,N1,,"N1:ntuple-td-learned:experiments/weights/n5_large_tcbwd_100k.bin:tuples=6+6+6+6+6,active=40,weights=83886080,hash=f78f622c4f01ddf6",1,"depth counts player layers; depth 1 = player move, spawn, evaluator",custom,0,0,none,30003,174700,7275,13,8192,0.0091410410000000008,13900981,0
2026-08-25T06:00:21.189Z,unavailable,Release,N1-fixed,N1,,"N1:ntuple-td-learned:experiments/weights/n5_large_tcbwd_100k.bin:tuples=6+6+6+6+6,active=40,weights=83886080,hash=f78f622c4f01ddf6",1,"depth counts player layers; depth 1 = player move, spawn, evaluator",custom,0,0,none,30004,132300,5550,13,8192,0.0071273329999999996,13900981,0
2026-08-25T06:00:21.189Z,unavailable,Release,N1-fixed,N1,,"N1:ntuple-td-learned:experiments/weights/n5_large_tcbwd_100k.bin:tuples=6+6+6+6+6,active=40,weights=83886080,hash=f78f622c4f01ddf6",1,"depth counts player layers; depth 1 = player move, spawn, evaluator",custom,0,0,none,30005,178200,7520,13,8192,0.010060125,13900981,0
2026-08-25T06:00:21.189Z,unavailable,Release,N1-fixed,N1,,"N1:ntuple-td-learned:experiments/weights/n5_large_tcbwd_100k.bin:tuples=6+6+6+6+6,active=40,weights=83886080,hash=f78f622c4f01ddf6",1,"depth counts player layers; depth 1 = player move, spawn, evaluator",custom,0,0,none,30006,191772,7879,13,8192,0.010220333,13900981,0
2026-08-25T06:00:21.189Z,unavailable,Release,N1-fixed,N1,,"N1:ntuple-td-learned:experiments/weights/n5_large_tcbwd_100k.bin:tuples=6+6+6+6+6,active=40,weights=83886080,hash=f78f622c4f01ddf6",1,"depth counts player layers; depth 1 = player move, spawn, evaluator",custom,0,0,none,30007,176428,7376,13,8192,0.010695791,13900981,0
2026-08-25T06:00:21.189Z,unavailable,Release,N1-fixed,N1,,"N1:ntuple-td-learned:experiments/weights/n5_large_tcbwd_100k.bin:tuples=6+6+6+6+6,active=40,weights=83886080,hash=f78f622c4f01ddf6",1,"depth counts player layers; depth 1 = player move, spawn, evaluator",custom,0,0,none,30008,73432,3371,12,4096,0.0045126669999999997,13900981,0
2026-08-25T06:00:21.189Z,unavailable,Release,N1-fixed,N1,,"N1:ntuple-td-learned:experiments/weights/n5_large_tcbwd_100k.bin:tuples=6+6+6+6+6,active=40,weights=83886080,hash=f78f622c4f01ddf6",1,"depth counts player layers; depth 1 = player move, spawn, evaluator",custom,0,0,none,30009,170588,7114,13,8192,0.0095742910000000004,13900981,0
2026-08-25T06:00:21.189Z,unavailable,Release,N1-fixed,N1,,"N1:ntuple-td-learned:experiments/weights/n5_large_tcbwd_100k.bin:tuples=6+6+6+6+6,active=40,weights=83886080,hash=f78f622c4f01ddf6",1,"depth counts player layers; depth 1 = player move, spawn, evaluator",custom,0,0,none,30010,78680,3601,12,4096,0.0052387919999999999,13900981,0
2026-08-25T06:00:21.189Z,unavailable,Release,N1-fixed,N1,,"N1:ntuple-td-learned:experiments/weights/n5_large_tcbwd_100k.bin:tuples=6+6+6+6+6,active=40,weights=83886080,hash=f78f622c4f01ddf6",1,"depth counts player layers; depth 1 = player move, spawn, evaluator",custom,0,0,none,30011,88068,4112,12,4096,0.0059267499999999997,13900981,0
2026-08-25T06:00:21.189Z,unavailable,Release,N1-fixed,N1,,"N1:ntuple-td-learned:experiments/weights/n5_large_tcbwd_100k.bin:tuples=6+6+6+6+6,active=40,weights=83886080,hash=f78f622c4f01ddf6",1,"depth counts player layers; depth 1 = player move, spawn, evaluator",custom,0,0,none,30012,131272,5491,13,8192,0.0071762919999999999,13900981,0
2026-08-25T06:00:21.189Z,unavailable,Release,N1-fixed,N1,,"N1:ntuple-td-learned:experiments/weights/n5_large_tcbwd_100k.bin:tuples=6+6+6+6+6,active=40,weights=83886080,hash=f78f622c4f01ddf6",1,"depth counts player layers; depth 1 = player move, spawn, evaluator",custom,0,0,none,30013,67024,2993,12,4096,0.0038086249999999999,13900981,0
2026-08-25T06:00:21.189Z,unavailable,Release,N1-fixed,N1,,"N1:ntuple-td-learned:experiments/weights/n5_large_tcbwd_100k.bin:tuples=6+6+6+6+6,active=40,weights=83886080,hash=f78f622c4f01ddf6",1,"depth counts player layers; depth 1 = player move, spawn, evaluator",custom,0,0,none,30014,146576,5962,13,8192,0.0073699999999999998,13900981,0
2026-08-25T06:00:21.189Z,unavailable,Release,N1-fixed,N1,,"N1:ntuple-td-learned:experiments/weights/n5_large_tcbwd_100k.bin:tuples=6+6+6+6+6,active=40,weights=83886080,hash=f78f622c4f01ddf6",1,"depth counts player layers; depth 1 = player move, spawn, evaluator",custom,0,0,none,30015,80468,3716,12,4096,0.0047622080000000004,13900981,0
2026-08-25T06:00:21.189Z,unavailable,Release,N1-fixed,N1,,"N1:ntuple-td-learned:experiments/weights/n5_large_tcbwd_100k.bin:tuples=6+6+6+6+6,active=40,weights=83886080,hash=f78f622c4f01ddf6",1,"depth counts player layers; depth 1 = player move, spawn, evaluator",custom,0,0,none,30016,79376,3683,12,4096,0.0045396669999999998,13900981,0
2026-08-25T06:00:21.189Z,unavailable,Release,N1-fixed,N1,,"N1:ntuple-td-learned:experiments/weights/n5_large_tcbwd_100k.bin:tuples=6+6+6+6+6,active=40,weights=83886080,hash=f78f622c4f01ddf6",1,"depth counts player layers; depth 1 = player move, spawn, evaluator",custom,0,0,none,30017,80304,3703,12,4096,0.0045804160000000003,13900981,0
2026-08-25T06:00:21.189Z,unavailable,Release,N1-fixed,N1,,"N1:ntuple-td-learned:experiments/weights/n5_large_tcbwd_100k.bin:tuples=6+6+6+6+6,active=40,weights=83886080,hash=f78f622c4f01ddf6",1,"depth counts player layers; depth 1 = player move, spawn, evaluator",custom,0,0,none,30018,178224,7499,13,8192,0.0096867499999999992,13900981,0
2026-08-25T06:00:21.189Z,unavailable,Release,N1-fixed,N1,,"N1:ntuple-td-learned:experiments/weights/n5_large_tcbwd_100k.bin:tuples=6+6+6+6+6,active=40,weights=83886080,hash=f78f622c4f01ddf6",1,"depth counts player layers; depth 1 = player move, spawn, evaluator",custom,0,0,none,30019,206756,8501,13,8192,0.011440041999999999,13900981,0
2026-08-25T06:00:21.189Z,unavailable,Release,N1-fixed,N1,,"N1:ntuple-td-learned:experiments/weights/n5_large_tcbwd_100k.bin:tuples=6+6+6+6+6,active=40,weights=83886080,hash=f78f622c4f01ddf6",1,"depth counts player layers; depth 1 = player move, spawn, evaluator",custom,0,0,none,30020,172284,7155,13,8192,0.0092660840000000008,13900981,0
2026-08-25T06:00:21.189Z,unavailable,Release,N1-fixed,N1,,"N1:ntuple-td-learned:experiments/weights/n5_large_tcbwd_100k.bin:tuples=6+6+6+6+6,active=40,weights=83886080,hash=f78f622c4f01ddf6",1,"depth counts player layers; depth 1 = player move, spawn, evaluator",custom,0,0,none,30021,176204,7363,13,8192,0.0091025410000000005,13900981,0
2026-08-25T06:00:21.189Z,unavailable,Release,N1-fixed,N1,,"N1:ntuple-td-learned:experiments/weights/n5_large_tcbwd_100k.bin:tuples=6+6+6+6+6,active=40,weights=83886080,hash=f78f622c4f01ddf6",1,"depth counts player layers; depth 1 = player move, spawn, evaluator",custom,0,0,none,30022,143156,5982,13,8192,0.0075407089999999996,13900981,0
2026-08-25T06:00:21.189Z,unavailable,Release,N1-fixed,N1,,"N1:ntuple-td-learned:experiments/weights/n5_large_tcbwd_100k.bin:tuples=6+6+6+6+6,active=40,weights=83886080,hash=f78f622c4f01ddf6",1,"depth counts player layers; depth 1 = player move, spawn, evaluator",custom,0,0,none,30023,79148,3668,12,4096,0.0044879580000000002,13900981,0
2026-08-25T06:00:21.189Z,unavailable,Release,N1-fixed,N1,,"N1:ntuple-td-learned:experiments/weights/n5_large_tcbwd_100k.bin:tuples=6+6+6+6+6,active=40,weights=83886080,hash=f78f622c4f01ddf6",1,"depth counts player layers; depth 1 = player move, spawn, evaluator",custom,0,0,none,30024,196616,8083,13,8192,0.01027925,13900981,0
2026-08-25T06:00:21.189Z,unavailable,Release,N1-fixed,N1,,"N1:ntuple-td-learned:experiments/weights/n5_large_tcbwd_100k.bin:tuples=6+6+6+6+6,active=40,weights=83886080,hash=f78f622c4f01ddf6",1,"depth counts player layers; depth 1 = player move, spawn, evaluator",custom,0,0,none,30025,267608,10067,14,16384,0.012727291999999999,13900981,0
2026-08-25T06:00:21.189Z,unavailable,Release,N1-fixed,N1,,"N1:ntuple-td-learned:experiments/weights/n5_large_tcbwd_100k.bin:tuples=6+6+6+6+6,active=40,weights=83886080,hash=f78f622c4f01ddf6",1,"depth counts player layers; depth 1 = player move, spawn, evaluator",custom,0,0,none,30026,174412,7283,13,8192,0.0094002909999999999,13900981,0
2026-08-25T06:00:21.189Z,unavailable,Release,N1-fixed,N1,,"N1:ntuple-td-learned:experiments/weights/n5_large_tcbwd_100k.bin:tuples=6+6+6+6+6,active=40,weights=83886080,hash=f78f622c4f01ddf6",1,"depth counts player layers; depth 1 = player move, spawn, evaluator",custom,0,0,none,30027,95420,4186,12,4096,0.0057244169999999999,13900981,0
2026-08-25T06:00:21.189Z,unavailable,Release,N1-fixed,N1,,"N1:ntuple-td-learned:experiments/weights/n5_large_tcbwd_100k.bin:tuples=6+6+6+6+6,active=40,weights=83886080,hash=f78f622c4f01ddf6",1,"depth counts player layers; depth 1 = player move, spawn, evaluator",custom,0,0,none,30028,53392,2595,11,2048,0.003354667,13900981,0
2026-08-25T06:00:21.189Z,unavailable,Release,N1-fixed,N1,,"N1:ntuple-td-learned:experiments/weights/n5_large_tcbwd_100k.bin:tuples=6+6+6+6+6,active=40,weights=83886080,hash=f78f622c4f01ddf6",1,"depth counts player layers; depth 1 = player move, spawn, evaluator",custom,0,0,none,30029,164804,6879,13,8192,0.0088007499999999995,13900981,0
2026-08-25T06:00:21.189Z,unavailable,Release,N1-fixed,N1,,"N1:ntuple-td-learned:experiments/weights/n5_large_tcbwd_100k.bin:tuples=6+6+6+6+6,active=40,weights=83886080,hash=f78f622c4f01ddf6",1,"depth counts player layers; depth 1 = player move, spawn, evaluator",custom,0,0,none,30030,165124,6902,13,8192,0.0087682920000000004,13900981,0
2026-08-25T06:00:21.189Z,unavailable,Release,N1-fixed,N1,,"N1:ntuple-td-learned:experiments/weights/n5_large_tcbwd_100k.bin:tuples=6+6+6+6+6,active=40,weights=83886080,hash=f78f622c4f01ddf6",1,"depth counts player layers; depth 1 = player move, spawn, evaluator",custom,0,0,none,30031,78360,3581,12,4096,0.0044848750000000001,13900981,0
2026-08-25T06:00:21.189Z,unavailable,Release,N1-fixed,N1,,"N1:ntuple-td-learned:experiments/weights/n5_large_tcbwd_100k.bin:tuples=6+6+6+6+6,active=40,weights=83886080,hash=f78f622c4f01ddf6",1,"depth counts player layers; depth 1 = player move, spawn, evaluator",custom,0,0,none,30032,173544,7230,13,8192,0.0095040000000000003,13900981,0
2026-08-25T06:00:21.189Z,unavailable,Release,N1-fixed,N1,,"N1:ntuple-td-learned:experiments/weights/n5_large_tcbwd_100k.bin:tuples=6+6+6+6+6,active=40,weights=83886080,hash=f78f622c4f01ddf6",1,"depth counts player layers; depth 1 = player move, spawn, evaluator",custom,0,0,none,30033,131864,5553,13,8192,0.007181542,13900981,0
2026-08-25T06:00:21.189Z,unavailable,Release,N1-fixed,N1,,"N1:ntuple-td-learned:experiments/weights/n5_large_tcbwd_100k.bin:tuples=6+6+6+6+6,active=40,weights=83886080,hash=f78f622c4f01ddf6",1,"depth counts player layers; depth 1 = player move, spawn, evaluator",custom,0,0,none,30034,281268,10717,14,16384,0.014021916000000001,13900981,0
2026-08-25T06:00:21.189Z,unavailable,Release,N1-fixed,N1,,"N1:ntuple-td-learned:experiments/weights/n5_large_tcbwd_100k.bin:tuples=6+6+6+6+6,active=40,weights=83886080,hash=f78f622c4f01ddf6",1,"depth counts player layers; depth 1 = player move, spawn, evaluator",custom,0,0,none,30035,177376,7485,13,8192,0.0093087499999999993,13900981,0
2026-08-25T06:00:21.189Z,unavailable,Release,N1-fixed,N1,,"N1:ntuple-td-learned:experiments/weights/n5_large_tcbwd_100k.bin:tuples=6+6+6+6+6,active=40,weights=83886080,hash=f78f622c4f01ddf6",1,"depth counts player layers; depth 1 = player move, spawn, evaluator",custom,0,0,none,30036,78776,3614,12,4096,0.0046086249999999999,13900981,0
2026-08-25T06:00:21.189Z,unavailable,Release,N1-fixed,N1,,"N1:ntuple-td-learned:experiments/weights/n5_large_tcbwd_100k.bin:tuples=6+6+6+6+6,active=40,weights=83886080,hash=f78f622c4f01ddf6",1,"depth counts player layers; depth 1 = player move, spawn, evaluator",custom,0,0,none,30037,176668,7419,13,8192,0.0093681249999999997,13900981,0
2026-08-25T06:00:21.189Z,unavailable,Release,N1-fixed,N1,,"N1:ntuple-td-learned:experiments/weights/n5_large_tcbwd_100k.bin:tuples=6+6+6+6+6,active=40,weights=83886080,hash=f78f622c4f01ddf6",1,"depth counts player layers; depth 1 = player move, spawn, evaluator",custom,0,0,none,30038,185824,7734,13,8192,0.0098773750000000007,13900981,0
2026-08-25T06:00:21.189Z,unavailable,Release,N1-fixed,N1,,"N1:ntuple-td-learned:experiments/weights/n5_large_tcbwd_100k.bin:tuples=6+6+6+6+6,active=40,weights=83886080,hash=f78f622c4f01ddf6",1,"depth counts player layers; depth 1 = player move, spawn, evaluator",custom,0,0,none,30039,113236,4703,13,8192,0.0061053749999999997,13900981,0
2026-08-25T06:00:21.189Z,unavailable,Release,N1-fixed,N1,,"N1:ntuple-td-learned:experiments/weights/n5_large_tcbwd_100k.bin:tuples=6+6+6+6+6,active=40,weights=83886080,hash=f78f622c4f01ddf6",1,"depth counts player layers; depth 1 = player move, spawn, evaluator",custom,0,0,none,30040,177008,7431,13,8192,0.0096023329999999994,13900981,0
2026-08-25T06:00:21.189Z,unavailable,Release,N1-fixed,N1,,"N1:ntuple-td-learned:experiments/weights/n5_large_tcbwd_100k.bin:tuples=6+6+6+6+6,active=40,weights=83886080,hash=f78f622c4f01ddf6",1,"depth counts player layers; depth 1 = player move, spawn, evaluator",custom,0,0,none,30041,82080,3804,12,4096,0.0049557079999999996,13900981,0
2026-08-25T06:00:21.189Z,unavailable,Release,N1-fixed,N1,,"N1:ntuple-td-learned:experiments/weights/n5_large_tcbwd_100k.bin:tuples=6+6+6+6+6,active=40,weights=83886080,hash=f78f622c4f01ddf6",1,"depth counts player layers; depth 1 = player move, spawn, evaluator",custom,0,0,none,30042,85180,3998,12,4096,0.0057021249999999997,13900981,0
2026-08-25T06:00:21.189Z,unavailable,Release,N1-fixed,N1,,"N1:ntuple-td-learned:experiments/weights/n5_large_tcbwd_100k.bin:tuples=6+6+6+6+6,active=40,weights=83886080,hash=f78f622c4f01ddf6",1,"depth counts player layers; depth 1 = player move, spawn, evaluator",custom,0,0,none,30043,39276,2051,11,2048,0.003107584,13900981,0
2026-08-25T06:00:21.189Z,unavailable,Release,N1-fixed,N1,,"N1:ntuple-td-learned:experiments/weights/n5_large_tcbwd_100k.bin:tuples=6+6+6+6+6,active=40,weights=83886080,hash=f78f622c4f01ddf6",1,"depth counts player layers; depth 1 = player move, spawn, evaluator",custom,0,0,none,30044,175836,7393,13,8192,0.0095625829999999995,13900981,0
2026-08-25T06:00:21.189Z,unavailable,Release,N1-fixed,N1,,"N1:ntuple-td-learned:experiments/weights/n5_large_tcbwd_100k.bin:tuples=6+6+6+6+6,active=40,weights=83886080,hash=f78f622c4f01ddf6",1,"depth counts player layers; depth 1 = player move, spawn, evaluator",custom,0,0,none,30045,80452,3728,12,4096,0.0051070830000000001,13900981,0
2026-08-25T06:00:21.189Z,unavailable,Release,N1-fixed,N1,,"N1:ntuple-td-learned:experiments/weights/n5_large_tcbwd_100k.bin:tuples=6+6+6+6+6,active=40,weights=83886080,hash=f78f622c4f01ddf6",1,"depth counts player layers; depth 1 = player move, spawn, evaluator",custom,0,0,none,30046,80592,3743,12,4096,0.0047882920000000004,13900981,0
2026-08-25T06:00:21.189Z,unavailable,Release,N1-fixed,N1,,"N1:ntuple-td-learned:experiments/weights/n5_large_tcbwd_100k.bin:tuples=6+6+6+6+6,active=40,weights=83886080,hash=f78f622c4f01ddf6",1,"depth counts player layers; depth 1 = player move, spawn, evaluator",custom,0,0,none,30047,174468,7228,13,8192,0.0094727909999999995,13900981,0
2026-08-25T06:00:21.189Z,unavailable,Release,N1-fixed,N1,,"N1:ntuple-td-learned:experiments/weights/n5_large_tcbwd_100k.bin:tuples=6+6+6+6+6,active=40,weights=83886080,hash=f78f622c4f01ddf6",1,"depth counts player layers; depth 1 = player move, spawn, evaluator",custom,0,0,none,30048,177352,7472,13,8192,0.010008708999999999,13900981,0
2026-08-25T06:00:21.189Z,unavailable,Release,N1-fixed,N1,,"N1:ntuple-td-learned:experiments/weights/n5_large_tcbwd_100k.bin:tuples=6+6+6+6+6,active=40,weights=83886080,hash=f78f622c4f01ddf6",1,"depth counts player layers; depth 1 = player move, spawn, evaluator",custom,0,0,none,30049,80528,3730,12,4096,0.0047244590000000003,13900981,0
2026-08-25T06:00:21.189Z,unavailable,Release,N1-fixed,N1,,"N1:ntuple-td-learned:experiments/weights/n5_large_tcbwd_100k.bin:tuples=6+6+6+6+6,active=40,weights=83886080,hash=f78f622c4f01ddf6",1,"depth counts player layers; depth 1 = player move, spawn, evaluator",custom,0,0,none,30050,73000,3369,12,4096,0.0044967499999999999,13900981,0
2026-08-25T06:00:21.189Z,unavailable,Release,N1-fixed,N1,,"N1:ntuple-td-learned:experiments/weights/n5_large_tcbwd_100k.bin:tuples=6+6+6+6+6,active=40,weights=83886080,hash=f78f622c4f01ddf6",1,"depth counts player layers; depth 1 = player move, spawn, evaluator",custom,0,0,none,30051,161048,6729,13,8192,0.008958166,13900981,0
2026-08-25T06:00:21.189Z,unavailable,Release,N1-fixed,N1,,"N1:ntuple-td-learned:experiments/weights/n5_large_tcbwd_100k.bin:tuples=6+6+6+6+6,active=40,weights=83886080,hash=f78f622c4f01ddf6",1,"depth counts player layers; depth 1 = player move, spawn, evaluator",custom,0,0,none,30052,159016,6585,13,8192,0.0082855419999999999,13900981,0
2026-08-25T06:00:21.189Z,unavailable,Release,N1-fixed,N1,,"N1:ntuple-td-learned:experiments/weights/n5_large_tcbwd_100k.bin:tuples=6+6+6+6+6,active=40,weights=83886080,hash=f78f622c4f01ddf6",1,"depth counts player layers; depth 1 = player move, spawn, evaluator",custom,0,0,none,30053,16768,1007,10,1024,0.0013073329999999999,13900981,0
2026-08-25T06:00:21.189Z,unavailable,Release,N1-fixed,N1,,"N1:ntuple-td-learned:experiments/weights/n5_large_tcbwd_100k.bin:tuples=6+6+6+6+6,active=40,weights=83886080,hash=f78f622c4f01ddf6",1,"depth counts player layers; depth 1 = player move, spawn, evaluator",custom,0,0,none,30054,157084,6510,13,8192,0.0082132920000000005,13900981,0
2026-08-25T06:00:21.189Z,unavailable,Release,N1-fixed,N1,,"N1:ntuple-td-learned:experiments/weights/n5_large_tcbwd_100k.bin:tuples=6+6+6+6+6,active=40,weights=83886080,hash=f78f622c4f01ddf6",1,"depth counts player layers; depth 1 = player move, spawn, evaluator",custom,0,0,none,30055,152548,6237,13,8192,0.0084072920000000002,13900981,0
2026-08-25T06:00:21.189Z,unavailable,Release,N1-fixed,N1,,"N1:ntuple-td-learned:experiments/weights/n5_large_tcbwd_100k.bin:tuples=6+6+6+6+6,active=40,weights=83886080,hash=f78f622c4f01ddf6",1,"depth counts player layers; depth 1 = player move, spawn, evaluator",custom,0,0,none,30056,94760,4318,12,4096,0.0057407079999999997,13900981,0
2026-08-25T06:00:21.189Z,unavailable,Release,N1-fixed,N1,,"N1:ntuple-td-learned:experiments/weights/n5_large_tcbwd_100k.bin:tuples=6+6+6+6+6,active=40,weights=83886080,hash=f78f622c4f01ddf6",1,"depth counts player layers; depth 1 = player move, spawn, evaluator",custom,0,0,none,30057,71072,3224,12,4096,0.0044045409999999997,13900981,0
2026-08-25T06:00:21.189Z,unavailable,Release,N1-fixed,N1,,"N1:ntuple-td-learned:experiments/weights/n5_large_tcbwd_100k.bin:tuples=6+6+6+6+6,active=40,weights=83886080,hash=f78f622c4f01ddf6",1,"depth counts player layers; depth 1 = player move, spawn, evaluator",custom,0,0,none,30058,17776,1052,10,1024,0.0015389589999999999,13900981,0
2026-08-25T06:00:21.189Z,unavailable,Release,N1-fixed,N1,,"N1:ntuple-td-learned:experiments/weights/n5_large_tcbwd_100k.bin:tuples=6+6+6+6+6,active=40,weights=83886080,hash=f78f622c4f01ddf6",1,"depth counts player layers; depth 1 = player move, spawn, evaluator",custom,0,0,none,30059,165936,6851,13,8192,0.0099728339999999999,13900981,0
2026-08-25T06:00:21.189Z,unavailable,Release,N1-fixed,N1,,"N1:ntuple-td-learned:experiments/weights/n5_large_tcbwd_100k.bin:tuples=6+6+6+6+6,active=40,weights=83886080,hash=f78f622c4f01ddf6",1,"depth counts player layers; depth 1 = player move, spawn, evaluator",custom,0,0,none,30060,172320,7113,13,8192,0.010425834,13900981,0
2026-08-25T06:00:21.189Z,unavailable,Release,N1-fixed,N1,,"N1:ntuple-td-learned:experiments/weights/n5_large_tcbwd_100k.bin:tuples=6+6+6+6+6,active=40,weights=83886080,hash=f78f622c4f01ddf6",1,"depth counts player layers; depth 1 = player move, spawn, evaluator",custom,0,0,none,30061,186580,7797,13,8192,0.011129874999999999,13900981,0
2026-08-25T06:00:21.189Z,unavailable,Release,N1-fixed,N1,,"N1:ntuple-td-learned:experiments/weights/n5_large_tcbwd_100k.bin:tuples=6+6+6+6+6,active=40,weights=83886080,hash=f78f622c4f01ddf6",1,"depth counts player layers; depth 1 = player move, spawn, evaluator",custom,0,0,none,30062,171324,7082,13,8192,0.010756625000000001,13900981,0
2026-08-25T06:00:21.189Z,unavailable,Release,N1-fixed,N1,,"N1:ntuple-td-learned:experiments/weights/n5_large_tcbwd_100k.bin:tuples=6+6+6+6+6,active=40,weights=83886080,hash=f78f622c4f01ddf6",1,"depth counts player layers; depth 1 = player move, spawn, evaluator",custom,0,0,none,30063,17876,1071,10,1024,0.001672125,13900981,0
2026-08-25T06:00:21.189Z,unavailable,Release,N1-fixed,N1,,"N1:ntuple-td-learned:experiments/weights/n5_large_tcbwd_100k.bin:tuples=6+6+6+6+6,active=40,weights=83886080,hash=f78f622c4f01ddf6",1,"depth counts player layers; depth 1 = player move, spawn, evaluator",custom,0,0,none,30064,156928,6485,13,8192,0.0085194580000000006,13900981,0
2026-08-25T06:00:21.189Z,unavailable,Release,N1-fixed,N1,,"N1:ntuple-td-learned:experiments/weights/n5_large_tcbwd_100k.bin:tuples=6+6+6+6+6,active=40,weights=83886080,hash=f78f622c4f01ddf6",1,"depth counts player layers; depth 1 = player move, spawn, evaluator",custom,0,0,none,30065,174764,7323,13,8192,0.010230167,13900981,0
2026-08-25T06:00:21.189Z,unavailable,Release,N1-fixed,N1,,"N1:ntuple-td-learned:experiments/weights/n5_large_tcbwd_100k.bin:tuples=6+6+6+6+6,active=40,weights=83886080,hash=f78f622c4f01ddf6",1,"depth counts player layers; depth 1 = player move, spawn, evaluator",custom,0,0,none,30066,79968,3691,12,4096,0.0049620410000000004,13900981,0
2026-08-25T06:00:21.189Z,unavailable,Release,N1-fixed,N1,,"N1:ntuple-td-learned:experiments/weights/n5_large_tcbwd_100k.bin:tuples=6+6+6+6+6,active=40,weights=83886080,hash=f78f622c4f01ddf6",1,"depth counts player layers; depth 1 = player move, spawn, evaluator",custom,0,0,none,30067,157104,6502,13,8192,0.0080604170000000003,13900981,0
2026-08-25T06:00:21.189Z,unavailable,Release,N1-fixed,N1,,"N1:ntuple-td-learned:experiments/weights/n5_large_tcbwd_100k.bin:tuples=6+6+6+6+6,active=40,weights=83886080,hash=f78f622c4f01ddf6",1,"depth counts player layers; depth 1 = player move, spawn, evaluator",custom,0,0,none,30068,156868,6497,13,8192,0.0080057909999999999,13900981,0
2026-08-25T06:00:21.189Z,unavailable,Release,N1-fixed,N1,,"N1:ntuple-td-learned:experiments/weights/n5_large_tcbwd_100k.bin:tuples=6+6+6+6+6,active=40,weights=83886080,hash=f78f622c4f01ddf6",1,"depth counts player layers; depth 1 = player move, spawn, evaluator",custom,0,0,none,30069,197212,8149,13,8192,0.010245792,13900981,0
2026-08-25T06:00:21.189Z,unavailable,Release,N1-fixed,N1,,"N1:ntuple-td-learned:experiments/weights/n5_large_tcbwd_100k.bin:tuples=6+6+6+6+6,active=40,weights=83886080,hash=f78f622c4f01ddf6",1,"depth counts player layers; depth 1 = player move, spawn, evaluator",custom,0,0,none,30070,77236,3566,12,4096,0.0048774999999999999,13900981,0
2026-08-25T06:00:21.189Z,unavailable,Release,N1-fixed,N1,,"N1:ntuple-td-learned:experiments/weights/n5_large_tcbwd_100k.bin:tuples=6+6+6+6+6,active=40,weights=83886080,hash=f78f622c4f01ddf6",1,"depth counts player layers; depth 1 = player move, spawn, evaluator",custom,0,0,none,30071,133348,5628,13,8192,0.0073332919999999999,13900981,0
2026-08-25T06:00:21.189Z,unavailable,Release,N1-fixed,N1,,"N1:ntuple-td-learned:experiments/weights/n5_large_tcbwd_100k.bin:tuples=6+6+6+6+6,active=40,weights=83886080,hash=f78f622c4f01ddf6",1,"depth counts player layers; depth 1 = player move, spawn, evaluator",custom,0,0,none,30072,157760,6569,13,8192,0.0085259580000000001,13900981,0
2026-08-25T06:00:21.189Z,unavailable,Release,N1-fixed,N1,,"N1:ntuple-td-learned:experiments/weights/n5_large_tcbwd_100k.bin:tuples=6+6+6+6+6,active=40,weights=83886080,hash=f78f622c4f01ddf6",1,"depth counts player layers; depth 1 = player move, spawn, evaluator",custom,0,0,none,30073,56988,2849,11,2048,0.0040938750000000003,13900981,0
2026-08-25T06:00:21.189Z,unavailable,Release,N1-fixed,N1,,"N1:ntuple-td-learned:experiments/weights/n5_large_tcbwd_100k.bin:tuples=6+6+6+6+6,active=40,weights=83886080,hash=f78f622c4f01ddf6",1,"depth counts player layers; depth 1 = player move, spawn, evaluator",custom,0,0,none,30074,191540,8012,13,8192,0.010160959000000001,13900981,0
2026-08-25T06:00:21.189Z,unavailable,Release,N1-fixed,N1,,"N1:ntuple-td-learned:experiments/weights/n5_large_tcbwd_100k.bin:tuples=6+6+6+6+6,active=40,weights=83886080,hash=f78f622c4f01ddf6",1,"depth counts player layers; depth 1 = player move, spawn, evaluator",custom,0,0,none,30075,83800,3851,12,4096,0.0050245419999999999,13900981,0
2026-08-25T06:00:21.189Z,unavailable,Release,N1-fixed,N1,,"N1:ntuple-td-learned:experiments/weights/n5_large_tcbwd_100k.bin:tuples=6+6+6+6+6,active=40,weights=83886080,hash=f78f622c4f01ddf6",1,"depth counts player layers; depth 1 = player move, spawn, evaluator",custom,0,0,none,30076,176056,7404,13,8192,0.0095602499999999993,13900981,0
2026-08-25T06:00:21.189Z,unavailable,Release,N1-fixed,N1,,"N1:ntuple-td-learned:experiments/weights/n5_large_tcbwd_100k.bin:tuples=6+6+6+6+6,active=40,weights=83886080,hash=f78f622c4f01ddf6",1,"depth counts player layers; depth 1 = player move, spawn, evaluator",custom,0,0,none,30077,165940,6891,13,8192,0.0087356250000000003,13900981,0
2026-08-25T06:00:21.189Z,unavailable,Release,N1-fixed,N1,,"N1:ntuple-td-learned:experiments/weights/n5_large_tcbwd_100k.bin:tuples=6+6+6+6+6,active=40,weights=83886080,hash=f78f622c4f01ddf6",1,"depth counts player layers; depth 1 = player move, spawn, evaluator",custom,0,0,none,30078,55844,2575,12,4096,0.0039214590000000004,13900981,0
2026-08-25T06:00:21.189Z,unavailable,Release,N1-fixed,N1,,"N1:ntuple-td-learned:experiments/weights/n5_large_tcbwd_100k.bin:tuples=6+6+6+6+6,active=40,weights=83886080,hash=f78f622c4f01ddf6",1,"depth counts player layers; depth 1 = player move, spawn, evaluator",custom,0,0,none,30079,77028,3548,12,4096,0.0045251670000000001,13900981,0
2026-08-25T06:00:21.189Z,unavailable,Release,N1-fixed,N1,,"N1:ntuple-td-learned:experiments/weights/n5_large_tcbwd_100k.bin:tuples=6+6+6+6+6,active=40,weights=83886080,hash=f78f622c4f01ddf6",1,"depth counts player layers; depth 1 = player move, spawn, evaluator",custom,0,0,none,30080,78644,3598,12,4096,0.0045222919999999998,13900981,0
2026-08-25T06:00:21.189Z,unavailable,Release,N1-fixed,N1,,"N1:ntuple-td-learned:experiments/weights/n5_large_tcbwd_100k.bin:tuples=6+6+6+6+6,active=40,weights=83886080,hash=f78f622c4f01ddf6",1,"depth counts player layers; depth 1 = player move, spawn, evaluator",custom,0,0,none,30081,175832,7369,13,8192,0.0092674590000000005,13900981,0
2026-08-25T06:00:21.189Z,unavailable,Release,N1-fixed,N1,,"N1:ntuple-td-learned:experiments/weights/n5_large_tcbwd_100k.bin:tuples=6+6+6+6+6,active=40,weights=83886080,hash=f78f622c4f01ddf6",1,"depth counts player layers; depth 1 = player move, spawn, evaluator",custom,0,0,none,30082,77980,3595,12,4096,0.0045405410000000004,13900981,0
2026-08-25T06:00:21.189Z,unavailable,Release,N1-fixed,N1,,"N1:ntuple-td-learned:experiments/weights/n5_large_tcbwd_100k.bin:tuples=6+6+6+6+6,active=40,weights=83886080,hash=f78f622c4f01ddf6",1,"depth counts player layers; depth 1 = player move, spawn, evaluator",custom,0,0,none,30083,175432,7313,13,8192,0.0089360419999999999,13900981,0
2026-08-25T06:00:21.189Z,unavailable,Release,N1-fixed,N1,,"N1:ntuple-td-learned:experiments/weights/n5_large_tcbwd_100k.bin:tuples=6+6+6+6+6,active=40,weights=83886080,hash=f78f622c4f01ddf6",1,"depth counts player layers; depth 1 = player move, spawn, evaluator",custom,0,0,none,30084,82116,3846,12,4096,0.0048626249999999998,13900981,0
2026-08-25T06:00:21.189Z,unavailable,Release,N1-fixed,N1,,"N1:ntuple-td-learned:experiments/weights/n5_large_tcbwd_100k.bin:tuples=6+6+6+6+6,active=40,weights=83886080,hash=f78f622c4f01ddf6",1,"depth counts player layers; depth 1 = player move, spawn, evaluator",custom,0,0,none,30085,164200,6742,13,8192,0.0088113329999999993,13900981,0
2026-08-25T06:00:21.189Z,unavailable,Release,N1-fixed,N1,,"N1:ntuple-td-learned:experiments/weights/n5_large_tcbwd_100k.bin:tuples=6+6+6+6+6,active=40,weights=83886080,hash=f78f622c4f01ddf6",1,"depth counts player layers; depth 1 = player move, spawn, evaluator",custom,0,0,none,30086,174840,7307,13,8192,0.0091849589999999995,13900981,0
2026-08-25T06:00:21.189Z,unavailable,Release,N1-fixed,N1,,"N1:ntuple-td-learned:experiments/weights/n5_large_tcbwd_100k.bin:tuples=6+6+6+6+6,active=40,weights=83886080,hash=f78f622c4f01ddf6",1,"depth counts player layers; depth 1 = player move, spawn, evaluator",custom,0,0,none,30087,79740,3676,12,4096,0.0050586670000000002,13900981,0
2026-08-25T06:00:21.189Z,unavailable,Release,N1-fixed,N1,,"N1:ntuple-td-learned:experiments/weights/n5_large_tcbwd_100k.bin:tuples=6+6+6+6+6,active=40,weights=83886080,hash=f78f622c4f01ddf6",1,"depth counts player layers; depth 1 = player move, spawn, evaluator",custom,0,0,none,30088,125660,5234,13,8192,0.0069624159999999999,13900981,0
2026-08-25T06:00:21.189Z,unavailable,Release,N1-fixed,N1,,"N1:ntuple-td-learned:experiments/weights/n5_large_tcbwd_100k.bin:tuples=6+6+6+6+6,active=40,weights=83886080,hash=f78f622c4f01ddf6",1,"depth counts player layers; depth 1 = player move, spawn, evaluator",custom,0,0,none,30089,194184,8033,13,8192,0.010077958,13900981,0
2026-08-25T06:00:21.189Z,unavailable,Release,N1-fixed,N1,,"N1:ntuple-td-learned:experiments/weights/n5_large_tcbwd_100k.bin:tuples=6+6+6+6+6,active=40,weights=83886080,hash=f78f622c4f01ddf6",1,"depth counts player layers; depth 1 = player move, spawn, evaluator",custom,0,0,none,30090,132880,5583,13,8192,0.0072533750000000003,13900981,0
2026-08-25T06:00:21.189Z,unavailable,Release,N1-fixed,N1,,"N1:ntuple-td-learned:experiments/weights/n5_large_tcbwd_100k.bin:tuples=6+6+6+6+6,active=40,weights=83886080,hash=f78f622c4f01ddf6",1,"depth counts player layers; depth 1 = player move, spawn, evaluator",custom,0,0,none,30091,168160,6988,13,8192,0.0086488329999999999,13900981,0
2026-08-25T06:00:21.189Z,unavailable,Release,N1-fixed,N1,,"N1:ntuple-td-learned:experiments/weights/n5_large_tcbwd_100k.bin:tuples=6+6+6+6+6,active=40,weights=83886080,hash=f78f622c4f01ddf6",1,"depth counts player layers; depth 1 = player move, spawn, evaluator",custom,0,0,none,30092,148432,6071,13,8192,0.0076548750000000002,13900981,0
2026-08-25T06:00:21.189Z,unavailable,Release,N1-fixed,N1,,"N1:ntuple-td-learned:experiments/weights/n5_large_tcbwd_100k.bin:tuples=6+6+6+6+6,active=40,weights=83886080,hash=f78f622c4f01ddf6",1,"depth counts player layers; depth 1 = player move, spawn, evaluator",custom,0,0,none,30093,175296,7317,13,8192,0.0091379159999999994,13900981,0
2026-08-25T06:00:21.189Z,unavailable,Release,N1-fixed,N1,,"N1:ntuple-td-learned:experiments/weights/n5_large_tcbwd_100k.bin:tuples=6+6+6+6+6,active=40,weights=83886080,hash=f78f622c4f01ddf6",1,"depth counts player layers; depth 1 = player move, spawn, evaluator",custom,0,0,none,30094,35388,1808,11,2048,0.0024239169999999998,13900981,0
2026-08-25T06:00:21.189Z,unavailable,Release,N1-fixed,N1,,"N1:ntuple-td-learned:experiments/weights/n5_large_tcbwd_100k.bin:tuples=6+6+6+6+6,active=40,weights=83886080,hash=f78f622c4f01ddf6",1,"depth counts player layers; depth 1 = player move, spawn, evaluator",custom,0,0,none,30095,58696,2722,12,4096,0.003692542,13900981,0
2026-08-25T06:00:21.189Z,unavailable,Release,N1-fixed,N1,,"N1:ntuple-td-learned:experiments/weights/n5_large_tcbwd_100k.bin:tuples=6+6+6+6+6,active=40,weights=83886080,hash=f78f622c4f01ddf6",1,"depth counts player layers; depth 1 = player move, spawn, evaluator",custom,0,0,none,30096,45372,2351,11,2048,0.0030766249999999999,13900981,0
2026-08-25T06:00:21.189Z,unavailable,Release,N1-fixed,N1,,"N1:ntuple-td-learned:experiments/weights/n5_large_tcbwd_100k.bin:tuples=6+6+6+6+6,active=40,weights=83886080,hash=f78f622c4f01ddf6",1,"depth counts player layers; depth 1 = player move, spawn, evaluator",custom,0,0,none,30097,80088,3688,12,4096,0.0044646249999999998,13900981,0
2026-08-25T06:00:21.189Z,unavailable,Release,N1-fixed,N1,,"N1:ntuple-td-learned:experiments/weights/n5_large_tcbwd_100k.bin:tuples=6+6+6+6+6,active=40,weights=83886080,hash=f78f622c4f01ddf6",1,"depth counts player layers; depth 1 = player move, spawn, evaluator",custom,0,0,none,30098,34496,1771,11,2048,0.0021493340000000001,13900981,0
2026-08-25T06:00:21.189Z,unavailable,Release,N1-fixed,N1,,"N1:ntuple-td-learned:experiments/weights/n5_large_tcbwd_100k.bin:tuples=6+6+6+6+6,active=40,weights=83886080,hash=f78f622c4f01ddf6",1,"depth counts player layers; depth 1 = player move, spawn, evaluator",custom,0,0,none,30099,13948,844,10,1024,0.0010244169999999999,13900981,0
2026-08-25T06:00:21.189Z,unavailable,Release,N1-fixed,N1,,"N1:ntuple-td-learned:experiments/weights/n5_large_tcbwd_100k.bin:tuples=6+6+6+6+6,active=40,weights=83886080,hash=f78f622c4f01ddf6",1,"depth counts player layers; depth 1 = player move, spawn, evaluator",custom,0,0,none,30100,134660,5701,13,8192,0.0075197500000000004,13900981,0
2026-08-25T06:00:21.189Z,unavailable,Release,N1-fixed,N1,,"N1:ntuple-td-learned:experiments/weights/n5_large_tcbwd_100k.bin:tuples=6+6+6+6+6,active=40,weights=83886080,hash=f78f622c4f01ddf6",1,"depth counts player layers; depth 1 = player move, spawn, evaluator",custom,0,0,none,30101,162448,6641,13,8192,0.008755667,13900981,0
2026-08-25T06:00:21.189Z,unavailable,Release,N1-fixed,N1,,"N1:ntuple-td-learned:experiments/weights/n5_large_tcbwd_100k.bin:tuples=6+6+6+6+6,active=40,weights=83886080,hash=f78f622c4f01ddf6",1,"depth counts player layers; depth 1 = player move, spawn, evaluator",custom,0,0,none,30102,174876,7282,13,8192,0.0094902500000000004,13900981,0
2026-08-25T06:00:21.189Z,unavailable,Release,N1-fixed,N1,,"N1:ntuple-td-learned:experiments/weights/n5_large_tcbwd_100k.bin:tuples=6+6+6+6+6,active=40,weights=83886080,hash=f78f622c4f01ddf6",1,"depth counts player layers; depth 1 = player move, spawn, evaluator",custom,0,0,none,30103,91584,4211,12,4096,0.0053519170000000003,13900981,0
2026-08-25T06:00:21.189Z,unavailable,Release,N1-fixed,N1,,"N1:ntuple-td-learned:experiments/weights/n5_large_tcbwd_100k.bin:tuples=6+6+6+6+6,active=40,weights=83886080,hash=f78f622c4f01ddf6",1,"depth counts player layers; depth 1 = player move, spawn, evaluator",custom,0,0,none,30104,167804,6928,13,8192,0.0087149589999999996,13900981,0
2026-08-25T06:00:21.189Z,unavailable,Release,N1-fixed,N1,,"N1:ntuple-td-learned:experiments/weights/n5_large_tcbwd_100k.bin:tuples=6+6+6+6+6,active=40,weights=83886080,hash=f78f622c4f01ddf6",1,"depth counts player layers; depth 1 = player move, spawn, evaluator",custom,0,0,none,30105,173432,7245,13,8192,0.0089405000000000005,13900981,0
2026-08-25T06:00:21.189Z,unavailable,Release,N1-fixed,N1,,"N1:ntuple-td-learned:experiments/weights/n5_large_tcbwd_100k.bin:tuples=6+6+6+6+6,active=40,weights=83886080,hash=f78f622c4f01ddf6",1,"depth counts player layers; depth 1 = player move, spawn, evaluator",custom,0,0,none,30106,164244,6757,13,8192,0.0084911670000000009,13900981,0
2026-08-25T06:00:21.189Z,unavailable,Release,N1-fixed,N1,,"N1:ntuple-td-learned:experiments/weights/n5_large_tcbwd_100k.bin:tuples=6+6+6+6+6,active=40,weights=83886080,hash=f78f622c4f01ddf6",1,"depth counts player layers; depth 1 = player move, spawn, evaluator",custom,0,0,none,30107,148060,6210,13,8192,0.0082631249999999996,13900981,0
2026-08-25T06:00:21.189Z,unavailable,Release,N1-fixed,N1,,"N1:ntuple-td-learned:experiments/weights/n5_large_tcbwd_100k.bin:tuples=6+6+6+6+6,active=40,weights=83886080,hash=f78f622c4f01ddf6",1,"depth counts player layers; depth 1 = player move, spawn, evaluator",custom,0,0,none,30108,89240,4189,12,4096,0.0059740000000000001,13900981,0
2026-08-25T06:00:21.189Z,unavailable,Release,N1-fixed,N1,,"N1:ntuple-td-learned:experiments/weights/n5_large_tcbwd_100k.bin:tuples=6+6+6+6+6,active=40,weights=83886080,hash=f78f622c4f01ddf6",1,"depth counts player layers; depth 1 = player move, spawn, evaluator",custom,0,0,none,30109,201808,8382,13,8192,0.011119041,13900981,0
2026-08-25T06:00:21.189Z,unavailable,Release,N1-fixed,N1,,"N1:ntuple-td-learned:experiments/weights/n5_large_tcbwd_100k.bin:tuples=6+6+6+6+6,active=40,weights=83886080,hash=f78f622c4f01ddf6",1,"depth counts player layers; depth 1 = player move, spawn, evaluator",custom,0,0,none,30110,72692,3340,12,4096,0.0044719590000000002,13900981,0
2026-08-25T06:00:21.189Z,unavailable,Release,N1-fixed,N1,,"N1:ntuple-td-learned:experiments/weights/n5_large_tcbwd_100k.bin:tuples=6+6+6+6+6,active=40,weights=83886080,hash=f78f622c4f01ddf6",1,"depth counts player layers; depth 1 = player move, spawn, evaluator",custom,0,0,none,30111,175524,7350,13,8192,0.0094374999999999997,13900981,0
2026-08-25T06:00:21.189Z,unavailable,Release,N1-fixed,N1,,"N1:ntuple-td-learned:experiments/weights/n5_large_tcbwd_100k.bin:tuples=6+6+6+6+6,active=40,weights=83886080,hash=f78f622c4f01ddf6",1,"depth counts player layers; depth 1 = player move, spawn, evaluator",custom,0,0,none,30112,80468,3729,12,4096,0.0060048749999999998,13900981,0
2026-08-25T06:00:21.189Z,unavailable,Release,N1-fixed,N1,,"N1:ntuple-td-learned:experiments/weights/n5_large_tcbwd_100k.bin:tuples=6+6+6+6+6,active=40,weights=83886080,hash=f78f622c4f01ddf6",1,"depth counts player layers; depth 1 = player move, spawn, evaluator",custom,0,0,none,30113,111736,4597,13,8192,0.0061580000000000003,13900981,0
2026-08-25T06:00:21.189Z,unavailable,Release,N1-fixed,N1,,"N1:ntuple-td-learned:experiments/weights/n5_large_tcbwd_100k.bin:tuples=6+6+6+6+6,active=40,weights=83886080,hash=f78f622c4f01ddf6",1,"depth counts player layers; depth 1 = player move, spawn, evaluator",custom,0,0,none,30114,164444,6789,13,8192,0.0088887919999999995,13900981,0
2026-08-25T06:00:21.189Z,unavailable,Release,N1-fixed,N1,,"N1:ntuple-td-learned:experiments/weights/n5_large_tcbwd_100k.bin:tuples=6+6+6+6+6,active=40,weights=83886080,hash=f78f622c4f01ddf6",1,"depth counts player layers; depth 1 = player move, spawn, evaluator",custom,0,0,none,30115,40180,2104,11,2048,0.0028319999999999999,13900981,0
2026-08-25T06:00:21.189Z,unavailable,Release,N1-fixed,N1,,"N1:ntuple-td-learned:experiments/weights/n5_large_tcbwd_100k.bin:tuples=6+6+6+6+6,active=40,weights=83886080,hash=f78f622c4f01ddf6",1,"depth counts player layers; depth 1 = player move, spawn, evaluator",custom,0,0,none,30116,27020,1406,11,2048,0.001789,13900981,0
2026-08-25T06:00:21.189Z,unavailable,Release,N1-fixed,N1,,"N1:ntuple-td-learned:experiments/weights/n5_large_tcbwd_100k.bin:tuples=6+6+6+6+6,active=40,weights=83886080,hash=f78f622c4f01ddf6",1,"depth counts player layers; depth 1 = player move, spawn, evaluator",custom,0,0,none,30117,173672,7209,13,8192,0.009440459,13900981,0
2026-08-25T06:00:21.189Z,unavailable,Release,N1-fixed,N1,,"N1:ntuple-td-learned:experiments/weights/n5_large_tcbwd_100k.bin:tuples=6+6+6+6+6,active=40,weights=83886080,hash=f78f622c4f01ddf6",1,"depth counts player layers; depth 1 = player move, spawn, evaluator",custom,0,0,none,30118,133468,5611,13,8192,0.0079548750000000001,13900981,0
2026-08-25T06:00:21.189Z,unavailable,Release,N1-fixed,N1,,"N1:ntuple-td-learned:experiments/weights/n5_large_tcbwd_100k.bin:tuples=6+6+6+6+6,active=40,weights=83886080,hash=f78f622c4f01ddf6",1,"depth counts player layers; depth 1 = player move, spawn, evaluator",custom,0,0,none,30119,164364,6774,13,8192,0.009458167,13900981,0
2026-08-25T06:00:21.189Z,unavailable,Release,N1-fixed,N1,,"N1:ntuple-td-learned:experiments/weights/n5_large_tcbwd_100k.bin:tuples=6+6+6+6+6,active=40,weights=83886080,hash=f78f622c4f01ddf6",1,"depth counts player layers; depth 1 = player move, spawn, evaluator",custom,0,0,none,30120,177872,7496,13,8192,0.010693833,13900981,0
2026-08-25T06:00:21.189Z,unavailable,Release,N1-fixed,N1,,"N1:ntuple-td-learned:experiments/weights/n5_large_tcbwd_100k.bin:tuples=6+6+6+6+6,active=40,weights=83886080,hash=f78f622c4f01ddf6",1,"depth counts player layers; depth 1 = player move, spawn, evaluator",custom,0,0,none,30121,132088,5517,13,8192,0.008260959,13900981,0
2026-08-25T06:00:21.189Z,unavailable,Release,N1-fixed,N1,,"N1:ntuple-td-learned:experiments/weights/n5_large_tcbwd_100k.bin:tuples=6+6+6+6+6,active=40,weights=83886080,hash=f78f622c4f01ddf6",1,"depth counts player layers; depth 1 = player move, spawn, evaluator",custom,0,0,none,30122,176920,7414,13,8192,0.012211415999999999,13900981,0
2026-08-25T06:00:21.189Z,unavailable,Release,N1-fixed,N1,,"N1:ntuple-td-learned:experiments/weights/n5_large_tcbwd_100k.bin:tuples=6+6+6+6+6,active=40,weights=83886080,hash=f78f622c4f01ddf6",1,"depth counts player layers; depth 1 = player move, spawn, evaluator",custom,0,0,none,30123,156892,6507,13,8192,0.0088121250000000005,13900981,0
2026-08-25T06:00:21.189Z,unavailable,Release,N1-fixed,N1,,"N1:ntuple-td-learned:experiments/weights/n5_large_tcbwd_100k.bin:tuples=6+6+6+6+6,active=40,weights=83886080,hash=f78f622c4f01ddf6",1,"depth counts player layers; depth 1 = player move, spawn, evaluator",custom,0,0,none,30124,78808,3623,12,4096,0.0048271659999999999,13900981,0
2026-08-25T06:00:21.189Z,unavailable,Release,N1-fixed,N1,,"N1:ntuple-td-learned:experiments/weights/n5_large_tcbwd_100k.bin:tuples=6+6+6+6+6,active=40,weights=83886080,hash=f78f622c4f01ddf6",1,"depth counts player layers; depth 1 = player move, spawn, evaluator",custom,0,0,none,30125,171660,7121,13,8192,0.0088402919999999996,13900981,0
2026-08-25T06:00:21.189Z,unavailable,Release,N1-fixed,N1,,"N1:ntuple-td-learned:experiments/weights/n5_large_tcbwd_100k.bin:tuples=6+6+6+6+6,active=40,weights=83886080,hash=f78f622c4f01ddf6",1,"depth counts player layers; depth 1 = player move, spawn, evaluator",custom,0,0,none,30126,80460,3726,12,4096,0.004782667,13900981,0
2026-08-25T06:00:21.189Z,unavailable,Release,N1-fixed,N1,,"N1:ntuple-td-learned:experiments/weights/n5_large_tcbwd_100k.bin:tuples=6+6+6+6+6,active=40,weights=83886080,hash=f78f622c4f01ddf6",1,"depth counts player layers; depth 1 = player move, spawn, evaluator",custom,0,0,none,30127,79840,3671,12,4096,0.0047394999999999998,13900981,0
2026-08-25T06:00:21.189Z,unavailable,Release,N1-fixed,N1,,"N1:ntuple-td-learned:experiments/weights/n5_large_tcbwd_100k.bin:tuples=6+6+6+6+6,active=40,weights=83886080,hash=f78f622c4f01ddf6",1,"depth counts player layers; depth 1 = player move, spawn, evaluator",custom,0,0,none,30128,97968,4451,12,4096,0.0060271250000000004,13900981,0
2026-08-25T06:00:21.189Z,unavailable,Release,N1-fixed,N1,,"N1:ntuple-td-learned:experiments/weights/n5_large_tcbwd_100k.bin:tuples=6+6+6+6+6,active=40,weights=83886080,hash=f78f622c4f01ddf6",1,"depth counts player layers; depth 1 = player move, spawn, evaluator",custom,0,0,none,30129,137532,5824,13,8192,0.0085381669999999993,13900981,0
2026-08-25T06:00:21.189Z,unavailable,Release,N1-fixed,N1,,"N1:ntuple-td-learned:experiments/weights/n5_large_tcbwd_100k.bin:tuples=6+6+6+6+6,active=40,weights=83886080,hash=f78f622c4f01ddf6",1,"depth counts player layers; depth 1 = player move, spawn, evaluator",custom,0,0,none,30130,79444,3633,12,4096,0.0048666250000000003,13900981,0
2026-08-25T06:00:21.189Z,unavailable,Release,N1-fixed,N1,,"N1:ntuple-td-learned:experiments/weights/n5_large_tcbwd_100k.bin:tuples=6+6+6+6+6,active=40,weights=83886080,hash=f78f622c4f01ddf6",1,"depth counts player layers; depth 1 = player move, spawn, evaluator",custom,0,0,none,30131,27276,1422,11,2048,0.0018543749999999999,13900981,0
2026-08-25T06:00:21.189Z,unavailable,Release,N1-fixed,N1,,"N1:ntuple-td-learned:experiments/weights/n5_large_tcbwd_100k.bin:tuples=6+6+6+6+6,active=40,weights=83886080,hash=f78f622c4f01ddf6",1,"depth counts player layers; depth 1 = player move, spawn, evaluator",custom,0,0,none,30132,154752,6363,13,8192,0.0086734589999999997,13900981,0
2026-08-25T06:00:21.189Z,unavailable,Release,N1-fixed,N1,,"N1:ntuple-td-learned:experiments/weights/n5_large_tcbwd_100k.bin:tuples=6+6+6+6+6,active=40,weights=83886080,hash=f78f622c4f01ddf6",1,"depth counts player layers; depth 1 = player move, spawn, evaluator",custom,0,0,none,30133,75684,3438,12,4096,0.0047158749999999996,13900981,0
2026-08-25T06:00:21.189Z,unavailable,Release,N1-fixed,N1,,"N1:ntuple-td-learned:experiments/weights/n5_large_tcbwd_100k.bin:tuples=6+6+6+6+6,active=40,weights=83886080,hash=f78f622c4f01ddf6",1,"depth counts player layers; depth 1 = player move, spawn, evaluator",custom,0,0,none,30134,80728,3753,12,4096,0.0047756250000000004,13900981,0
2026-08-25T06:00:21.189Z,unavailable,Release,N1-fixed,N1,,"N1:ntuple-td-learned:experiments/weights/n5_large_tcbwd_100k.bin:tuples=6+6+6+6+6,active=40,weights=83886080,hash=f78f622c4f01ddf6",1,"depth counts player layers; depth 1 = player move, spawn, evaluator",custom,0,0,none,30135,80980,3764,12,4096,0.0048482919999999997,13900981,0
2026-08-25T06:00:21.189Z,unavailable,Release,N1-fixed,N1,,"N1:ntuple-td-learned:experiments/weights/n5_large_tcbwd_100k.bin:tuples=6+6+6+6+6,active=40,weights=83886080,hash=f78f622c4f01ddf6",1,"depth counts player layers; depth 1 = player move, spawn, evaluator",custom,0,0,none,30136,175500,7325,13,8192,0.0091478749999999998,13900981,0
2026-08-25T06:00:21.189Z,unavailable,Release,N1-fixed,N1,,"N1:ntuple-td-learned:experiments/weights/n5_large_tcbwd_100k.bin:tuples=6+6+6+6+6,active=40,weights=83886080,hash=f78f622c4f01ddf6",1,"depth counts player layers; depth 1 = player move, spawn, evaluator",custom,0,0,none,30137,17968,1078,10,1024,0.001367542,13900981,0
2026-08-25T06:00:21.189Z,unavailable,Release,N1-fixed,N1,,"N1:ntuple-td-learned:experiments/weights/n5_large_tcbwd_100k.bin:tuples=6+6+6+6+6,active=40,weights=83886080,hash=f78f622c4f01ddf6",1,"depth counts player layers; depth 1 = player move, spawn, evaluator",custom,0,0,none,30138,158028,6546,13,8192,0.0082414169999999991,13900981,0
2026-08-25T06:00:21.189Z,unavailable,Release,N1-fixed,N1,,"N1:ntuple-td-learned:experiments/weights/n5_large_tcbwd_100k.bin:tuples=6+6+6+6+6,active=40,weights=83886080,hash=f78f622c4f01ddf6",1,"depth counts player layers; depth 1 = player move, spawn, evaluator",custom,0,0,none,30139,36652,1928,11,2048,0.0029109579999999999,13900981,0
2026-08-25T06:00:21.189Z,unavailable,Release,N1-fixed,N1,,"N1:ntuple-td-learned:experiments/weights/n5_large_tcbwd_100k.bin:tuples=6+6+6+6+6,active=40,weights=83886080,hash=f78f622c4f01ddf6",1,"depth counts player layers; depth 1 = player move, spawn, evaluator",custom,0,0,none,30140,172396,7195,13,8192,0.010421290999999999,13900981,0
2026-08-25T06:00:21.189Z,unavailable,Release,N1-fixed,N1,,"N1:ntuple-td-learned:experiments/weights/n5_large_tcbwd_100k.bin:tuples=6+6+6+6+6,active=40,weights=83886080,hash=f78f622c4f01ddf6",1,"depth counts player layers; depth 1 = player move, spawn, evaluator",custom,0,0,none,30141,168404,7011,13,8192,0.009687167,13900981,0
2026-08-25T06:00:21.189Z,unavailable,Release,N1-fixed,N1,,"N1:ntuple-td-learned:experiments/weights/n5_large_tcbwd_100k.bin:tuples=6+6+6+6+6,active=40,weights=83886080,hash=f78f622c4f01ddf6",1,"depth counts player layers; depth 1 = player move, spawn, evaluator",custom,0,0,none,30142,201396,8403,13,8192,0.011922291,13900981,0
2026-08-25T06:00:21.189Z,unavailable,Release,N1-fixed,N1,,"N1:ntuple-td-learned:experiments/weights/n5_large_tcbwd_100k.bin:tuples=6+6+6+6+6,active=40,weights=83886080,hash=f78f622c4f01ddf6",1,"depth counts player layers; depth 1 = player move, spawn, evaluator",custom,0,0,none,30143,153808,6323,13,8192,0.0099712499999999992,13900981,0
2026-08-25T06:00:21.189Z,unavailable,Release,N1-fixed,N1,,"N1:ntuple-td-learned:experiments/weights/n5_large_tcbwd_100k.bin:tuples=6+6+6+6+6,active=40,weights=83886080,hash=f78f622c4f01ddf6",1,"depth counts player layers; depth 1 = player move, spawn, evaluator",custom,0,0,none,30144,131496,5549,13,8192,0.0093352920000000002,13900981,0
2026-08-25T06:00:21.189Z,unavailable,Release,N1-fixed,N1,,"N1:ntuple-td-learned:experiments/weights/n5_large_tcbwd_100k.bin:tuples=6+6+6+6+6,active=40,weights=83886080,hash=f78f622c4f01ddf6",1,"depth counts player layers; depth 1 = player move, spawn, evaluator",custom,0,0,none,30145,175588,7336,13,8192,0.012542583,13900981,0
2026-08-25T06:00:21.189Z,unavailable,Release,N1-fixed,N1,,"N1:ntuple-td-learned:experiments/weights/n5_large_tcbwd_100k.bin:tuples=6+6+6+6+6,active=40,weights=83886080,hash=f78f622c4f01ddf6",1,"depth counts player layers; depth 1 = player move, spawn, evaluator",custom,0,0,none,30146,202836,8451,13,8192,0.011636499999999999,13900981,0
2026-08-25T06:00:21.189Z,unavailable,Release,N1-fixed,N1,,"N1:ntuple-td-learned:experiments/weights/n5_large_tcbwd_100k.bin:tuples=6+6+6+6+6,active=40,weights=83886080,hash=f78f622c4f01ddf6",1,"depth counts player layers; depth 1 = player move, spawn, evaluator",custom,0,0,none,30147,90708,4112,12,4096,0.0056411250000000003,13900981,0
2026-08-25T06:00:21.189Z,unavailable,Release,N1-fixed,N1,,"N1:ntuple-td-learned:experiments/weights/n5_large_tcbwd_100k.bin:tuples=6+6+6+6+6,active=40,weights=83886080,hash=f78f622c4f01ddf6",1,"depth counts player layers; depth 1 = player move, spawn, evaluator",custom,0,0,none,30148,41888,2152,11,2048,0.0028391660000000002,13900981,0
2026-08-25T06:00:21.189Z,unavailable,Release,N1-fixed,N1,,"N1:ntuple-td-learned:experiments/weights/n5_large_tcbwd_100k.bin:tuples=6+6+6+6+6,active=40,weights=83886080,hash=f78f622c4f01ddf6",1,"depth counts player layers; depth 1 = player move, spawn, evaluator",custom,0,0,none,30149,60996,2860,12,4096,0.0038526659999999998,13900981,0
2026-08-25T06:00:21.189Z,unavailable,Release,N1-fixed,N1,,"N1:ntuple-td-learned:experiments/weights/n5_large_tcbwd_100k.bin:tuples=6+6+6+6+6,active=40,weights=83886080,hash=f78f622c4f01ddf6",1,"depth counts player layers; depth 1 = player move, spawn, evaluator",custom,0,0,none,30150,175672,7369,13,8192,0.0094730419999999992,13900981,0
2026-08-25T06:00:21.189Z,unavailable,Release,N1-fixed,N1,,"N1:ntuple-td-learned:experiments/weights/n5_large_tcbwd_100k.bin:tuples=6+6+6+6+6,active=40,weights=83886080,hash=f78f622c4f01ddf6",1,"depth counts player layers; depth 1 = player move, spawn, evaluator",custom,0,0,none,30151,196092,8074,13,8192,0.011194417,13900981,0
2026-08-25T06:00:21.189Z,unavailable,Release,N1-fixed,N1,,"N1:ntuple-td-learned:experiments/weights/n5_large_tcbwd_100k.bin:tuples=6+6+6+6+6,active=40,weights=83886080,hash=f78f622c4f01ddf6",1,"depth counts player layers; depth 1 = player move, spawn, evaluator",custom,0,0,none,30152,79744,3668,12,4096,0.0048907919999999997,13900981,0
2026-08-25T06:00:21.189Z,unavailable,Release,N1-fixed,N1,,"N1:ntuple-td-learned:experiments/weights/n5_large_tcbwd_100k.bin:tuples=6+6+6+6+6,active=40,weights=83886080,hash=f78f622c4f01ddf6",1,"depth counts player layers; depth 1 = player move, spawn, evaluator",custom,0,0,none,30153,167992,6972,13,8192,0.0090307500000000006,13900981,0
2026-08-25T06:00:21.189Z,unavailable,Release,N1-fixed,N1,,"N1:ntuple-td-learned:experiments/weights/n5_large_tcbwd_100k.bin:tuples=6+6+6+6+6,active=40,weights=83886080,hash=f78f622c4f01ddf6",1,"depth counts player layers; depth 1 = player move, spawn, evaluator",custom,0,0,none,30154,163364,6712,13,8192,0.0090586669999999994,13900981,0
2026-08-25T06:00:21.189Z,unavailable,Release,N1-fixed,N1,,"N1:ntuple-td-learned:experiments/weights/n5_large_tcbwd_100k.bin:tuples=6+6+6+6+6,active=40,weights=83886080,hash=f78f622c4f01ddf6",1,"depth counts player layers; depth 1 = player move, spawn, evaluator",custom,0,0,none,30155,147980,6023,13,8192,0.0080599999999999995,13900981,0
2026-08-25T06:00:21.189Z,unavailable,Release,N1-fixed,N1,,"N1:ntuple-td-learned:experiments/weights/n5_large_tcbwd_100k.bin:tuples=6+6+6+6+6,active=40,weights=83886080,hash=f78f622c4f01ddf6",1,"depth counts player layers; depth 1 = player move, spawn, evaluator",custom,0,0,none,30156,172304,7151,13,8192,0.0092770830000000002,13900981,0
2026-08-25T06:00:21.189Z,unavailable,Release,N1-fixed,N1,,"N1:ntuple-td-learned:experiments/weights/n5_large_tcbwd_100k.bin:tuples=6+6+6+6+6,active=40,weights=83886080,hash=f78f622c4f01ddf6",1,"depth counts player layers; depth 1 = player move, spawn, evaluator",custom,0,0,none,30157,156756,6469,13,8192,0.0085679999999999992,13900981,0
2026-08-25T06:00:21.189Z,unavailable,Release,N1-fixed,N1,,"N1:ntuple-td-learned:experiments/weights/n5_large_tcbwd_100k.bin:tuples=6+6+6+6+6,active=40,weights=83886080,hash=f78f622c4f01ddf6",1,"depth counts player layers; depth 1 = player move, spawn, evaluator",custom,0,0,none,30158,157708,6528,13,8192,0.008923416,13900981,0
2026-08-25T06:00:21.189Z,unavailable,Release,N1-fixed,N1,,"N1:ntuple-td-learned:experiments/weights/n5_large_tcbwd_100k.bin:tuples=6+6+6+6+6,active=40,weights=83886080,hash=f78f622c4f01ddf6",1,"depth counts player layers; depth 1 = player move, spawn, evaluator",custom,0,0,none,30159,164924,6803,13,8192,0.0090394169999999992,13900981,0
2026-08-25T06:00:21.189Z,unavailable,Release,N1-fixed,N1,,"N1:ntuple-td-learned:experiments/weights/n5_large_tcbwd_100k.bin:tuples=6+6+6+6+6,active=40,weights=83886080,hash=f78f622c4f01ddf6",1,"depth counts player layers; depth 1 = player move, spawn, evaluator",custom,0,0,none,30160,177212,7432,13,8192,0.010443333000000001,13900981,0
2026-08-25T06:00:21.189Z,unavailable,Release,N1-fixed,N1,,"N1:ntuple-td-learned:experiments/weights/n5_large_tcbwd_100k.bin:tuples=6+6+6+6+6,active=40,weights=83886080,hash=f78f622c4f01ddf6",1,"depth counts player layers; depth 1 = player move, spawn, evaluator",custom,0,0,none,30161,173972,7267,13,8192,0.0093844170000000008,13900981,0
2026-08-25T06:00:21.189Z,unavailable,Release,N1-fixed,N1,,"N1:ntuple-td-learned:experiments/weights/n5_large_tcbwd_100k.bin:tuples=6+6+6+6+6,active=40,weights=83886080,hash=f78f622c4f01ddf6",1,"depth counts player layers; depth 1 = player move, spawn, evaluator",custom,0,0,none,30162,242132,9051,14,16384,0.012032915999999999,13900981,0
2026-08-25T06:00:21.189Z,unavailable,Release,N1-fixed,N1,,"N1:ntuple-td-learned:experiments/weights/n5_large_tcbwd_100k.bin:tuples=6+6+6+6+6,active=40,weights=83886080,hash=f78f622c4f01ddf6",1,"depth counts player layers; depth 1 = player move, spawn, evaluator",custom,0,0,none,30163,76368,3504,12,4096,0.0047662499999999997,13900981,0
2026-08-25T06:00:21.189Z,unavailable,Release,N1-fixed,N1,,"N1:ntuple-td-learned:experiments/weights/n5_large_tcbwd_100k.bin:tuples=6+6+6+6+6,active=40,weights=83886080,hash=f78f622c4f01ddf6",1,"depth counts player layers; depth 1 = player move, spawn, evaluator",custom,0,0,none,30164,108868,4429,13,8192,0.0058201670000000002,13900981,0
2026-08-25T06:00:21.189Z,unavailable,Release,N1-fixed,N1,,"N1:ntuple-td-learned:experiments/weights/n5_large_tcbwd_100k.bin:tuples=6+6+6+6+6,active=40,weights=83886080,hash=f78f622c4f01ddf6",1,"depth counts player layers; depth 1 = player move, spawn, evaluator",custom,0,0,none,30165,82824,3872,12,4096,0.0050956660000000004,13900981,0
2026-08-25T06:00:21.189Z,unavailable,Release,N1-fixed,N1,,"N1:ntuple-td-learned:experiments/weights/n5_large_tcbwd_100k.bin:tuples=6+6+6+6+6,active=40,weights=83886080,hash=f78f622c4f01ddf6",1,"depth counts player layers; depth 1 = player move, spawn, evaluator",custom,0,0,none,30166,158640,6616,13,8192,0.0087032089999999999,13900981,0
2026-08-25T06:00:21.189Z,unavailable,Release,N1-fixed,N1,,"N1:ntuple-td-learned:experiments/weights/n5_large_tcbwd_100k.bin:tuples=6+6+6+6+6,active=40,weights=83886080,hash=f78f622c4f01ddf6",1,"depth counts player layers; depth 1 = player move, spawn, evaluator",custom,0,0,none,30167,157196,6532,13,8192,0.0083337499999999991,13900981,0
2026-08-25T06:00:21.189Z,unavailable,Release,N1-fixed,N1,,"N1:ntuple-td-learned:experiments/weights/n5_large_tcbwd_100k.bin:tuples=6+6+6+6+6,active=40,weights=83886080,hash=f78f622c4f01ddf6",1,"depth counts player layers; depth 1 = player move, spawn, evaluator",custom,0,0,none,30168,169260,7044,13,8192,0.0089190829999999995,13900981,0
2026-08-25T06:00:21.189Z,unavailable,Release,N1-fixed,N1,,"N1:ntuple-td-learned:experiments/weights/n5_large_tcbwd_100k.bin:tuples=6+6+6+6+6,active=40,weights=83886080,hash=f78f622c4f01ddf6",1,"depth counts player layers; depth 1 = player move, spawn, evaluator",custom,0,0,none,30169,176604,7421,13,8192,0.0090600839999999995,13900981,0
2026-08-25T06:00:21.189Z,unavailable,Release,N1-fixed,N1,,"N1:ntuple-td-learned:experiments/weights/n5_large_tcbwd_100k.bin:tuples=6+6+6+6+6,active=40,weights=83886080,hash=f78f622c4f01ddf6",1,"depth counts player layers; depth 1 = player move, spawn, evaluator",custom,0,0,none,30170,168208,6985,13,8192,0.008473375,13900981,0
2026-08-25T06:00:21.189Z,unavailable,Release,N1-fixed,N1,,"N1:ntuple-td-learned:experiments/weights/n5_large_tcbwd_100k.bin:tuples=6+6+6+6+6,active=40,weights=83886080,hash=f78f622c4f01ddf6",1,"depth counts player layers; depth 1 = player move, spawn, evaluator",custom,0,0,none,30171,56372,2812,11,2048,0.0035611250000000001,13900981,0
2026-08-25T06:00:21.189Z,unavailable,Release,N1-fixed,N1,,"N1:ntuple-td-learned:experiments/weights/n5_large_tcbwd_100k.bin:tuples=6+6+6+6+6,active=40,weights=83886080,hash=f78f622c4f01ddf6",1,"depth counts player layers; depth 1 = player move, spawn, evaluator",custom,0,0,none,30172,132660,5564,13,8192,0.0069501670000000002,13900981,0
2026-08-25T06:00:21.189Z,unavailable,Release,N1-fixed,N1,,"N1:ntuple-td-learned:experiments/weights/n5_large_tcbwd_100k.bin:tuples=6+6+6+6+6,active=40,weights=83886080,hash=f78f622c4f01ddf6",1,"depth counts player layers; depth 1 = player move, spawn, evaluator",custom,0,0,none,30173,110712,4521,13,8192,0.0056553330000000002,13900981,0
2026-08-25T06:00:21.189Z,unavailable,Release,N1-fixed,N1,,"N1:ntuple-td-learned:experiments/weights/n5_large_tcbwd_100k.bin:tuples=6+6+6+6+6,active=40,weights=83886080,hash=f78f622c4f01ddf6",1,"depth counts player layers; depth 1 = player move, spawn, evaluator",custom,0,0,none,30174,166516,6877,13,8192,0.0090206250000000009,13900981,0
2026-08-25T06:00:21.189Z,unavailable,Release,N1-fixed,N1,,"N1:ntuple-td-learned:experiments/weights/n5_large_tcbwd_100k.bin:tuples=6+6+6+6+6,active=40,weights=83886080,hash=f78f622c4f01ddf6",1,"depth counts player layers; depth 1 = player move, spawn, evaluator",custom,0,0,none,30175,168272,6979,13,8192,0.0089117080000000008,13900981,0
2026-08-25T06:00:21.189Z,unavailable,Release,N1-fixed,N1,,"N1:ntuple-td-learned:experiments/weights/n5_large_tcbwd_100k.bin:tuples=6+6+6+6+6,active=40,weights=83886080,hash=f78f622c4f01ddf6",1,"depth counts player layers; depth 1 = player move, spawn, evaluator",custom,0,0,none,30176,37840,1972,11,2048,0.0029043749999999998,13900981,0
2026-08-25T06:00:21.189Z,unavailable,Release,N1-fixed,N1,,"N1:ntuple-td-learned:experiments/weights/n5_large_tcbwd_100k.bin:tuples=6+6+6+6+6,active=40,weights=83886080,hash=f78f622c4f01ddf6",1,"depth counts player layers; depth 1 = player move, spawn, evaluator",custom,0,0,none,30177,258840,9607,14,16384,0.012470083999999999,13900981,0
2026-08-25T06:00:21.189Z,unavailable,Release,N1-fixed,N1,,"N1:ntuple-td-learned:experiments/weights/n5_large_tcbwd_100k.bin:tuples=6+6+6+6+6,active=40,weights=83886080,hash=f78f622c4f01ddf6",1,"depth counts player layers; depth 1 = player move, spawn, evaluator",custom,0,0,none,30178,263148,10105,14,16384,0.01356975,13900981,0
2026-08-25T06:00:21.189Z,unavailable,Release,N1-fixed,N1,,"N1:ntuple-td-learned:experiments/weights/n5_large_tcbwd_100k.bin:tuples=6+6+6+6+6,active=40,weights=83886080,hash=f78f622c4f01ddf6",1,"depth counts player layers; depth 1 = player move, spawn, evaluator",custom,0,0,none,30179,173304,7246,13,8192,0.0089535829999999993,13900981,0
2026-08-25T06:00:21.189Z,unavailable,Release,N1-fixed,N1,,"N1:ntuple-td-learned:experiments/weights/n5_large_tcbwd_100k.bin:tuples=6+6+6+6+6,active=40,weights=83886080,hash=f78f622c4f01ddf6",1,"depth counts player layers; depth 1 = player move, spawn, evaluator",custom,0,0,none,30180,191872,7899,13,8192,0.0099269590000000008,13900981,0
2026-08-25T06:00:21.189Z,unavailable,Release,N1-fixed,N1,,"N1:ntuple-td-learned:experiments/weights/n5_large_tcbwd_100k.bin:tuples=6+6+6+6+6,active=40,weights=83886080,hash=f78f622c4f01ddf6",1,"depth counts player layers; depth 1 = player move, spawn, evaluator",custom,0,0,none,30181,142828,5995,13,8192,0.0075376669999999996,13900981,0
2026-08-25T06:00:21.189Z,unavailable,Release,N1-fixed,N1,,"N1:ntuple-td-learned:experiments/weights/n5_large_tcbwd_100k.bin:tuples=6+6+6+6+6,active=40,weights=83886080,hash=f78f622c4f01ddf6",1,"depth counts player layers; depth 1 = player move, spawn, evaluator",custom,0,0,none,30182,81572,3798,12,4096,0.004878917,13900981,0
2026-08-25T06:00:21.189Z,unavailable,Release,N1-fixed,N1,,"N1:ntuple-td-learned:experiments/weights/n5_large_tcbwd_100k.bin:tuples=6+6+6+6+6,active=40,weights=83886080,hash=f78f622c4f01ddf6",1,"depth counts player layers; depth 1 = player move, spawn, evaluator",custom,0,0,none,30183,207636,8562,13,8192,0.010913958,13900981,0
2026-08-25T06:00:21.189Z,unavailable,Release,N1-fixed,N1,,"N1:ntuple-td-learned:experiments/weights/n5_large_tcbwd_100k.bin:tuples=6+6+6+6+6,active=40,weights=83886080,hash=f78f622c4f01ddf6",1,"depth counts player layers; depth 1 = player move, spawn, evaluator",custom,0,0,none,30184,173544,7246,13,8192,0.0093240419999999994,13900981,0
2026-08-25T06:00:21.189Z,unavailable,Release,N1-fixed,N1,,"N1:ntuple-td-learned:experiments/weights/n5_large_tcbwd_100k.bin:tuples=6+6+6+6+6,active=40,weights=83886080,hash=f78f622c4f01ddf6",1,"depth counts player layers; depth 1 = player move, spawn, evaluator",custom,0,0,none,30185,113056,4695,13,8192,0.0059329580000000003,13900981,0
2026-08-25T06:00:21.189Z,unavailable,Release,N1-fixed,N1,,"N1:ntuple-td-learned:experiments/weights/n5_large_tcbwd_100k.bin:tuples=6+6+6+6+6,active=40,weights=83886080,hash=f78f622c4f01ddf6",1,"depth counts player layers; depth 1 = player move, spawn, evaluator",custom,0,0,none,30186,160608,6644,13,8192,0.0087152500000000008,13900981,0
2026-08-25T06:00:21.189Z,unavailable,Release,N1-fixed,N1,,"N1:ntuple-td-learned:experiments/weights/n5_large_tcbwd_100k.bin:tuples=6+6+6+6+6,active=40,weights=83886080,hash=f78f622c4f01ddf6",1,"depth counts player layers; depth 1 = player move, spawn, evaluator",custom,0,0,none,30187,156820,6486,13,8192,0.0084614579999999998,13900981,0
2026-08-25T06:00:21.189Z,unavailable,Release,N1-fixed,N1,,"N1:ntuple-td-learned:experiments/weights/n5_large_tcbwd_100k.bin:tuples=6+6+6+6+6,active=40,weights=83886080,hash=f78f622c4f01ddf6",1,"depth counts player layers; depth 1 = player move, spawn, evaluator",custom,0,0,none,30188,149132,6302,13,8192,0.0082198329999999993,13900981,0
2026-08-25T06:00:21.189Z,unavailable,Release,N1-fixed,N1,,"N1:ntuple-td-learned:experiments/weights/n5_large_tcbwd_100k.bin:tuples=6+6+6+6+6,active=40,weights=83886080,hash=f78f622c4f01ddf6",1,"depth counts player layers; depth 1 = player move, spawn, evaluator",custom,0,0,none,30189,175328,7331,13,8192,0.0091597080000000008,13900981,0
2026-08-25T06:00:21.189Z,unavailable,Release,N1-fixed,N1,,"N1:ntuple-td-learned:experiments/weights/n5_large_tcbwd_100k.bin:tuples=6+6+6+6+6,active=40,weights=83886080,hash=f78f622c4f01ddf6",1,"depth counts player layers; depth 1 = player move, spawn, evaluator",custom,0,0,none,30190,124080,5137,13,8192,0.0066912079999999997,13900981,0
2026-08-25T06:00:21.189Z,unavailable,Release,N1-fixed,N1,,"N1:ntuple-td-learned:experiments/weights/n5_large_tcbwd_100k.bin:tuples=6+6+6+6+6,active=40,weights=83886080,hash=f78f622c4f01ddf6",1,"depth counts player layers; depth 1 = player move, spawn, evaluator",custom,0,0,none,30191,79372,3668,12,4096,0.0048068750000000004,13900981,0
2026-08-25T06:00:21.189Z,unavailable,Release,N1-fixed,N1,,"N1:ntuple-td-learned:experiments/weights/n5_large_tcbwd_100k.bin:tuples=6+6+6+6+6,active=40,weights=83886080,hash=f78f622c4f01ddf6",1,"depth counts player layers; depth 1 = player move, spawn, evaluator",custom,0,0,none,30192,34988,1798,11,2048,0.0021995000000000001,13900981,0
2026-08-25T06:00:21.189Z,unavailable,Release,N1-fixed,N1,,"N1:ntuple-td-learned:experiments/weights/n5_large_tcbwd_100k.bin:tuples=6+6+6+6+6,active=40,weights=83886080,hash=f78f622c4f01ddf6",1,"depth counts player layers; depth 1 = player move, spawn, evaluator",custom,0,0,none,30193,80540,3746,12,4096,0.004718791,13900981,0
2026-08-25T06:00:21.189Z,unavailable,Release,N1-fixed,N1,,"N1:ntuple-td-learned:experiments/weights/n5_large_tcbwd_100k.bin:tuples=6+6+6+6+6,active=40,weights=83886080,hash=f78f622c4f01ddf6",1,"depth counts player layers; depth 1 = player move, spawn, evaluator",custom,0,0,none,30194,120044,4906,13,8192,0.006466042,13900981,0
2026-08-25T06:00:21.189Z,unavailable,Release,N1-fixed,N1,,"N1:ntuple-td-learned:experiments/weights/n5_large_tcbwd_100k.bin:tuples=6+6+6+6+6,active=40,weights=83886080,hash=f78f622c4f01ddf6",1,"depth counts player layers; depth 1 = player move, spawn, evaluator",custom,0,0,none,30195,157272,6551,13,8192,0.0086187499999999997,13900981,0
2026-08-25T06:00:21.189Z,unavailable,Release,N1-fixed,N1,,"N1:ntuple-td-learned:experiments/weights/n5_large_tcbwd_100k.bin:tuples=6+6+6+6+6,active=40,weights=83886080,hash=f78f622c4f01ddf6",1,"depth counts player layers; depth 1 = player move, spawn, evaluator",custom,0,0,none,30196,125576,5233,13,8192,0.0067116249999999997,13900981,0
2026-08-25T06:00:21.189Z,unavailable,Release,N1-fixed,N1,,"N1:ntuple-td-learned:experiments/weights/n5_large_tcbwd_100k.bin:tuples=6+6+6+6+6,active=40,weights=83886080,hash=f78f622c4f01ddf6",1,"depth counts player layers; depth 1 = player move, spawn, evaluator",custom,0,0,none,30197,87204,4024,12,4096,0.0051114999999999997,13900981,0
2026-08-25T06:00:21.189Z,unavailable,Release,N1-fixed,N1,,"N1:ntuple-td-learned:experiments/weights/n5_large_tcbwd_100k.bin:tuples=6+6+6+6+6,active=40,weights=83886080,hash=f78f622c4f01ddf6",1,"depth counts player layers; depth 1 = player move, spawn, evaluator",custom,0,0,none,30198,132988,5603,13,8192,0.0072898329999999999,13900981,0
2026-08-25T06:00:21.189Z,unavailable,Release,N1-fixed,N1,,"N1:ntuple-td-learned:experiments/weights/n5_large_tcbwd_100k.bin:tuples=6+6+6+6+6,active=40,weights=83886080,hash=f78f622c4f01ddf6",1,"depth counts player layers; depth 1 = player move, spawn, evaluator",custom,0,0,none,30199,175456,7315,13,8192,0.0095840000000000005,13900981,0
2026-08-25T06:00:21.189Z,unavailable,Release,N1-fixed,N1,,"N1:ntuple-td-learned:experiments/weights/n5_large_tcbwd_100k.bin:tuples=6+6+6+6+6,active=40,weights=83886080,hash=f78f622c4f01ddf6",1,"depth counts player layers; depth 1 = player move, spawn, evaluator",custom,0,0,none,30200,133140,5633,13,8192,0.0072234999999999999,13900981,0
2026-08-25T06:00:21.189Z,unavailable,Release,N1-fixed,N1,,"N1:ntuple-td-learned:experiments/weights/n5_large_tcbwd_100k.bin:tuples=6+6+6+6+6,active=40,weights=83886080,hash=f78f622c4f01ddf6",1,"depth counts player layers; depth 1 = player move, spawn, evaluator",custom,0,0,none,30201,142312,5941,13,8192,0.0088249169999999998,13900981,0
2026-08-25T06:00:21.189Z,unavailable,Release,N1-fixed,N1,,"N1:ntuple-td-learned:experiments/weights/n5_large_tcbwd_100k.bin:tuples=6+6+6+6+6,active=40,weights=83886080,hash=f78f622c4f01ddf6",1,"depth counts player layers; depth 1 = player move, spawn, evaluator",custom,0,0,none,30202,123956,5117,13,8192,0.0083828749999999997,13900981,0
2026-08-25T06:00:21.189Z,unavailable,Release,N1-fixed,N1,,"N1:ntuple-td-learned:experiments/weights/n5_large_tcbwd_100k.bin:tuples=6+6+6+6+6,active=40,weights=83886080,hash=f78f622c4f01ddf6",1,"depth counts player layers; depth 1 = player move, spawn, evaluator",custom,0,0,none,30203,121316,4981,13,8192,0.006760584,13900981,0
2026-08-25T06:00:21.189Z,unavailable,Release,N1-fixed,N1,,"N1:ntuple-td-learned:experiments/weights/n5_large_tcbwd_100k.bin:tuples=6+6+6+6+6,active=40,weights=83886080,hash=f78f622c4f01ddf6",1,"depth counts player layers; depth 1 = player move, spawn, evaluator",custom,0,0,none,30204,176600,7417,13,8192,0.010458666,13900981,0
2026-08-25T06:00:21.189Z,unavailable,Release,N1-fixed,N1,,"N1:ntuple-td-learned:experiments/weights/n5_large_tcbwd_100k.bin:tuples=6+6+6+6+6,active=40,weights=83886080,hash=f78f622c4f01ddf6",1,"depth counts player layers; depth 1 = player move, spawn, evaluator",custom,0,0,none,30205,124088,5161,13,8192,0.0067372079999999997,13900981,0
2026-08-25T06:00:21.189Z,unavailable,Release,N1-fixed,N1,,"N1:ntuple-td-learned:experiments/weights/n5_large_tcbwd_100k.bin:tuples=6+6+6+6+6,active=40,weights=83886080,hash=f78f622c4f01ddf6",1,"depth counts player layers; depth 1 = player move, spawn, evaluator",custom,0,0,none,30206,155452,6410,13,8192,0.0095715829999999998,13900981,0
2026-08-25T06:00:21.189Z,unavailable,Release,N1-fixed,N1,,"N1:ntuple-td-learned:experiments/weights/n5_large_tcbwd_100k.bin:tuples=6+6+6+6+6,active=40,weights=83886080,hash=f78f622c4f01ddf6",1,"depth counts player layers; depth 1 = player move, spawn, evaluator",custom,0,0,none,30207,80572,3742,12,4096,0.0060904160000000004,13900981,0
2026-08-25T06:00:21.189Z,unavailable,Release,N1-fixed,N1,,"N1:ntuple-td-learned:experiments/weights/n5_large_tcbwd_100k.bin:tuples=6+6+6+6+6,active=40,weights=83886080,hash=f78f622c4f01ddf6",1,"depth counts player layers; depth 1 = player move, spawn, evaluator",custom,0,0,none,30208,173004,7199,13,8192,0.0092940829999999999,13900981,0
2026-08-25T06:00:21.189Z,unavailable,Release,N1-fixed,N1,,"N1:ntuple-td-learned:experiments/weights/n5_large_tcbwd_100k.bin:tuples=6+6+6+6+6,active=40,weights=83886080,hash=f78f622c4f01ddf6",1,"depth counts player layers; depth 1 = player move, spawn, evaluator",custom,0,0,none,30209,131248,5468,13,8192,0.0078056669999999996,13900981,0
2026-08-25T06:00:21.189Z,unavailable,Release,N1-fixed,N1,,"N1:ntuple-td-learned:experiments/weights/n5_large_tcbwd_100k.bin:tuples=6+6+6+6+6,active=40,weights=83886080,hash=f78f622c4f01ddf6",1,"depth counts player layers; depth 1 = player move, spawn, evaluator",custom,0,0,none,30210,72152,3287,12,4096,0.0044522909999999997,13900981,0
2026-08-25T06:00:21.189Z,unavailable,Release,N1-fixed,N1,,"N1:ntuple-td-learned:experiments/weights/n5_large_tcbwd_100k.bin:tuples=6+6+6+6+6,active=40,weights=83886080,hash=f78f622c4f01ddf6",1,"depth counts player layers; depth 1 = player move, spawn, evaluator",custom,0,0,none,30211,133112,5624,13,8192,0.0071700000000000002,13900981,0
2026-08-25T06:00:21.189Z,unavailable,Release,N1-fixed,N1,,"N1:ntuple-td-learned:experiments/weights/n5_large_tcbwd_100k.bin:tuples=6+6+6+6+6,active=40,weights=83886080,hash=f78f622c4f01ddf6",1,"depth counts player layers; depth 1 = player move, spawn, evaluator",custom,0,0,none,30212,72824,3342,12,4096,0.0040985420000000002,13900981,0
2026-08-25T06:00:21.189Z,unavailable,Release,N1-fixed,N1,,"N1:ntuple-td-learned:experiments/weights/n5_large_tcbwd_100k.bin:tuples=6+6+6+6+6,active=40,weights=83886080,hash=f78f622c4f01ddf6",1,"depth counts player layers; depth 1 = player move, spawn, evaluator",custom,0,0,none,30213,156456,6465,13,8192,0.0081121660000000005,13900981,0
2026-08-25T06:00:21.189Z,unavailable,Release,N1-fixed,N1,,"N1:ntuple-td-learned:experiments/weights/n5_large_tcbwd_100k.bin:tuples=6+6+6+6+6,active=40,weights=83886080,hash=f78f622c4f01ddf6",1,"depth counts player layers; depth 1 = player move, spawn, evaluator",custom,0,0,none,30214,69440,3263,12,4096,0.0043597920000000004,13900981,0
2026-08-25T06:00:21.189Z,unavailable,Release,N1-fixed,N1,,"N1:ntuple-td-learned:experiments/weights/n5_large_tcbwd_100k.bin:tuples=6+6+6+6+6,active=40,weights=83886080,hash=f78f622c4f01ddf6",1,"depth counts player layers; depth 1 = player move, spawn, evaluator",custom,0,0,none,30215,38072,2009,11,2048,0.0025457499999999998,13900981,0
2026-08-25T06:00:21.189Z,unavailable,Release,N1-fixed,N1,,"N1:ntuple-td-learned:experiments/weights/n5_large_tcbwd_100k.bin:tuples=6+6+6+6+6,active=40,weights=83886080,hash=f78f622c4f01ddf6",1,"depth counts player layers; depth 1 = player move, spawn, evaluator",custom,0,0,none,30216,156540,6490,13,8192,0.0081357080000000002,13900981,0
2026-08-25T06:00:21.189Z,unavailable,Release,N1-fixed,N1,,"N1:ntuple-td-learned:experiments/weights/n5_large_tcbwd_100k.bin:tuples=6+6+6+6+6,active=40,weights=83886080,hash=f78f622c4f01ddf6",1,"depth counts player layers; depth 1 = player move, spawn, evaluator",custom,0,0,none,30217,261528,9989,14,16384,0.013107957999999999,13900981,0
2026-08-25T06:00:21.189Z,unavailable,Release,N1-fixed,N1,,"N1:ntuple-td-learned:experiments/weights/n5_large_tcbwd_100k.bin:tuples=6+6+6+6+6,active=40,weights=83886080,hash=f78f622c4f01ddf6",1,"depth counts player layers; depth 1 = player move, spawn, evaluator",custom,0,0,none,30218,192144,7906,13,8192,0.0096919169999999995,13900981,0
2026-08-25T06:00:21.189Z,unavailable,Release,N1-fixed,N1,,"N1:ntuple-td-learned:experiments/weights/n5_large_tcbwd_100k.bin:tuples=6+6+6+6+6,active=40,weights=83886080,hash=f78f622c4f01ddf6",1,"depth counts player layers; depth 1 = player move, spawn, evaluator",custom,0,0,none,30219,80340,3701,12,4096,0.0045025409999999997,13900981,0
2026-08-25T06:00:21.189Z,unavailable,Release,N1-fixed,N1,,"N1:ntuple-td-learned:experiments/weights/n5_large_tcbwd_100k.bin:tuples=6+6+6+6+6,active=40,weights=83886080,hash=f78f622c4f01ddf6",1,"depth counts player layers; depth 1 = player move, spawn, evaluator",custom,0,0,none,30220,79032,3656,12,4096,0.0044005420000000003,13900981,0
2026-08-25T06:00:21.189Z,unavailable,Release,N1-fixed,N1,,"N1:ntuple-td-learned:experiments/weights/n5_large_tcbwd_100k.bin:tuples=6+6+6+6+6,active=40,weights=83886080,hash=f78f622c4f01ddf6",1,"depth counts player layers; depth 1 = player move, spawn, evaluator",custom,0,0,none,30221,45196,2328,11,2048,0.002901041,13900981,0
2026-08-25T06:00:21.189Z,unavailable,Release,N1-fixed,N1,,"N1:ntuple-td-learned:experiments/weights/n5_large_tcbwd_100k.bin:tuples=6+6+6+6+6,active=40,weights=83886080,hash=f78f622c4f01ddf6",1,"depth counts player layers; depth 1 = player move, spawn, evaluator",custom,0,0,none,30222,162976,6692,13,8192,0.0083631669999999995,13900981,0
2026-08-25T06:00:21.189Z,unavailable,Release,N1-fixed,N1,,"N1:ntuple-td-learned:experiments/weights/n5_large_tcbwd_100k.bin:tuples=6+6+6+6+6,active=40,weights=83886080,hash=f78f622c4f01ddf6",1,"depth counts player layers; depth 1 = player move, spawn, evaluator",custom,0,0,none,30223,175680,7358,13,8192,0.0089979159999999999,13900981,0
2026-08-25T06:00:21.189Z,unavailable,Release,N1-fixed,N1,,"N1:ntuple-td-learned:experiments/weights/n5_large_tcbwd_100k.bin:tuples=6+6+6+6+6,active=40,weights=83886080,hash=f78f622c4f01ddf6",1,"depth counts player layers; depth 1 = player move, spawn, evaluator",custom,0,0,none,30224,165000,6789,13,8192,0.0093601250000000004,13900981,0
2026-08-25T06:00:21.189Z,unavailable,Release,N1-fixed,N1,,"N1:ntuple-td-learned:experiments/weights/n5_large_tcbwd_100k.bin:tuples=6+6+6+6+6,active=40,weights=83886080,hash=f78f622c4f01ddf6",1,"depth counts player layers; depth 1 = player move, spawn, evaluator",custom,0,0,none,30225,132928,5596,13,8192,0.0073764160000000002,13900981,0
2026-08-25T06:00:21.189Z,unavailable,Release,N1-fixed,N1,,"N1:ntuple-td-learned:experiments/weights/n5_large_tcbwd_100k.bin:tuples=6+6+6+6+6,active=40,weights=83886080,hash=f78f622c4f01ddf6",1,"depth counts player layers; depth 1 = player move, spawn, evaluator",custom,0,0,none,30226,171168,7064,13,8192,0.0091232919999999999,13900981,0
2026-08-25T06:00:21.189Z,unavailable,Release,N1-fixed,N1,,"N1:ntuple-td-learned:experiments/weights/n5_large_tcbwd_100k.bin:tuples=6+6+6+6+6,active=40,weights=83886080,hash=f78f622c4f01ddf6",1,"depth counts player layers; depth 1 = player move, spawn, evaluator",custom,0,0,none,30227,132576,5575,13,8192,0.0070544589999999999,13900981,0
2026-08-25T06:00:21.189Z,unavailable,Release,N1-fixed,N1,,"N1:ntuple-td-learned:experiments/weights/n5_large_tcbwd_100k.bin:tuples=6+6+6+6+6,active=40,weights=83886080,hash=f78f622c4f01ddf6",1,"depth counts player layers; depth 1 = player move, spawn, evaluator",custom,0,0,none,30228,80908,3777,12,4096,0.0048659999999999997,13900981,0
2026-08-25T06:00:21.189Z,unavailable,Release,N1-fixed,N1,,"N1:ntuple-td-learned:experiments/weights/n5_large_tcbwd_100k.bin:tuples=6+6+6+6+6,active=40,weights=83886080,hash=f78f622c4f01ddf6",1,"depth counts player layers; depth 1 = player move, spawn, evaluator",custom,0,0,none,30229,141128,5964,13,8192,0.0075986659999999996,13900981,0
2026-08-25T06:00:21.189Z,unavailable,Release,N1-fixed,N1,,"N1:ntuple-td-learned:experiments/weights/n5_large_tcbwd_100k.bin:tuples=6+6+6+6+6,active=40,weights=83886080,hash=f78f622c4f01ddf6",1,"depth counts player layers; depth 1 = player move, spawn, evaluator",custom,0,0,none,30230,175516,7347,13,8192,0.0095972090000000006,13900981,0
2026-08-25T06:00:21.189Z,unavailable,Release,N1-fixed,N1,,"N1:ntuple-td-learned:experiments/weights/n5_large_tcbwd_100k.bin:tuples=6+6+6+6+6,active=40,weights=83886080,hash=f78f622c4f01ddf6",1,"depth counts player layers; depth 1 = player move, spawn, evaluator",custom,0,0,none,30231,173032,7191,13,8192,0.0092579580000000002,13900981,0
2026-08-25T06:00:21.189Z,unavailable,Release,N1-fixed,N1,,"N1:ntuple-td-learned:experiments/weights/n5_large_tcbwd_100k.bin:tuples=6+6+6+6+6,active=40,weights=83886080,hash=f78f622c4f01ddf6",1,"depth counts player layers; depth 1 = player move, spawn, evaluator",custom,0,0,none,30232,76544,3503,12,4096,0.0045894170000000001,13900981,0
2026-08-25T06:00:21.189Z,unavailable,Release,N1-fixed,N1,,"N1:ntuple-td-learned:experiments/weights/n5_large_tcbwd_100k.bin:tuples=6+6+6+6+6,active=40,weights=83886080,hash=f78f622c4f01ddf6",1,"depth counts player layers; depth 1 = player move, spawn, evaluator",custom,0,0,none,30233,161388,6535,13,8192,0.0082086659999999999,13900981,0
2026-08-25T06:00:21.189Z,unavailable,Release,N1-fixed,N1,,"N1:ntuple-td-learned:experiments/weights/n5_large_tcbwd_100k.bin:tuples=6+6+6+6+6,active=40,weights=83886080,hash=f78f622c4f01ddf6",1,"depth counts player layers; depth 1 = player move, spawn, evaluator",custom,0,0,none,30234,200816,8364,13,8192,0.010750124999999999,13900981,0
2026-08-25T06:00:21.189Z,unavailable,Release,N1-fixed,N1,,"N1:ntuple-td-learned:experiments/weights/n5_large_tcbwd_100k.bin:tuples=6+6+6+6+6,active=40,weights=83886080,hash=f78f622c4f01ddf6",1,"depth counts player layers; depth 1 = player move, spawn, evaluator",custom,0,0,none,30235,153220,6283,13,8192,0.0081622919999999998,13900981,0
2026-08-25T06:00:21.189Z,unavailable,Release,N1-fixed,N1,,"N1:ntuple-td-learned:experiments/weights/n5_large_tcbwd_100k.bin:tuples=6+6+6+6+6,active=40,weights=83886080,hash=f78f622c4f01ddf6",1,"depth counts player layers; depth 1 = player move, spawn, evaluator",custom,0,0,none,30236,71560,3292,12,4096,0.0043050409999999999,13900981,0
2026-08-25T06:00:21.189Z,unavailable,Release,N1-fixed,N1,,"N1:ntuple-td-learned:experiments/weights/n5_large_tcbwd_100k.bin:tuples=6+6+6+6+6,active=40,weights=83886080,hash=f78f622c4f01ddf6",1,"depth counts player layers; depth 1 = player move, spawn, evaluator",custom,0,0,none,30237,128756,5312,13,8192,0.0070151249999999997,13900981,0
2026-08-25T06:00:21.189Z,unavailable,Release,N1-fixed,N1,,"N1:ntuple-td-learned:experiments/weights/n5_large_tcbwd_100k.bin:tuples=6+6+6+6+6,active=40,weights=83886080,hash=f78f622c4f01ddf6",1,"depth counts player layers; depth 1 = player move, spawn, evaluator",custom,0,0,none,30238,147576,6029,13,8192,0.0073592919999999999,13900981,0
2026-08-25T06:00:21.189Z,unavailable,Release,N1-fixed,N1,,"N1:ntuple-td-learned:experiments/weights/n5_large_tcbwd_100k.bin:tuples=6+6+6+6+6,active=40,weights=83886080,hash=f78f622c4f01ddf6",1,"depth counts player layers; depth 1 = player move, spawn, evaluator",custom,0,0,none,30239,85336,3971,12,4096,0.0050466670000000003,13900981,0
2026-08-25T06:00:21.189Z,unavailable,Release,N1-fixed,N1,,"N1:ntuple-td-learned:experiments/weights/n5_large_tcbwd_100k.bin:tuples=6+6+6+6+6,active=40,weights=83886080,hash=f78f622c4f01ddf6",1,"depth counts player layers; depth 1 = player move, spawn, evaluator",custom,0,0,none,30240,80484,3732,12,4096,0.0050330829999999998,13900981,0
2026-08-25T06:00:21.189Z,unavailable,Release,N1-fixed,N1,,"N1:ntuple-td-learned:experiments/weights/n5_large_tcbwd_100k.bin:tuples=6+6+6+6+6,active=40,weights=83886080,hash=f78f622c4f01ddf6",1,"depth counts player layers; depth 1 = player move, spawn, evaluator",custom,0,0,none,30241,192616,7941,13,8192,0.010621125,13900981,0
2026-08-25T06:00:21.189Z,unavailable,Release,N1-fixed,N1,,"N1:ntuple-td-learned:experiments/weights/n5_large_tcbwd_100k.bin:tuples=6+6+6+6+6,active=40,weights=83886080,hash=f78f622c4f01ddf6",1,"depth counts player layers; depth 1 = player move, spawn, evaluator",custom,0,0,none,30242,120028,4903,13,8192,0.006336459,13900981,0
2026-08-25T06:00:21.189Z,unavailable,Release,N1-fixed,N1,,"N1:ntuple-td-learned:experiments/weights/n5_large_tcbwd_100k.bin:tuples=6+6+6+6+6,active=40,weights=83886080,hash=f78f622c4f01ddf6",1,"depth counts player layers; depth 1 = player move, spawn, evaluator",custom,0,0,none,30243,236316,8839,14,16384,0.011266916,13900981,0
2026-08-25T06:00:21.189Z,unavailable,Release,N1-fixed,N1,,"N1:ntuple-td-learned:experiments/weights/n5_large_tcbwd_100k.bin:tuples=6+6+6+6+6,active=40,weights=83886080,hash=f78f622c4f01ddf6",1,"depth counts player layers; depth 1 = player move, spawn, evaluator",custom,0,0,none,30244,286456,10941,14,16384,0.013991125,13900981,0
2026-08-25T06:00:21.189Z,unavailable,Release,N1-fixed,N1,,"N1:ntuple-td-learned:experiments/weights/n5_large_tcbwd_100k.bin:tuples=6+6+6+6+6,active=40,weights=83886080,hash=f78f622c4f01ddf6",1,"depth counts player layers; depth 1 = player move, spawn, evaluator",custom,0,0,none,30245,78536,3604,12,4096,0.004734083,13900981,0
2026-08-25T06:00:21.189Z,unavailable,Release,N1-fixed,N1,,"N1:ntuple-td-learned:experiments/weights/n5_large_tcbwd_100k.bin:tuples=6+6+6+6+6,active=40,weights=83886080,hash=f78f622c4f01ddf6",1,"depth counts player layers; depth 1 = player move, spawn, evaluator",custom,0,0,none,30246,173992,7259,13,8192,0.0094038750000000008,13900981,0
2026-08-25T06:00:21.189Z,unavailable,Release,N1-fixed,N1,,"N1:ntuple-td-learned:experiments/weights/n5_large_tcbwd_100k.bin:tuples=6+6+6+6+6,active=40,weights=83886080,hash=f78f622c4f01ddf6",1,"depth counts player layers; depth 1 = player move, spawn, evaluator",custom,0,0,none,30247,168000,6928,13,8192,0.0090226660000000004,13900981,0
2026-08-25T06:00:21.189Z,unavailable,Release,N1-fixed,N1,,"N1:ntuple-td-learned:experiments/weights/n5_large_tcbwd_100k.bin:tuples=6+6+6+6+6,active=40,weights=83886080,hash=f78f622c4f01ddf6",1,"depth counts player layers; depth 1 = player move, spawn, evaluator",custom,0,0,none,30248,176424,7375,13,8192,0.0094544999999999994,13900981,0
2026-08-25T06:00:21.189Z,unavailable,Release,N1-fixed,N1,,"N1:ntuple-td-learned:experiments/weights/n5_large_tcbwd_100k.bin:tuples=6+6+6+6+6,active=40,weights=83886080,hash=f78f622c4f01ddf6",1,"depth counts player layers; depth 1 = player move, spawn, evaluator",custom,0,0,none,30249,32284,1656,11,2048,0.0021630830000000001,13900981,0
2026-08-25T06:00:21.189Z,unavailable,Release,N1-fixed,N1,,"N1:ntuple-td-learned:experiments/weights/n5_large_tcbwd_100k.bin:tuples=6+6+6+6+6,active=40,weights=83886080,hash=f78f622c4f01ddf6",1,"depth counts player layers; depth 1 = player move, spawn, evaluator",custom,0,0,none,30250,132972,5593,13,8192,0.0070072090000000004,13900981,0
2026-08-25T06:00:21.189Z,unavailable,Release,N1-fixed,N1,,"N1:ntuple-td-learned:experiments/weights/n5_large_tcbwd_100k.bin:tuples=6+6+6+6+6,active=40,weights=83886080,hash=f78f622c4f01ddf6",1,"depth counts player layers; depth 1 = player move, spawn, evaluator",custom,0,0,none,30251,172016,7126,13,8192,0.010774957999999999,13900981,0
2026-08-25T06:00:21.189Z,unavailable,Release,N1-fixed,N1,,"N1:ntuple-td-learned:experiments/weights/n5_large_tcbwd_100k.bin:tuples=6+6+6+6+6,active=40,weights=83886080,hash=f78f622c4f01ddf6",1,"depth counts player layers; depth 1 = player move, spawn, evaluator",custom,0,0,none,30252,80268,3716,12,4096,0.0070767909999999998,13900981,0
2026-08-25T06:00:21.189Z,unavailable,Release,N1-fixed,N1,,"N1:ntuple-td-learned:experiments/weights/n5_large_tcbwd_100k.bin:tuples=6+6+6+6+6,active=40,weights=83886080,hash=f78f622c4f01ddf6",1,"depth counts player layers; depth 1 = player move, spawn, evaluator",custom,0,0,none,30253,168428,7017,13,8192,0.012265165999999999,13900981,0
2026-08-25T06:00:21.189Z,unavailable,Release,N1-fixed,N1,,"N1:ntuple-td-learned:experiments/weights/n5_large_tcbwd_100k.bin:tuples=6+6+6+6+6,active=40,weights=83886080,hash=f78f622c4f01ddf6",1,"depth counts player layers; depth 1 = player move, spawn, evaluator",custom,0,0,none,30254,147368,5983,13,8192,0.0089267500000000007,13900981,0
2026-08-25T06:00:21.189Z,unavailable,Release,N1-fixed,N1,,"N1:ntuple-td-learned:experiments/weights/n5_large_tcbwd_100k.bin:tuples=6+6+6+6+6,active=40,weights=83886080,hash=f78f622c4f01ddf6",1,"depth counts player layers; depth 1 = player move, spawn, evaluator",custom,0,0,none,30255,164172,6735,13,8192,0.0093044579999999998,13900981,0
2026-08-25T06:00:21.189Z,unavailable,Release,N1-fixed,N1,,"N1:ntuple-td-learned:experiments/weights/n5_large_tcbwd_100k.bin:tuples=6+6+6+6+6,active=40,weights=83886080,hash=f78f622c4f01ddf6",1,"depth counts player layers; depth 1 = player move, spawn, evaluator",custom,0,0,none,30256,174480,7252,13,8192,0.009559583,13900981,0
2026-08-25T06:00:21.189Z,unavailable,Release,N1-fixed,N1,,"N1:ntuple-td-learned:experiments/weights/n5_large_tcbwd_100k.bin:tuples=6+6+6+6+6,active=40,weights=83886080,hash=f78f622c4f01ddf6",1,"depth counts player layers; depth 1 = player move, spawn, evaluator",custom,0,0,none,30257,266644,10038,14,16384,0.013332666999999999,13900981,0
2026-08-25T06:00:21.189Z,unavailable,Release,N1-fixed,N1,,"N1:ntuple-td-learned:experiments/weights/n5_large_tcbwd_100k.bin:tuples=6+6+6+6+6,active=40,weights=83886080,hash=f78f622c4f01ddf6",1,"depth counts player layers; depth 1 = player move, spawn, evaluator",custom,0,0,none,30258,173336,7237,13,8192,0.0094390840000000004,13900981,0
2026-08-25T06:00:21.189Z,unavailable,Release,N1-fixed,N1,,"N1:ntuple-td-learned:experiments/weights/n5_large_tcbwd_100k.bin:tuples=6+6+6+6+6,active=40,weights=83886080,hash=f78f622c4f01ddf6",1,"depth counts player layers; depth 1 = player move, spawn, evaluator",custom,0,0,none,30259,132864,5563,13,8192,0.0072795409999999996,13900981,0
2026-08-25T06:00:21.189Z,unavailable,Release,N1-fixed,N1,,"N1:ntuple-td-learned:experiments/weights/n5_large_tcbwd_100k.bin:tuples=6+6+6+6+6,active=40,weights=83886080,hash=f78f622c4f01ddf6",1,"depth counts player layers; depth 1 = player move, spawn, evaluator",custom,0,0,none,30260,113032,4698,13,8192,0.0060620409999999998,13900981,0
2026-08-25T06:00:21.189Z,unavailable,Release,N1-fixed,N1,,"N1:ntuple-td-learned:experiments/weights/n5_large_tcbwd_100k.bin:tuples=6+6+6+6+6,active=40,weights=83886080,hash=f78f622c4f01ddf6",1,"depth counts player layers; depth 1 = player move, spawn, evaluator",custom,0,0,none,30261,270276,10237,14,16384,0.01308425,13900981,0
2026-08-25T06:00:21.189Z,unavailable,Release,N1-fixed,N1,,"N1:ntuple-td-learned:experiments/weights/n5_large_tcbwd_100k.bin:tuples=6+6+6+6+6,active=40,weights=83886080,hash=f78f622c4f01ddf6",1,"depth counts player layers; depth 1 = player move, spawn, evaluator",custom,0,0,none,30262,108636,4403,13,8192,0.005689375,13900981,0
2026-08-25T06:00:21.189Z,unavailable,Release,N1-fixed,N1,,"N1:ntuple-td-learned:experiments/weights/n5_large_tcbwd_100k.bin:tuples=6+6+6+6+6,active=40,weights=83886080,hash=f78f622c4f01ddf6",1,"depth counts player layers; depth 1 = player move, spawn, evaluator",custom,0,0,none,30263,60384,2804,12,4096,0.0035452499999999998,13900981,0
2026-08-25T06:00:21.189Z,unavailable,Release,N1-fixed,N1,,"N1:ntuple-td-learned:experiments/weights/n5_large_tcbwd_100k.bin:tuples=6+6+6+6+6,active=40,weights=83886080,hash=f78f622c4f01ddf6",1,"depth counts player layers; depth 1 = player move, spawn, evaluator",custom,0,0,none,30264,172824,7184,13,8192,0.0092486670000000003,13900981,0
2026-08-25T06:00:21.189Z,unavailable,Release,N1-fixed,N1,,"N1:ntuple-td-learned:experiments/weights/n5_large_tcbwd_100k.bin:tuples=6+6+6+6+6,active=40,weights=83886080,hash=f78f622c4f01ddf6",1,"depth counts player layers; depth 1 = player move, spawn, evaluator",custom,0,0,none,30265,61120,2879,12,4096,0.0038558749999999999,13900981,0
2026-08-25T06:00:21.189Z,unavailable,Release,N1-fixed,N1,,"N1:ntuple-td-learned:experiments/weights/n5_large_tcbwd_100k.bin:tuples=6+6+6+6+6,active=40,weights=83886080,hash=f78f622c4f01ddf6",1,"depth counts player layers; depth 1 = player move, spawn, evaluator",custom,0,0,none,30266,59396,2749,12,4096,0.0035460000000000001,13900981,0
2026-08-25T06:00:21.189Z,unavailable,Release,N1-fixed,N1,,"N1:ntuple-td-learned:experiments/weights/n5_large_tcbwd_100k.bin:tuples=6+6+6+6+6,active=40,weights=83886080,hash=f78f622c4f01ddf6",1,"depth counts player layers; depth 1 = player move, spawn, evaluator",custom,0,0,none,30267,128248,5327,13,8192,0.0067768330000000003,13900981,0
2026-08-25T06:00:21.189Z,unavailable,Release,N1-fixed,N1,,"N1:ntuple-td-learned:experiments/weights/n5_large_tcbwd_100k.bin:tuples=6+6+6+6+6,active=40,weights=83886080,hash=f78f622c4f01ddf6",1,"depth counts player layers; depth 1 = player move, spawn, evaluator",custom,0,0,none,30268,167016,6921,13,8192,0.0090390839999999993,13900981,0
2026-08-25T06:00:21.189Z,unavailable,Release,N1-fixed,N1,,"N1:ntuple-td-learned:experiments/weights/n5_large_tcbwd_100k.bin:tuples=6+6+6+6+6,active=40,weights=83886080,hash=f78f622c4f01ddf6",1,"depth counts player layers; depth 1 = player move, spawn, evaluator",custom,0,0,none,30269,177044,7412,13,8192,0.011659332999999999,13900981,0
2026-08-25T06:00:21.189Z,unavailable,Release,N1-fixed,N1,,"N1:ntuple-td-learned:experiments/weights/n5_large_tcbwd_100k.bin:tuples=6+6+6+6+6,active=40,weights=83886080,hash=f78f622c4f01ddf6",1,"depth counts player layers; depth 1 = player move, spawn, evaluator",custom,0,0,none,30270,238780,8955,14,16384,0.011791833999999999,13900981,0
2026-08-25T06:00:21.189Z,unavailable,Release,N1-fixed,N1,,"N1:ntuple-td-learned:experiments/weights/n5_large_tcbwd_100k.bin:tuples=6+6+6+6+6,active=40,weights=83886080,hash=f78f622c4f01ddf6",1,"depth counts player layers; depth 1 = player move, spawn, evaluator",custom,0,0,none,30271,133248,5641,13,8192,0.0080232080000000004,13900981,0
2026-08-25T06:00:21.189Z,unavailable,Release,N1-fixed,N1,,"N1:ntuple-td-learned:experiments/weights/n5_large_tcbwd_100k.bin:tuples=6+6+6+6+6,active=40,weights=83886080,hash=f78f622c4f01ddf6",1,"depth counts player layers; depth 1 = player move, spawn, evaluator",custom,0,0,none,30272,167996,6976,13,8192,0.010001625,13900981,0
2026-08-25T06:00:21.189Z,unavailable,Release,N1-fixed,N1,,"N1:ntuple-td-learned:experiments/weights/n5_large_tcbwd_100k.bin:tuples=6+6+6+6+6,active=40,weights=83886080,hash=f78f622c4f01ddf6",1,"depth counts player layers; depth 1 = player move, spawn, evaluator",custom,0,0,none,30273,80644,3760,12,4096,0.0056455000000000003,13900981,0
2026-08-25T06:00:21.189Z,unavailable,Release,N1-fixed,N1,,"N1:ntuple-td-learned:experiments/weights/n5_large_tcbwd_100k.bin:tuples=6+6+6+6+6,active=40,weights=83886080,hash=f78f622c4f01ddf6",1,"depth counts player layers; depth 1 = player move, spawn, evaluator",custom,0,0,none,30274,171444,7081,13,8192,0.0092472500000000003,13900981,0
2026-08-25T06:00:21.189Z,unavailable,Release,N1-fixed,N1,,"N1:ntuple-td-learned:experiments/weights/n5_large_tcbwd_100k.bin:tuples=6+6+6+6+6,active=40,weights=83886080,hash=f78f622c4f01ddf6",1,"depth counts player layers; depth 1 = player move, spawn, evaluator",custom,0,0,none,30275,175620,7364,13,8192,0.0092058339999999995,13900981,0
2026-08-25T06:00:21.189Z,unavailable,Release,N1-fixed,N1,,"N1:ntuple-td-learned:experiments/weights/n5_large_tcbwd_100k.bin:tuples=6+6+6+6+6,active=40,weights=83886080,hash=f78f622c4f01ddf6",1,"depth counts player layers; depth 1 = player move, spawn, evaluator",custom,0,0,none,30276,66540,2973,12,4096,0.0038929580000000002,13900981,0
2026-08-25T06:00:21.189Z,unavailable,Release,N1-fixed,N1,,"N1:ntuple-td-learned:experiments/weights/n5_large_tcbwd_100k.bin:tuples=6+6+6+6+6,active=40,weights=83886080,hash=f78f622c4f01ddf6",1,"depth counts player layers; depth 1 = player move, spawn, evaluator",custom,0,0,none,30277,166184,6843,13,8192,0.0084031669999999996,13900981,0
2026-08-25T06:00:21.189Z,unavailable,Release,N1-fixed,N1,,"N1:ntuple-td-learned:experiments/weights/n5_large_tcbwd_100k.bin:tuples=6+6+6+6+6,active=40,weights=83886080,hash=f78f622c4f01ddf6",1,"depth counts player layers; depth 1 = player move, spawn, evaluator",custom,0,0,none,30278,153368,6329,13,8192,0.0077108330000000003,13900981,0
2026-08-25T06:00:21.189Z,unavailable,Release,N1-fixed,N1,,"N1:ntuple-td-learned:experiments/weights/n5_large_tcbwd_100k.bin:tuples=6+6+6+6+6,active=40,weights=83886080,hash=f78f622c4f01ddf6",1,"depth counts player layers; depth 1 = player move, spawn, evaluator",custom,0,0,none,30279,193748,7962,13,8192,0.0098641249999999996,13900981,0
2026-08-25T06:00:21.189Z,unavailable,Release,N1-fixed,N1,,"N1:ntuple-td-learned:experiments/weights/n5_large_tcbwd_100k.bin:tuples=6+6+6+6+6,active=40,weights=83886080,hash=f78f622c4f01ddf6",1,"depth counts player layers; depth 1 = player move, spawn, evaluator",custom,0,0,none,30280,245384,9271,14,16384,0.011530083999999999,13900981,0
2026-08-25T06:00:21.189Z,unavailable,Release,N1-fixed,N1,,"N1:ntuple-td-learned:experiments/weights/n5_large_tcbwd_100k.bin:tuples=6+6+6+6+6,active=40,weights=83886080,hash=f78f622c4f01ddf6",1,"depth counts player layers; depth 1 = player move, spawn, evaluator",custom,0,0,none,30281,120476,4947,13,8192,0.006201542,13900981,0
2026-08-25T06:00:21.189Z,unavailable,Release,N1-fixed,N1,,"N1:ntuple-td-learned:experiments/weights/n5_large_tcbwd_100k.bin:tuples=6+6+6+6+6,active=40,weights=83886080,hash=f78f622c4f01ddf6",1,"depth counts player layers; depth 1 = player move, spawn, evaluator",custom,0,0,none,30282,152608,6471,13,8192,0.0080148330000000007,13900981,0
2026-08-25T06:00:21.189Z,unavailable,Release,N1-fixed,N1,,"N1:ntuple-td-learned:experiments/weights/n5_large_tcbwd_100k.bin:tuples=6+6+6+6+6,active=40,weights=83886080,hash=f78f622c4f01ddf6",1,"depth counts player layers; depth 1 = player move, spawn, evaluator",custom,0,0,none,30283,80496,3749,12,4096,0.004882417,13900981,0
2026-08-25T06:00:21.189Z,unavailable,Release,N1-fixed,N1,,"N1:ntuple-td-learned:experiments/weights/n5_large_tcbwd_100k.bin:tuples=6+6+6+6+6,active=40,weights=83886080,hash=f78f622c4f01ddf6",1,"depth counts player layers; depth 1 = player move, spawn, evaluator",custom,0,0,none,30284,175452,7319,13,8192,0.0092539579999999996,13900981,0
2026-08-25T06:00:21.189Z,unavailable,Release,N1-fixed,N1,,"N1:ntuple-td-learned:experiments/weights/n5_large_tcbwd_100k.bin:tuples=6+6+6+6+6,active=40,weights=83886080,hash=f78f622c4f01ddf6",1,"depth counts player layers; depth 1 = player move, spawn, evaluator",custom,0,0,none,30285,133008,5586,13,8192,0.0073241249999999999,13900981,0
2026-08-25T06:00:21.189Z,unavailable,Release,N1-fixed,N1,,"N1:ntuple-td-learned:experiments/weights/n5_large_tcbwd_100k.bin:tuples=6+6+6+6+6,active=40,weights=83886080,hash=f78f622c4f01ddf6",1,"depth counts player layers; depth 1 = player move, spawn, evaluator",custom,0,0,none,30286,114220,4768,13,8192,0.0067038330000000002,13900981,0
2026-08-25T06:00:21.189Z,unavailable,Release,N1-fixed,N1,,"N1:ntuple-td-learned:experiments/weights/n5_large_tcbwd_100k.bin:tuples=6+6+6+6+6,active=40,weights=83886080,hash=f78f622c4f01ddf6",1,"depth counts player layers; depth 1 = player move, spawn, evaluator",custom,0,0,none,30287,222200,8155,14,16384,0.010516375,13900981,0
2026-08-25T06:00:21.189Z,unavailable,Release,N1-fixed,N1,,"N1:ntuple-td-learned:experiments/weights/n5_large_tcbwd_100k.bin:tuples=6+6+6+6+6,active=40,weights=83886080,hash=f78f622c4f01ddf6",1,"depth counts player layers; depth 1 = player move, spawn, evaluator",custom,0,0,none,30288,177364,7475,13,8192,0.0094294579999999999,13900981,0
2026-08-25T06:00:21.189Z,unavailable,Release,N1-fixed,N1,,"N1:ntuple-td-learned:experiments/weights/n5_large_tcbwd_100k.bin:tuples=6+6+6+6+6,active=40,weights=83886080,hash=f78f622c4f01ddf6",1,"depth counts player layers; depth 1 = player move, spawn, evaluator",custom,0,0,none,30289,38508,1993,11,2048,0.002688125,13900981,0
2026-08-25T06:00:21.189Z,unavailable,Release,N1-fixed,N1,,"N1:ntuple-td-learned:experiments/weights/n5_large_tcbwd_100k.bin:tuples=6+6+6+6+6,active=40,weights=83886080,hash=f78f622c4f01ddf6",1,"depth counts player layers; depth 1 = player move, spawn, evaluator",custom,0,0,none,30290,226056,8398,14,16384,0.010845250000000001,13900981,0
2026-08-25T06:00:21.189Z,unavailable,Release,N1-fixed,N1,,"N1:ntuple-td-learned:experiments/weights/n5_large_tcbwd_100k.bin:tuples=6+6+6+6+6,active=40,weights=83886080,hash=f78f622c4f01ddf6",1,"depth counts player layers; depth 1 = player move, spawn, evaluator",custom,0,0,none,30291,158972,6636,13,8192,0.0087022499999999999,13900981,0
2026-08-25T06:00:21.189Z,unavailable,Release,N1-fixed,N1,,"N1:ntuple-td-learned:experiments/weights/n5_large_tcbwd_100k.bin:tuples=6+6+6+6+6,active=40,weights=83886080,hash=f78f622c4f01ddf6",1,"depth counts player layers; depth 1 = player move, spawn, evaluator",custom,0,0,none,30292,103764,4207,13,8192,0.005555417,13900981,0
2026-08-25T06:00:21.189Z,unavailable,Release,N1-fixed,N1,,"N1:ntuple-td-learned:experiments/weights/n5_large_tcbwd_100k.bin:tuples=6+6+6+6+6,active=40,weights=83886080,hash=f78f622c4f01ddf6",1,"depth counts player layers; depth 1 = player move, spawn, evaluator",custom,0,0,none,30293,80276,3689,12,4096,0.004755792,13900981,0
2026-08-25T06:00:21.189Z,unavailable,Release,N1-fixed,N1,,"N1:ntuple-td-learned:experiments/weights/n5_large_tcbwd_100k.bin:tuples=6+6+6+6+6,active=40,weights=83886080,hash=f78f622c4f01ddf6",1,"depth counts player layers; depth 1 = player move, spawn, evaluator",custom,0,0,none,30294,156372,6495,13,8192,0.0082522499999999992,13900981,0
2026-08-25T06:00:21.189Z,unavailable,Release,N1-fixed,N1,,"N1:ntuple-td-learned:experiments/weights/n5_large_tcbwd_100k.bin:tuples=6+6+6+6+6,active=40,weights=83886080,hash=f78f622c4f01ddf6",1,"depth counts player layers; depth 1 = player move, spawn, evaluator",custom,0,0,none,30295,79864,3702,12,4096,0.0046472079999999999,13900981,0
2026-08-25T06:00:21.189Z,unavailable,Release,N1-fixed,N1,,"N1:ntuple-td-learned:experiments/weights/n5_large_tcbwd_100k.bin:tuples=6+6+6+6+6,active=40,weights=83886080,hash=f78f622c4f01ddf6",1,"depth counts player layers; depth 1 = player move, spawn, evaluator",custom,0,0,none,30296,157452,6563,13,8192,0.008045333,13900981,0
2026-08-25T06:00:21.189Z,unavailable,Release,N1-fixed,N1,,"N1:ntuple-td-learned:experiments/weights/n5_large_tcbwd_100k.bin:tuples=6+6+6+6+6,active=40,weights=83886080,hash=f78f622c4f01ddf6",1,"depth counts player layers; depth 1 = player move, spawn, evaluator",custom,0,0,none,30297,80476,3734,12,4096,0.0046196249999999996,13900981,0
2026-08-25T06:00:21.189Z,unavailable,Release,N1-fixed,N1,,"N1:ntuple-td-learned:experiments/weights/n5_large_tcbwd_100k.bin:tuples=6+6+6+6+6,active=40,weights=83886080,hash=f78f622c4f01ddf6",1,"depth counts player layers; depth 1 = player move, spawn, evaluator",custom,0,0,none,30298,57392,2636,12,4096,0.0033375829999999999,13900981,0
2026-08-25T06:00:21.189Z,unavailable,Release,N1-fixed,N1,,"N1:ntuple-td-learned:experiments/weights/n5_large_tcbwd_100k.bin:tuples=6+6+6+6+6,active=40,weights=83886080,hash=f78f622c4f01ddf6",1,"depth counts player layers; depth 1 = player move, spawn, evaluator",custom,0,0,none,30299,158928,6643,13,8192,0.0081781670000000001,13900981,0
