timestamp_utc,git_commit,build_mode,agent,evaluator,evaluator_parameters,feature_configuration,search_depth,depth_definition,seed_partition,minimum_path_probability,time_limit_seconds,optimization_configuration,seed,score,moves,max_tile_exponent,max_tile,runtime_seconds,aggregate_search_total_nodes,aggregate_search_cache_hits
2026-08-25T06:01:06.365Z,unavailable,Release,N1-fixed,N1,,"N1:ntuple-td-learned:experiments/weights/n5_large_tcbwd_100k.bin:tuples=6+6+6+6+6,active=40,weights=83886080,hash=f78f622c4f01ddf6",2,"depth counts player layers; depth 1 = player move, spawn, evaluator",custom,0,0,none,30000,257388,9591,14,16384,0.20533637499999999,441823399,108765353
2026-08-25T06:01:06.365Z,unavailable,Release,N1-fixed,N1,,"N1:ntuple-td-learned:experiments/weights/n5_large_tcbwd_100k.bin:tuples=6+6+6+6+6,active=40,weights=83886080,hash=f78f622c4f01ddf6",2,"depth counts player layers; depth 1 = player move, spawn, evaluator",custom,0,0,none,30001,176384,7391,13,8192,0.15466812499999999,441823399,108765353
2026-08-25T06:01:06.365Z,unavailable,Release,N1-fixed,N1,,"N1:ntuple-td-learned:experiments/weights/n5_large_tcbwd_100k.bin:tuples=6+6+6+6+6,active=40,weights=83886080,hash=f78f622c4f01ddf6",2,"depth counts player layers; depth 1 = player move, spawn, evaluator",custom,0,0,none,30002,176536,7402,13,8192,0.163468167,441823399,108765353
2026-08-25T06:01:06.365Z,unavailable,Release,N1-fixed,N1,,"N1:ntuple-td-learned:experiments/weights/n5_large_tcbwd_100k.bin:tuples=6+6+6+6+6,active=40,weights=83886080,hash=f78f622c4f01ddf6",2,"depth counts player layers; depth 1 = player move, spawn, evaluator",custom,0,0,none,30003,175676,7357,13,8192,0.159882,441823399,108765353
2026-08-25T06:01:06.365Z,unavailable,Release,N1-fixed,N1,,"N1:ntuple-td-learned:experiments/weights/n5_large_tcbwd_100k.bin:tuples=6+6+6+6+6,active=40,weights=83886080,hash=f78f622c4f01ddf6",2,"depth counts player layers; depth 1 = player move, spawn, evaluator",custom,0,0,none,30004,123004,5083,13,8192,0.14118066600000001,441823399,108765353
2026-08-25T06:01:06.365Z,unavailable,Release,N1-fixed,N1,,"N1:ntuple-td-learned:experiments/weights/n5_large_tcbwd_100k.bin:tuples=6+6+6+6+6,active=40,weights=83886080,hash=f78f622c4f01ddf6",2,"depth counts player layers; depth 1 = player move, spawn, evaluator",custom,0,0,none,30005,267168,10347,14,16384,0.232573958,441823399,108765353
2026-08-25T06:01:06.365Z,unavailable,Release,N1-fixed,N1,,"N1:ntuple-td-learned:experiments/weights/n5_large_tcbwd_100k.bin:tuples=6+6+6+6+6,active=40,weights=83886080,hash=f78f622c4f01ddf6",2,"depth counts player layers; depth 1 = player move, spawn, evaluator",custom,0,0,none,30006,175548,7347,13,8192,0.16157058399999999,441823399,108765353
2026-08-25T06:01:06.365Z,unavailable,Release,N1-fixed,N1,,"N1:ntuple-td-learned:experiments/weights/n5_large_tcbwd_100k.bin:tuples=6+6+6+6+6,active=40,weights=83886080,hash=f78f622c4f01ddf6",2,"depth counts player layers; depth 1 = player move, spawn, evaluator",custom,0,0,none,30007,315204,11714,14,16384,0.24559470899999999,441823399,108765353
2026-08-25T06:01:06.365Z,unavailable,Release,N1-fixed,N1,,"N1:ntuple-td-learned:experiments/weights/n5_large_tcbwd_100k.bin:tuples=6+6+6+6+6,active=40,weights=83886080,hash=f78f622c4f01ddf6",2,"depth counts player layers; depth 1 = player move, spawn, evaluator",custom,0,0,none,30008,154736,6343,13,8192,0.14136183399999999,441823399,108765353
2026-08-25T06:01:06.365Z,unavailable,Release,N1-fixed,N1,,"N1:ntuple-td-learned:experiments/weights/n5_large_tcbwd_100k.bin:tuples=6+6+6+6+6,active=40,weights=83886080,hash=f78f622c4f01ddf6",2,"depth counts player layers; depth 1 = player move, spawn, evaluator",custom,0,0,none,30009,169696,7078,13,8192,0.15518258300000001,441823399,108765353
2026-08-25T06:01:06.365Z,unavailable,Release,N1-fixed,N1,,"N1:ntuple-td-learned:experiments/weights/n5_large_tcbwd_100k.bin:tuples=6+6+6+6+6,active=40,weights=83886080,hash=f78f622c4f01ddf6",2,"depth counts player layers; depth 1 = player move, spawn, evaluator",custom,0,0,none,30010,281440,10701,14,16384,0.23723008300000001,441823399,108765353
2026-08-25T06:01:06.365Z,unavailable,Release,N1-fixed,N1,,"N1:ntuple-td-learned:experiments/weights/n5_large_tcbwd_100k.bin:tuples=6+6+6+6+6,active=40,weights=83886080,hash=f78f622c4f01ddf6",2,"depth counts player layers; depth 1 = player move, spawn, evaluator",custom,0,0,none,30011,175400,7333,13,8192,0.155742459,441823399,108765353
2026-08-25T06:01:06.365Z,unavailable,Release,N1-fixed,N1,,"N1:ntuple-td-learned:experiments/weights/n5_large_tcbwd_100k.bin:tuples=6+6+6+6+6,active=40,weights=83886080,hash=f78f622c4f01ddf6",2,"depth counts player layers; depth 1 = player move, spawn, evaluator",custom,0,0,none,30012,233300,8640,14,16384,0.18882254200000001,441823399,108765353
2026-08-25T06:01:06.365Z,unavailable,Release,N1-fixed,N1,,"N1:ntuple-td-learned:experiments/weights/n5_large_tcbwd_100k.bin:tuples=6+6+6+6+6,active=40,weights=83886080,hash=f78f622c4f01ddf6",2,"depth counts player layers; depth 1 = player move, spawn, evaluator",custom,0,0,none,30013,265936,10199,14,16384,0.214806792,441823399,108765353
2026-08-25T06:01:06.365Z,unavailable,Release,N1-fixed,N1,,"N1:ntuple-td-learned:experiments/weights/n5_large_tcbwd_100k.bin:tuples=6+6+6+6+6,active=40,weights=83886080,hash=f78f622c4f01ddf6",2,"depth counts player layers; depth 1 = player move, spawn, evaluator",custom,0,0,none,30014,80548,3736,12,4096,0.085075666999999994,441823399,108765353
2026-08-25T06:01:06.365Z,unavailable,Release,N1-fixed,N1,,"N1:ntuple-td-learned:experiments/weights/n5_large_tcbwd_100k.bin:tuples=6+6+6+6+6,active=40,weights=83886080,hash=f78f622c4f01ddf6",2,"depth counts player layers; depth 1 = player move, spawn, evaluator",custom,0,0,none,30015,191056,7983,13,8192,0.16517258400000001,441823399,108765353
2026-08-25T06:01:06.365Z,unavailable,Release,N1-fixed,N1,,"N1:ntuple-td-learned:experiments/weights/n5_large_tcbwd_100k.bin:tuples=6+6+6+6+6,active=40,weights=83886080,hash=f78f622c4f01ddf6",2,"depth counts player layers; depth 1 = player move, spawn, evaluator",custom,0,0,none,30016,122396,5044,13,8192,0.115862916,441823399,108765353
2026-08-25T06:01:06.365Z,unavailable,Release,N1-fixed,N1,,"N1:ntuple-td-learned:experiments/weights/n5_large_tcbwd_100k.bin:tuples=6+6+6+6+6,active=40,weights=83886080,hash=f78f622c4f01ddf6",2,"depth counts player layers; depth 1 = player move, spawn, evaluator",custom,0,0,none,30017,128668,5315,13,8192,0.117318583,441823399,108765353
2026-08-25T06:01:06.365Z,unavailable,Release,N1-fixed,N1,,"N1:ntuple-td-learned:experiments/weights/n5_large_tcbwd_100k.bin:tuples=6+6+6+6+6,active=40,weights=83886080,hash=f78f622c4f01ddf6",2,"depth counts player layers; depth 1 = player move, spawn, evaluator",custom,0,0,none,30018,176304,7371,13,8192,0.16246325,441823399,108765353
2026-08-25T06:01:06.365Z,unavailable,Release,N1-fixed,N1,,"N1:ntuple-td-learned:experiments/weights/n5_large_tcbwd_100k.bin:tuples=6+6+6+6+6,active=40,weights=83886080,hash=f78f622c4f01ddf6",2,"depth counts player layers; depth 1 = player move, spawn, evaluator",custom,0,0,none,30019,285960,10924,14,16384,0.25974870799999999,441823399,108765353
2026-08-25T06:01:06.365Z,unavailable,Release,N1-fixed,N1,,"N1:ntuple-td-learned:experiments/weights/n5_large_tcbwd_100k.bin:tuples=6+6+6+6+6,active=40,weights=83886080,hash=f78f622c4f01ddf6",2,"depth counts player layers; depth 1 = player move, spawn, evaluator",custom,0,0,none,30020,173304,7234,13,8192,0.15953304200000001,441823399,108765353
2026-08-25T06:01:06.365Z,unavailable,Release,N1-fixed,N1,,"N1:ntuple-td-learned:experiments/weights/n5_large_tcbwd_100k.bin:tuples=6+6+6+6+6,active=40,weights=83886080,hash=f78f622c4f01ddf6",2,"depth counts player layers; depth 1 = player move, spawn, evaluator",custom,0,0,none,30021,172248,7137,13,8192,0.15908408299999999,441823399,108765353
2026-08-25T06:01:06.365Z,unavailable,Release,N1-fixed,N1,,"N1:ntuple-td-learned:experiments/weights/n5_large_tcbwd_100k.bin:tuples=6+6+6+6+6,active=40,weights=83886080,hash=f78f622c4f01ddf6",2,"depth counts player layers; depth 1 = player move, spawn, evaluator",custom,0,0,none,30022,169428,7070,13,8192,0.15769216699999999,441823399,108765353
2026-08-25T06:01:06.365Z,unavailable,Release,N1-fixed,N1,,"N1:ntuple-td-learned:experiments/weights/n5_large_tcbwd_100k.bin:tuples=6+6+6+6+6,active=40,weights=83886080,hash=f78f622c4f01ddf6",2,"depth counts player layers; depth 1 = player move, spawn, evaluator",custom,0,0,none,30023,176188,7359,13,8192,0.16039604199999999,441823399,108765353
2026-08-25T06:01:06.365Z,unavailable,Release,N1-fixed,N1,,"N1:ntuple-td-learned:experiments/weights/n5_large_tcbwd_100k.bin:tuples=6+6+6+6+6,active=40,weights=83886080,hash=f78f622c4f01ddf6",2,"depth counts player layers; depth 1 = player move, spawn, evaluator",custom,0,0,none,30024,290260,11160,14,16384,0.22943295899999999,441823399,108765353
2026-08-25T06:01:06.365Z,unavailable,Release,N1-fixed,N1,,"N1:ntuple-td-learned:experiments/weights/n5_large_tcbwd_100k.bin:tuples=6+6+6+6+6,active=40,weights=83886080,hash=f78f622c4f01ddf6",2,"depth counts player layers; depth 1 = player move, spawn, evaluator",custom,0,0,none,30025,265580,10180,14,16384,0.21924037499999999,441823399,108765353
2026-08-25T06:01:06.365Z,unavailable,Release,N1-fixed,N1,,"N1:ntuple-td-learned:experiments/weights/n5_large_tcbwd_100k.bin:tuples=6+6+6+6+6,active=40,weights=83886080,hash=f78f622c4f01ddf6",2,"depth counts player layers; depth 1 = player move, spawn, evaluator",custom,0,0,none,30026,162648,6658,13,8192,0.14698095799999999,441823399,108765353
2026-08-25T06:01:06.365Z,unavailable,Release,N1-fixed,N1,,"N1:ntuple-td-learned:experiments/weights/n5_large_tcbwd_100k.bin:tuples=6+6+6+6+6,active=40,weights=83886080,hash=f78f622c4f01ddf6",2,"depth counts player layers; depth 1 = player move, spawn, evaluator",custom,0,0,none,30027,132564,5556,13,8192,0.12600329199999999,441823399,108765353
2026-08-25T06:01:06.365Z,unavailable,Release,N1-fixed,N1,,"N1:ntuple-td-learned:experiments/weights/n5_large_tcbwd_100k.bin:tuples=6+6+6+6+6,active=40,weights=83886080,hash=f78f622c4f01ddf6",2,"depth counts player layers; depth 1 = player move, spawn, evaluator",custom,0,0,none,30028,171632,7098,13,8192,0.160385,441823399,108765353
2026-08-25T06:01:06.365Z,unavailable,Release,N1-fixed,N1,,"N1:ntuple-td-learned:experiments/weights/n5_large_tcbwd_100k.bin:tuples=6+6+6+6+6,active=40,weights=83886080,hash=f78f622c4f01ddf6",2,"depth counts player layers; depth 1 = player move, spawn, evaluator",custom,0,0,none,30029,176284,7362,13,8192,0.15876491700000001,441823399,108765353
2026-08-25T06:01:06.365Z,unavailable,Release,N1-fixed,N1,,"N1:ntuple-td-learned:experiments/weights/n5_large_tcbwd_100k.bin:tuples=6+6+6+6+6,active=40,weights=83886080,hash=f78f622c4f01ddf6",2,"depth counts player layers; depth 1 = player move, spawn, evaluator",custom,0,0,none,30030,177076,7436,13,8192,0.16029350000000001,441823399,108765353
2026-08-25T06:01:06.365Z,unavailable,Release,N1-fixed,N1,,"N1:ntuple-td-learned:experiments/weights/n5_large_tcbwd_100k.bin:tuples=6+6+6+6+6,active=40,weights=83886080,hash=f78f622c4f01ddf6",2,"depth counts player layers; depth 1 = player move, spawn, evaluator",custom,0,0,none,30031,128056,5276,13,8192,0.13336716600000001,441823399,108765353
2026-08-25T06:01:06.365Z,unavailable,Release,N1-fixed,N1,,"N1:ntuple-td-learned:experiments/weights/n5_large_tcbwd_100k.bin:tuples=6+6+6+6+6,active=40,weights=83886080,hash=f78f622c4f01ddf6",2,"depth counts player layers; depth 1 = player move, spawn, evaluator",custom,0,0,none,30032,171852,7133,13,8192,0.16949308399999999,441823399,108765353
2026-08-25T06:01:06.365Z,unavailable,Release,N1-fixed,N1,,"N1:ntuple-td-learned:experiments/weights/n5_large_tcbwd_100k.bin:tuples=6+6+6+6+6,active=40,weights=83886080,hash=f78f622c4f01ddf6",2,"depth counts player layers; depth 1 = player move, spawn, evaluator",custom,0,0,none,30033,165956,6857,13,8192,0.15090366599999999,441823399,108765353
2026-08-25T06:01:06.365Z,unavailable,Release,N1-fixed,N1,,"N1:ntuple-td-learned:experiments/weights/n5_large_tcbwd_100k.bin:tuples=6+6+6+6+6,active=40,weights=83886080,hash=f78f622c4f01ddf6",2,"depth counts player layers; depth 1 = player move, spawn, evaluator",custom,0,0,none,30034,177320,7482,13,8192,0.16448295800000001,441823399,108765353
2026-08-25T06:01:06.365Z,unavailable,Release,N1-fixed,N1,,"N1:ntuple-td-learned:experiments/weights/n5_large_tcbwd_100k.bin:tuples=6+6+6+6+6,active=40,weights=83886080,hash=f78f622c4f01ddf6",2,"depth counts player layers; depth 1 = player move, spawn, evaluator",custom,0,0,none,30035,306680,11917,14,16384,0.25435220800000002,441823399,108765353
2026-08-25T06:01:06.365Z,unavailable,Release,N1-fixed,N1,,"N1:ntuple-td-learned:experiments/weights/n5_large_tcbwd_100k.bin:tuples=6+6+6+6+6,active=40,weights=83886080,hash=f78f622c4f01ddf6",2,"depth counts player layers; depth 1 = player move, spawn, evaluator",custom,0,0,none,30036,179408,7538,13,8192,0.169399667,441823399,108765353
2026-08-25T06:01:06.365Z,unavailable,Release,N1-fixed,N1,,"N1:ntuple-td-learned:experiments/weights/n5_large_tcbwd_100k.bin:tuples=6+6+6+6+6,active=40,weights=83886080,hash=f78f622c4f01ddf6",2,"depth counts player layers; depth 1 = player move, spawn, evaluator",custom,0,0,none,30037,177024,7440,13,8192,0.17035029199999999,441823399,108765353
2026-08-25T06:01:06.365Z,unavailable,Release,N1-fixed,N1,,"N1:ntuple-td-learned:experiments/weights/n5_large_tcbwd_100k.bin:tuples=6+6+6+6+6,active=40,weights=83886080,hash=f78f622c4f01ddf6",2,"depth counts player layers; depth 1 = player move, spawn, evaluator",custom,0,0,none,30038,127236,5244,13,8192,0.119742917,441823399,108765353
2026-08-25T06:01:06.365Z,unavailable,Release,N1-fixed,N1,,"N1:ntuple-td-learned:experiments/weights/n5_large_tcbwd_100k.bin:tuples=6+6+6+6+6,active=40,weights=83886080,hash=f78f622c4f01ddf6",2,"depth counts player layers; depth 1 = player move, spawn, evaluator",custom,0,0,none,30039,25504,1300,11,2048,0.028921499999999999,441823399,108765353
2026-08-25T06:01:06.365Z,unavailable,Release,N1-fixed,N1,,"N1:ntuple-td-learned:experiments/weights/n5_large_tcbwd_100k.bin:tuples=6+6+6+6+6,active=40,weights=83886080,hash=f78f622c4f01ddf6",2,"depth counts player layers; depth 1 = player move, spawn, evaluator",custom,0,0,none,30040,75376,3406,12,4096,0.074767665999999997,441823399,108765353
2026-08-25T06:01:06.365Z,unavailable,Release,N1-fixed,N1,,"N1:ntuple-td-learned:experiments/weights/n5_large_tcbwd_100k.bin:tuples=6+6+6+6+6,active=40,weights=83886080,hash=f78f622c4f01ddf6",2,"depth counts player layers; depth 1 = player move, spawn, evaluator",custom,0,0,none,30041,176900,7424,13,8192,0.15973579199999999,441823399,108765353
2026-08-25T06:01:06.365Z,unavailable,Release,N1-fixed,N1,,"N1:ntuple-td-learned:experiments/weights/n5_large_tcbwd_100k.bin:tuples=6+6+6+6+6,active=40,weights=83886080,hash=f78f622c4f01ddf6",2,"depth counts player layers; depth 1 = player move, spawn, evaluator",custom,0,0,none,30042,130640,5439,13,8192,0.121507958,441823399,108765353
2026-08-25T06:01:06.365Z,unavailable,Release,N1-fixed,N1,,"N1:ntuple-td-learned:experiments/weights/n5_large_tcbwd_100k.bin:tuples=6+6+6+6+6,active=40,weights=83886080,hash=f78f622c4f01ddf6",2,"depth counts player layers; depth 1 = player move, spawn, evaluator",custom,0,0,none,30043,146368,5974,13,8192,0.12717249999999999,441823399,108765353
2026-08-25T06:01:06.365Z,unavailable,Release,N1-fixed,N1,,"N1:ntuple-td-learned:experiments/weights/n5_large_tcbwd_100k.bin:tuples=6+6+6+6+6,active=40,weights=83886080,hash=f78f622c4f01ddf6",2,"depth counts player layers; depth 1 = player move, spawn, evaluator",custom,0,0,none,30044,175736,7378,13,8192,0.15832041699999999,441823399,108765353
2026-08-25T06:01:06.365Z,unavailable,Release,N1-fixed,N1,,"N1:ntuple-td-learned:experiments/weights/n5_large_tcbwd_100k.bin:tuples=6+6+6+6+6,active=40,weights=83886080,hash=f78f622c4f01ddf6",2,"depth counts player layers; depth 1 = player move, spawn, evaluator",custom,0,0,none,30045,148644,6244,13,8192,0.13528562499999999,441823399,108765353
2026-08-25T06:01:06.365Z,unavailable,Release,N1-fixed,N1,,"N1:ntuple-td-learned:experiments/weights/n5_large_tcbwd_100k.bin:tuples=6+6+6+6+6,active=40,weights=83886080,hash=f78f622c4f01ddf6",2,"depth counts player layers; depth 1 = player move, spawn, evaluator",custom,0,0,none,30046,122112,4993,13,8192,0.121269209,441823399,108765353
2026-08-25T06:01:06.365Z,unavailable,Release,N1-fixed,N1,,"N1:ntuple-td-learned:experiments/weights/n5_large_tcbwd_100k.bin:tuples=6+6+6+6+6,active=40,weights=83886080,hash=f78f622c4f01ddf6",2,"depth counts player layers; depth 1 = player move, spawn, evaluator",custom,0,0,none,30047,130440,5395,13,8192,0.12279275000000001,441823399,108765353
2026-08-25T06:01:06.365Z,unavailable,Release,N1-fixed,N1,,"N1:ntuple-td-learned:experiments/weights/n5_large_tcbwd_100k.bin:tuples=6+6+6+6+6,active=40,weights=83886080,hash=f78f622c4f01ddf6",2,"depth counts player layers; depth 1 = player move, spawn, evaluator",custom,0,0,none,30048,148200,6074,13,8192,0.18037,441823399,108765353
2026-08-25T06:01:06.365Z,unavailable,Release,N1-fixed,N1,,"N1:ntuple-td-learned:experiments/weights/n5_large_tcbwd_100k.bin:tuples=6+6+6+6+6,active=40,weights=83886080,hash=f78f622c4f01ddf6",2,"depth counts player layers; depth 1 = player move, spawn, evaluator",custom,0,0,none,30049,165000,6812,13,8192,0.16906633400000001,441823399,108765353
2026-08-25T06:01:06.365Z,unavailable,Release,N1-fixed,N1,,"N1:ntuple-td-learned:experiments/weights/n5_large_tcbwd_100k.bin:tuples=6+6+6+6+6,active=40,weights=83886080,hash=f78f622c4f01ddf6",2,"depth counts player layers; depth 1 = player move, spawn, evaluator",custom,0,0,none,30050,156888,6486,13,8192,0.16042245799999999,441823399,108765353
2026-08-25T06:01:06.365Z,unavailable,Release,N1-fixed,N1,,"N1:ntuple-td-learned:experiments/weights/n5_large_tcbwd_100k.bin:tuples=6+6+6+6+6,active=40,weights=83886080,hash=f78f622c4f01ddf6",2,"depth counts player layers; depth 1 = player move, spawn, evaluator",custom,0,0,none,30051,157112,6510,13,8192,0.14454675,441823399,108765353
2026-08-25T06:01:06.365Z,unavailable,Release,N1-fixed,N1,,"N1:ntuple-td-learned:experiments/weights/n5_large_tcbwd_100k.bin:tuples=6+6+6+6+6,active=40,weights=83886080,hash=f78f622c4f01ddf6",2,"depth counts player layers; depth 1 = player move, spawn, evaluator",custom,0,0,none,30052,285900,10863,14,16384,0.24175091700000001,441823399,108765353
2026-08-25T06:01:06.365Z,unavailable,Release,N1-fixed,N1,,"N1:ntuple-td-learned:experiments/weights/n5_large_tcbwd_100k.bin:tuples=6+6+6+6+6,active=40,weights=83886080,hash=f78f622c4f01ddf6",2,"depth counts player layers; depth 1 = player move, spawn, evaluator",custom,0,0,none,30053,153340,6319,13,8192,0.140291042,441823399,108765353
2026-08-25T06:01:06.365Z,unavailable,Release,N1-fixed,N1,,"N1:ntuple-td-learned:experiments/weights/n5_large_tcbwd_100k.bin:tuples=6+6+6+6+6,active=40,weights=83886080,hash=f78f622c4f01ddf6",2,"depth counts player layers; depth 1 = player move, spawn, evaluator",custom,0,0,none,30054,174452,7241,13,8192,0.157874084,441823399,108765353
2026-08-25T06:01:06.365Z,unavailable,Release,N1-fixed,N1,,"N1:ntuple-td-learned:experiments/weights/n5_large_tcbwd_100k.bin:tuples=6+6+6+6+6,active=40,weights=83886080,hash=f78f622c4f01ddf6",2,"depth counts player layers; depth 1 = player move, spawn, evaluator",custom,0,0,none,30055,177508,7468,13,8192,0.165220167,441823399,108765353
2026-08-25T06:01:06.365Z,unavailable,Release,N1-fixed,N1,,"N1:ntuple-td-learned:experiments/weights/n5_large_tcbwd_100k.bin:tuples=6+6+6+6+6,active=40,weights=83886080,hash=f78f622c4f01ddf6",2,"depth counts player layers; depth 1 = player move, spawn, evaluator",custom,0,0,none,30056,271552,10334,14,16384,0.232955208,441823399,108765353
2026-08-25T06:01:06.365Z,unavailable,Release,N1-fixed,N1,,"N1:ntuple-td-learned:experiments/weights/n5_large_tcbwd_100k.bin:tuples=6+6+6+6+6,active=40,weights=83886080,hash=f78f622c4f01ddf6",2,"depth counts player layers; depth 1 = player move, spawn, evaluator",custom,0,0,none,30057,167784,6941,13,8192,0.154760333,441823399,108765353
2026-08-25T06:01:06.365Z,unavailable,Release,N1-fixed,N1,,"N1:ntuple-td-learned:experiments/weights/n5_large_tcbwd_100k.bin:tuples=6+6+6+6+6,active=40,weights=83886080,hash=f78f622c4f01ddf6",2,"depth counts player layers; depth 1 = player move, spawn, evaluator",custom,0,0,none,30058,80440,3725,12,4096,0.081511708000000002,441823399,108765353
2026-08-25T06:01:06.365Z,unavailable,Release,N1-fixed,N1,,"N1:ntuple-td-learned:experiments/weights/n5_large_tcbwd_100k.bin:tuples=6+6+6+6+6,active=40,weights=83886080,hash=f78f622c4f01ddf6",2,"depth counts player layers; depth 1 = player move, spawn, evaluator",custom,0,0,none,30059,289936,11155,14,16384,0.235341417,441823399,108765353
2026-08-25T06:01:06.365Z,unavailable,Release,N1-fixed,N1,,"N1:ntuple-td-learned:experiments/weights/n5_large_tcbwd_100k.bin:tuples=6+6+6+6+6,active=40,weights=83886080,hash=f78f622c4f01ddf6",2,"depth counts player layers; depth 1 = player move, spawn, evaluator",custom,0,0,none,30060,168172,6952,13,8192,0.14769950000000001,441823399,108765353
2026-08-25T06:01:06.365Z,unavailable,Release,N1-fixed,N1,,"N1:ntuple-td-learned:experiments/weights/n5_large_tcbwd_100k.bin:tuples=6+6+6+6+6,active=40,weights=83886080,hash=f78f622c4f01ddf6",2,"depth counts player layers; depth 1 = player move, spawn, evaluator",custom,0,0,none,30061,229240,8553,14,16384,0.180060416,441823399,108765353
2026-08-25T06:01:06.365Z,unavailable,Release,N1-fixed,N1,,"N1:ntuple-td-learned:experiments/weights/n5_large_tcbwd_100k.bin:tuples=6+6+6+6+6,active=40,weights=83886080,hash=f78f622c4f01ddf6",2,"depth counts player layers; depth 1 = player move, spawn, evaluator",custom,0,0,none,30062,165556,6793,13,8192,0.14673525000000001,441823399,108765353
2026-08-25T06:01:06.365Z,unavailable,Release,N1-fixed,N1,,"N1:ntuple-td-learned:experiments/weights/n5_large_tcbwd_100k.bin:tuples=6+6+6+6+6,active=40,weights=83886080,hash=f78f622c4f01ddf6",2,"depth counts player layers; depth 1 = player move, spawn, evaluator",custom,0,0,none,30063,177796,7499,13,8192,0.15204970800000001,441823399,108765353
2026-08-25T06:01:06.365Z,unavailable,Release,N1-fixed,N1,,"N1:ntuple-td-learned:experiments/weights/n5_large_tcbwd_100k.bin:tuples=6+6+6+6+6,active=40,weights=83886080,hash=f78f622c4f01ddf6",2,"depth counts player layers; depth 1 = player move, spawn, evaluator",custom,0,0,none,30064,168192,6964,13,8192,0.15341850000000001,441823399,108765353
2026-08-25T06:01:06.365Z,unavailable,Release,N1-fixed,N1,,"N1:ntuple-td-learned:experiments/weights/n5_large_tcbwd_100k.bin:tuples=6+6+6+6+6,active=40,weights=83886080,hash=f78f622c4f01ddf6",2,"depth counts player layers; depth 1 = player move, spawn, evaluator",custom,0,0,none,30065,68988,3097,12,4096,0.072700791000000001,441823399,108765353
2026-08-25T06:01:06.365Z,unavailable,Release,N1-fixed,N1,,"N1:ntuple-td-learned:experiments/weights/n5_large_tcbwd_100k.bin:tuples=6+6+6+6+6,active=40,weights=83886080,hash=f78f622c4f01ddf6",2,"depth counts player layers; depth 1 = player move, spawn, evaluator",custom,0,0,none,30066,176180,7357,13,8192,0.15489849999999999,441823399,108765353
2026-08-25T06:01:06.365Z,unavailable,Release,N1-fixed,N1,,"N1:ntuple-td-learned:experiments/weights/n5_large_tcbwd_100k.bin:tuples=6+6+6+6+6,active=40,weights=83886080,hash=f78f622c4f01ddf6",2,"depth counts player layers; depth 1 = player move, spawn, evaluator",custom,0,0,none,30067,74596,3364,12,4096,0.075785000000000005,441823399,108765353
2026-08-25T06:01:06.365Z,unavailable,Release,N1-fixed,N1,,"N1:ntuple-td-learned:experiments/weights/n5_large_tcbwd_100k.bin:tuples=6+6+6+6+6,active=40,weights=83886080,hash=f78f622c4f01ddf6",2,"depth counts player layers; depth 1 = player move, spawn, evaluator",custom,0,0,none,30068,168344,6997,13,8192,0.154826667,441823399,108765353
2026-08-25T06:01:06.365Z,unavailable,Release,N1-fixed,N1,,"N1:ntuple-td-learned:experiments/weights/n5_large_tcbwd_100k.bin:tuples=6+6+6+6+6,active=40,weights=83886080,hash=f78f622c4f01ddf6",2,"depth counts player layers; depth 1 = player move, spawn, evaluator",custom,0,0,none,30069,285692,10906,14,16384,0.23518029200000001,441823399,108765353
2026-08-25T06:01:06.365Z,unavailable,Release,N1-fixed,N1,,"N1:ntuple-td-learned:experiments/weights/n5_large_tcbwd_100k.bin:tuples=6+6+6+6+6,active=40,weights=83886080,hash=f78f622c4f01ddf6",2,"depth counts player layers; depth 1 = player move, spawn, evaluator",custom,0,0,none,30070,7920,531,9,512,0.012534917,441823399,108765353
2026-08-25T06:01:06.365Z,unavailable,Release,N1-fixed,N1,,"N1:ntuple-td-learned:experiments/weights/n5_large_tcbwd_100k.bin:tuples=6+6+6+6+6,active=40,weights=83886080,hash=f78f622c4f01ddf6",2,"depth counts player layers; depth 1 = player move, spawn, evaluator",custom,0,0,none,30071,171592,7106,13,8192,0.14035066600000001,441823399,108765353
2026-08-25T06:01:06.365Z,unavailable,Release,N1-fixed,N1,,"N1:ntuple-td-learned:experiments/weights/n5_large_tcbwd_100k.bin:tuples=6+6+6+6+6,active=40,weights=83886080,hash=f78f622c4f01ddf6",2,"depth counts player layers; depth 1 = player move, spawn, evaluator",custom,0,0,none,30072,156580,6484,13,8192,0.132126833,441823399,108765353
2026-08-25T06:01:06.365Z,unavailable,Release,N1-fixed,N1,,"N1:ntuple-td-learned:experiments/weights/n5_large_tcbwd_100k.bin:tuples=6+6+6+6+6,active=40,weights=83886080,hash=f78f622c4f01ddf6",2,"depth counts player layers; depth 1 = player move, spawn, evaluator",custom,0,0,none,30073,127136,5225,13,8192,0.116432542,441823399,108765353
2026-08-25T06:01:06.365Z,unavailable,Release,N1-fixed,N1,,"N1:ntuple-td-learned:experiments/weights/n5_large_tcbwd_100k.bin:tuples=6+6+6+6+6,active=40,weights=83886080,hash=f78f622c4f01ddf6",2,"depth counts player layers; depth 1 = player move, spawn, evaluator",custom,0,0,none,30074,154820,6384,13,8192,0.13623529200000001,441823399,108765353
2026-08-25T06:01:06.365Z,unavailable,Release,N1-fixed,N1,,"N1:ntuple-td-learned:experiments/weights/n5_large_tcbwd_100k.bin:tuples=6+6+6+6+6,active=40,weights=83886080,hash=f78f622c4f01ddf6",2,"depth counts player layers; depth 1 = player move, spawn, evaluator",custom,0,0,none,30075,59800,2769,12,4096,0.062552374999999993,441823399,108765353
2026-08-25T06:01:06.365Z,unavailable,Release,N1-fixed,N1,,"N1:ntuple-td-learned:experiments/weights/n5_large_tcbwd_100k.bin:tuples=6+6+6+6+6,active=40,weights=83886080,hash=f78f622c4f01ddf6",2,"depth counts player layers; depth 1 = player move, spawn, evaluator",custom,0,0,none,30076,164960,6833,13,8192,0.14948816700000001,441823399,108765353
2026-08-25T06:01:06.365Z,unavailable,Release,N1-fixed,N1,,"N1:ntuple-td-learned:experiments/weights/n5_large_tcbwd_100k.bin:tuples=6+6+6+6+6,active=40,weights=83886080,hash=f78f622c4f01ddf6",2,"depth counts player layers; depth 1 = player move, spawn, evaluator",custom,0,0,none,30077,175148,7373,13,8192,0.16061520800000001,441823399,108765353
2026-08-25T06:01:06.365Z,unavailable,Release,N1-fixed,N1,,"N1:ntuple-td-learned:experiments/weights/n5_large_tcbwd_100k.bin:tuples=6+6+6+6+6,active=40,weights=83886080,hash=f78f622c4f01ddf6",2,"depth counts player layers; depth 1 = player move, spawn, evaluator",custom,0,0,none,30078,172396,7175,13,8192,0.151638458,441823399,108765353
2026-08-25T06:01:06.365Z,unavailable,Release,N1-fixed,N1,,"N1:ntuple-td-learned:experiments/weights/n5_large_tcbwd_100k.bin:tuples=6+6+6+6+6,active=40,weights=83886080,hash=f78f622c4f01ddf6",2,"depth counts player layers; depth 1 = player move, spawn, evaluator",custom,0,0,none,30079,155144,6448,13,8192,0.13852895900000001,441823399,108765353
2026-08-25T06:01:06.365Z,unavailable,Release,N1-fixed,N1,,"N1:ntuple-td-learned:experiments/weights/n5_large_tcbwd_100k.bin:tuples=6+6+6+6+6,active=40,weights=83886080,hash=f78f622c4f01ddf6",2,"depth counts player layers; depth 1 = player move, spawn, evaluator",custom,0,0,none,30080,236984,8814,14,16384,0.18835950000000001,441823399,108765353
2026-08-25T06:01:06.365Z,unavailable,Release,N1-fixed,N1,,"N1:ntuple-td-learned:experiments/weights/n5_large_tcbwd_100k.bin:tuples=6+6+6+6+6,active=40,weights=83886080,hash=f78f622c4f01ddf6",2,"depth counts player layers; depth 1 = player move, spawn, evaluator",custom,0,0,none,30081,169288,7058,13,8192,0.15282475000000001,441823399,108765353
2026-08-25T06:01:06.365Z,unavailable,Release,N1-fixed,N1,,"N1:ntuple-td-learned:experiments/weights/n5_large_tcbwd_100k.bin:tuples=6+6+6+6+6,active=40,weights=83886080,hash=f78f622c4f01ddf6",2,"depth counts player layers; depth 1 = player move, spawn, evaluator",custom,0,0,none,30082,132732,5579,13,8192,0.1225155,441823399,108765353
2026-08-25T06:01:06.365Z,unavailable,Release,N1-fixed,N1,,"N1:ntuple-td-learned:experiments/weights/n5_large_tcbwd_100k.bin:tuples=6+6+6+6+6,active=40,weights=83886080,hash=f78f622c4f01ddf6",2,"depth counts player layers; depth 1 = player move, spawn, evaluator",custom,0,0,none,30083,331288,12389,14,16384,0.264346833,441823399,108765353
2026-08-25T06:01:06.365Z,unavailable,Release,N1-fixed,N1,,"N1:ntuple-td-learned:experiments/weights/n5_large_tcbwd_100k.bin:tuples=6+6+6+6+6,active=40,weights=83886080,hash=f78f622c4f01ddf6",2,"depth counts player layers; depth 1 = player move, spawn, evaluator",custom,0,0,none,30084,136300,5739,13,8192,0.11917575,441823399,108765353
2026-08-25T06:01:06.365Z,unavailable,Release,N1-fixed,N1,,"N1:ntuple-td-learned:experiments/weights/n5_large_tcbwd_100k.bin:tuples=6+6+6+6+6,active=40,weights=83886080,hash=f78f622c4f01ddf6",2,"depth counts player layers; depth 1 = player move, spawn, evaluator",custom,0,0,none,30085,175016,7279,13,8192,0.15533345800000001,441823399,108765353
2026-08-25T06:01:06.365Z,unavailable,Release,N1-fixed,N1,,"N1:ntuple-td-learned:experiments/weights/n5_large_tcbwd_100k.bin:tuples=6+6+6+6+6,active=40,weights=83886080,hash=f78f622c4f01ddf6",2,"depth counts player layers; depth 1 = player move, spawn, evaluator",custom,0,0,none,30086,248640,9476,14,16384,0.20241816700000001,441823399,108765353
2026-08-25T06:01:06.365Z,unavailable,Release,N1-fixed,N1,,"N1:ntuple-td-learned:experiments/weights/n5_large_tcbwd_100k.bin:tuples=6+6+6+6+6,active=40,weights=83886080,hash=f78f622c4f01ddf6",2,"depth counts player layers; depth 1 = player move, spawn, evaluator",custom,0,0,none,30087,80148,3716,12,4096,0.082304749999999996,441823399,108765353
2026-08-25T06:01:06.365Z,unavailable,Release,N1-fixed,N1,,"N1:ntuple-td-learned:experiments/weights/n5_large_tcbwd_100k.bin:tuples=6+6+6+6+6,active=40,weights=83886080,hash=f78f622c4f01ddf6",2,"depth counts player layers; depth 1 = player move, spawn, evaluator",custom,0,0,none,30088,172876,7201,13,8192,0.15042845799999999,441823399,108765353
2026-08-25T06:01:06.365Z,unavailable,Release,N1-fixed,N1,,"N1:ntuple-td-learned:experiments/weights/n5_large_tcbwd_100k.bin:tuples=6+6+6+6+6,active=40,weights=83886080,hash=f78f622c4f01ddf6",2,"depth counts player layers; depth 1 = player move, spawn, evaluator",custom,0,0,none,30089,305424,11650,14,16384,0.24781920800000001,441823399,108765353
2026-08-25T06:01:06.365Z,unavailable,Release,N1-fixed,N1,,"N1:ntuple-td-learned:experiments/weights/n5_large_tcbwd_100k.bin:tuples=6+6+6+6+6,active=40,weights=83886080,hash=f78f622c4f01ddf6",2,"depth counts player layers; depth 1 = player move, spawn, evaluator",custom,0,0,none,30090,174312,7212,13,8192,0.15527812499999999,441823399,108765353
2026-08-25T06:01:06.365Z,unavailable,Release,N1-fixed,N1,,"N1:ntuple-td-learned:experiments/weights/n5_large_tcbwd_100k.bin:tuples=6+6+6+6+6,active=40,weights=83886080,hash=f78f622c4f01ddf6",2,"depth counts player layers; depth 1 = player move, spawn, evaluator",custom,0,0,none,30091,340984,12922,14,16384,0.26175575000000001,441823399,108765353
2026-08-25T06:01:06.365Z,unavailable,Release,N1-fixed,N1,,"N1:ntuple-td-learned:experiments/weights/n5_large_tcbwd_100k.bin:tuples=6+6+6+6+6,active=40,weights=83886080,hash=f78f622c4f01ddf6",2,"depth counts player layers; depth 1 = player move, spawn, evaluator",custom,0,0,none,30092,138008,5812,13,8192,0.12305079100000001,441823399,108765353
2026-08-25T06:01:06.365Z,unavailable,Release,N1-fixed,N1,,"N1:ntuple-td-learned:experiments/weights/n5_large_tcbwd_100k.bin:tuples=6+6+6+6+6,active=40,weights=83886080,hash=f78f622c4f01ddf6",2,"depth counts player layers; depth 1 = player move, spawn, evaluator",custom,0,0,none,30093,177208,7442,13,8192,0.159767625,441823399,108765353
2026-08-25T06:01:06.365Z,unavailable,Release,N1-fixed,N1,,"N1:ntuple-td-learned:experiments/weights/n5_large_tcbwd_100k.bin:tuples=6+6+6+6+6,active=40,weights=83886080,hash=f78f622c4f01ddf6",2,"depth counts player layers; depth 1 = player move, spawn, evaluator",custom,0,0,none,30094,163976,6734,13,8192,0.15163175000000001,441823399,108765353
2026-08-25T06:01:06.365Z,unavailable,Release,N1-fixed,N1,,"N1:ntuple-td-learned:experiments/weights/n5_large_tcbwd_100k.bin:tuples=6+6+6+6+6,active=40,weights=83886080,hash=f78f622c4f01ddf6",2,"depth counts player layers; depth 1 = player move, spawn, evaluator",custom,0,0,none,30095,188056,7892,13,8192,0.173161334,441823399,108765353
2026-08-25T06:01:06.365Z,unavailable,Release,N1-fixed,N1,,"N1:ntuple-td-learned:experiments/weights/n5_large_tcbwd_100k.bin:tuples=6+6+6+6+6,active=40,weights=83886080,hash=f78f622c4f01ddf6",2,"depth counts player layers; depth 1 = player move, spawn, evaluator",custom,0,0,none,30096,170440,7009,13,8192,0.15223904199999999,441823399,108765353
2026-08-25T06:01:06.365Z,unavailable,Release,N1-fixed,N1,,"N1:ntuple-td-learned:experiments/weights/n5_large_tcbwd_100k.bin:tuples=6+6+6+6+6,active=40,weights=83886080,hash=f78f622c4f01ddf6",2,"depth counts player layers; depth 1 = player move, spawn, evaluator",custom,0,0,none,30097,197080,8356,13,8192,0.17806787499999999,441823399,108765353
2026-08-25T06:01:06.365Z,unavailable,Release,N1-fixed,N1,,"N1:ntuple-td-learned:experiments/weights/n5_large_tcbwd_100k.bin:tuples=6+6+6+6+6,active=40,weights=83886080,hash=f78f622c4f01ddf6",2,"depth counts player layers; depth 1 = player move, spawn, evaluator",custom,0,0,none,30098,171580,7114,13,8192,0.15382758299999999,441823399,108765353
2026-08-25T06:01:06.365Z,unavailable,Release,N1-fixed,N1,,"N1:ntuple-td-learned:experiments/weights/n5_large_tcbwd_100k.bin:tuples=6+6+6+6+6,active=40,weights=83886080,hash=f78f622c4f01ddf6",2,"depth counts player layers; depth 1 = player move, spawn, evaluator",custom,0,0,none,30099,174932,7313,13,8192,0.15848895800000001,441823399,108765353
2026-08-25T06:01:06.365Z,unavailable,Release,N1-fixed,N1,,"N1:ntuple-td-learned:experiments/weights/n5_large_tcbwd_100k.bin:tuples=6+6+6+6+6,active=40,weights=83886080,hash=f78f622c4f01ddf6",2,"depth counts player layers; depth 1 = player move, spawn, evaluator",custom,0,0,none,30100,166180,6888,13,8192,0.14664845900000001,441823399,108765353
2026-08-25T06:01:06.365Z,unavailable,Release,N1-fixed,N1,,"N1:ntuple-td-learned:experiments/weights/n5_large_tcbwd_100k.bin:tuples=6+6+6+6+6,active=40,weights=83886080,hash=f78f622c4f01ddf6",2,"depth counts player layers; depth 1 = player move, spawn, evaluator",custom,0,0,none,30101,198156,8174,13,8192,0.17972670800000001,441823399,108765353
2026-08-25T06:01:06.365Z,unavailable,Release,N1-fixed,N1,,"N1:ntuple-td-learned:experiments/weights/n5_large_tcbwd_100k.bin:tuples=6+6+6+6+6,active=40,weights=83886080,hash=f78f622c4f01ddf6",2,"depth counts player layers; depth 1 = player move, spawn, evaluator",custom,0,0,none,30102,167340,6903,13,8192,0.15263525,441823399,108765353
2026-08-25T06:01:06.365Z,unavailable,Release,N1-fixed,N1,,"N1:ntuple-td-learned:experiments/weights/n5_large_tcbwd_100k.bin:tuples=6+6+6+6+6,active=40,weights=83886080,hash=f78f622c4f01ddf6",2,"depth counts player layers; depth 1 = player move, spawn, evaluator",custom,0,0,none,30103,132444,5581,13,8192,0.120068416,441823399,108765353
2026-08-25T06:01:06.365Z,unavailable,Release,N1-fixed,N1,,"N1:ntuple-td-learned:experiments/weights/n5_large_tcbwd_100k.bin:tuples=6+6+6+6+6,active=40,weights=83886080,hash=f78f622c4f01ddf6",2,"depth counts player layers; depth 1 = player move, spawn, evaluator",custom,0,0,none,30104,171508,7086,13,8192,0.156973375,441823399,108765353
2026-08-25T06:01:06.365Z,unavailable,Release,N1-fixed,N1,,"N1:ntuple-td-learned:experiments/weights/n5_large_tcbwd_100k.bin:tuples=6+6+6+6+6,active=40,weights=83886080,hash=f78f622c4f01ddf6",2,"depth counts player layers; depth 1 = player move, spawn, evaluator",custom,0,0,none,30105,167368,6931,13,8192,0.15259441600000001,441823399,108765353
2026-08-25T06:01:06.365Z,unavailable,Release,N1-fixed,N1,,"N1:ntuple-td-learned:experiments/weights/n5_large_tcbwd_100k.bin:tuples=6+6+6+6+6,active=40,weights=83886080,hash=f78f622c4f01ddf6",2,"depth counts player layers; depth 1 = player move, spawn, evaluator",custom,0,0,none,30106,60776,2841,12,4096,0.062567790999999998,441823399,108765353
2026-08-25T06:01:06.365Z,unavailable,Release,N1-fixed,N1,,"N1:ntuple-td-learned:experiments/weights/n5_large_tcbwd_100k.bin:tuples=6+6+6+6+6,active=40,weights=83886080,hash=f78f622c4f01ddf6",2,"depth counts player layers; depth 1 = player move, spawn, evaluator",custom,0,0,none,30107,65816,2929,12,4096,0.067417292000000004,441823399,108765353
2026-08-25T06:01:06.365Z,unavailable,Release,N1-fixed,N1,,"N1:ntuple-td-learned:experiments/weights/n5_large_tcbwd_100k.bin:tuples=6+6+6+6+6,active=40,weights=83886080,hash=f78f622c4f01ddf6",2,"depth counts player layers; depth 1 = player move, spawn, evaluator",custom,0,0,none,30108,171616,7122,13,8192,0.15213199999999999,441823399,108765353
2026-08-25T06:01:06.365Z,unavailable,Release,N1-fixed,N1,,"N1:ntuple-td-learned:experiments/weights/n5_large_tcbwd_100k.bin:tuples=6+6+6+6+6,active=40,weights=83886080,hash=f78f622c4f01ddf6",2,"depth counts player layers; depth 1 = player move, spawn, evaluator",custom,0,0,none,30109,168848,7011,13,8192,0.14926266599999999,441823399,108765353
2026-08-25T06:01:06.365Z,unavailable,Release,N1-fixed,N1,,"N1:ntuple-td-learned:experiments/weights/n5_large_tcbwd_100k.bin:tuples=6+6+6+6+6,active=40,weights=83886080,hash=f78f622c4f01ddf6",2,"depth counts player layers; depth 1 = player move, spawn, evaluator",custom,0,0,none,30110,132528,5532,13,8192,0.124872625,441823399,108765353
2026-08-25T06:01:06.365Z,unavailable,Release,N1-fixed,N1,,"N1:ntuple-td-learned:experiments/weights/n5_large_tcbwd_100k.bin:tuples=6+6+6+6+6,active=40,weights=83886080,hash=f78f622c4f01ddf6",2,"depth counts player layers; depth 1 = player move, spawn, evaluator",custom,0,0,none,30111,167492,6955,13,8192,0.15215066699999999,441823399,108765353
2026-08-25T06:01:06.365Z,unavailable,Release,N1-fixed,N1,,"N1:ntuple-td-learned:experiments/weights/n5_large_tcbwd_100k.bin:tuples=6+6+6+6+6,active=40,weights=83886080,hash=f78f622c4f01ddf6",2,"depth counts player layers; depth 1 = player move, spawn, evaluator",custom,0,0,none,30112,132992,5582,13,8192,0.12092979099999999,441823399,108765353
2026-08-25T06:01:06.365Z,unavailable,Release,N1-fixed,N1,,"N1:ntuple-td-learned:experiments/weights/n5_large_tcbwd_100k.bin:tuples=6+6+6+6+6,active=40,weights=83886080,hash=f78f622c4f01ddf6",2,"depth counts player layers; depth 1 = player move, spawn, evaluator",custom,0,0,none,30113,269424,10183,14,16384,0.21200354199999999,441823399,108765353
2026-08-25T06:01:06.365Z,unavailable,Release,N1-fixed,N1,,"N1:ntuple-td-learned:experiments/weights/n5_large_tcbwd_100k.bin:tuples=6+6+6+6+6,active=40,weights=83886080,hash=f78f622c4f01ddf6",2,"depth counts player layers; depth 1 = player move, spawn, evaluator",custom,0,0,none,30114,174784,7292,13,8192,0.152648125,441823399,108765353
2026-08-25T06:01:06.365Z,unavailable,Release,N1-fixed,N1,,"N1:ntuple-td-learned:experiments/weights/n5_large_tcbwd_100k.bin:tuples=6+6+6+6+6,active=40,weights=83886080,hash=f78f622c4f01ddf6",2,"depth counts player layers; depth 1 = player move, spawn, evaluator",custom,0,0,none,30115,78996,3636,12,4096,0.071220167000000001,441823399,108765353
2026-08-25T06:01:06.365Z,unavailable,Release,N1-fixed,N1,,"N1:ntuple-td-learned:experiments/weights/n5_large_tcbwd_100k.bin:tuples=6+6+6+6+6,active=40,weights=83886080,hash=f78f622c4f01ddf6",2,"depth counts player layers; depth 1 = player move, spawn, evaluator",custom,0,0,none,30116,175672,7373,13,8192,0.15681025000000001,441823399,108765353
2026-08-25T06:01:06.365Z,unavailable,Release,N1-fixed,N1,,"N1:ntuple-td-learned:experiments/weights/n5_large_tcbwd_100k.bin:tuples=6+6+6+6+6,active=40,weights=83886080,hash=f78f622c4f01ddf6",2,"depth counts player layers; depth 1 = player move, spawn, evaluator",custom,0,0,none,30117,80700,3742,12,4096,0.081939459000000006,441823399,108765353
2026-08-25T06:01:06.365Z,unavailable,Release,N1-fixed,N1,,"N1:ntuple-td-learned:experiments/weights/n5_large_tcbwd_100k.bin:tuples=6+6+6+6+6,active=40,weights=83886080,hash=f78f622c4f01ddf6",2,"depth counts player layers; depth 1 = player move, spawn, evaluator",custom,0,0,none,30118,164124,6727,13,8192,0.145190916,441823399,108765353
2026-08-25T06:01:06.365Z,unavailable,Release,N1-fixed,N1,,"N1:ntuple-td-learned:experiments/weights/n5_large_tcbwd_100k.bin:tuples=6+6+6+6+6,active=40,weights=83886080,hash=f78f622c4f01ddf6",2,"depth counts player layers; depth 1 = player move, spawn, evaluator",custom,0,0,none,30119,80560,3738,12,4096,0.081575707999999997,441823399,108765353
2026-08-25T06:01:06.365Z,unavailable,Release,N1-fixed,N1,,"N1:ntuple-td-learned:experiments/weights/n5_large_tcbwd_100k.bin:tuples=6+6+6+6+6,active=40,weights=83886080,hash=f78f622c4f01ddf6",2,"depth counts player layers; depth 1 = player move, spawn, evaluator",custom,0,0,none,30120,167500,6944,13,8192,0.14794437499999999,441823399,108765353
2026-08-25T06:01:06.365Z,unavailable,Release,N1-fixed,N1,,"N1:ntuple-td-learned:experiments/weights/n5_large_tcbwd_100k.bin:tuples=6+6+6+6+6,active=40,weights=83886080,hash=f78f622c4f01ddf6",2,"depth counts player layers; depth 1 = player move, spawn, evaluator",custom,0,0,none,30121,168996,7044,13,8192,0.150098125,441823399,108765353
2026-08-25T06:01:06.365Z,unavailable,Release,N1-fixed,N1,,"N1:ntuple-td-learned:experiments/weights/n5_large_tcbwd_100k.bin:tuples=6+6+6+6+6,active=40,weights=83886080,hash=f78f622c4f01ddf6",2,"depth counts player layers; depth 1 = player move, spawn, evaluator",custom,0,0,none,30122,279588,10607,14,16384,0.22110825000000001,441823399,108765353
2026-08-25T06:01:06.365Z,unavailable,Release,N1-fixed,N1,,"N1:ntuple-td-learned:experiments/weights/n5_large_tcbwd_100k.bin:tuples=6+6+6+6+6,active=40,weights=83886080,hash=f78f622c4f01ddf6",2,"depth counts player layers; depth 1 = player move, spawn, evaluator",custom,0,0,none,30123,26624,1377,11,2048,0.032141375,441823399,108765353
2026-08-25T06:01:06.365Z,unavailable,Release,N1-fixed,N1,,"N1:ntuple-td-learned:experiments/weights/n5_large_tcbwd_100k.bin:tuples=6+6+6+6+6,active=40,weights=83886080,hash=f78f622c4f01ddf6",2,"depth counts player layers; depth 1 = player move, spawn, evaluator",custom,0,0,none,30124,264340,9889,14,16384,0.21862100000000001,441823399,108765353
2026-08-25T06:01:06.365Z,unavailable,Release,N1-fixed,N1,,"N1:ntuple-td-learned:experiments/weights/n5_large_tcbwd_100k.bin:tuples=6+6+6+6+6,active=40,weights=83886080,hash=f78f622c4f01ddf6",2,"depth counts player layers; depth 1 = player move, spawn, evaluator",custom,0,0,none,30125,175508,7333,13,8192,0.15886820800000001,441823399,108765353
2026-08-25T06:01:06.365Z,unavailable,Release,N1-fixed,N1,,"N1:ntuple-td-learned:experiments/weights/n5_large_tcbwd_100k.bin:tuples=6+6+6+6+6,active=40,weights=83886080,hash=f78f622c4f01ddf6",2,"depth counts player layers; depth 1 = player move, spawn, evaluator",custom,0,0,none,30126,174436,7252,13,8192,0.15319325,441823399,108765353
2026-08-25T06:01:06.365Z,unavailable,Release,N1-fixed,N1,,"N1:ntuple-td-learned:experiments/weights/n5_large_tcbwd_100k.bin:tuples=6+6+6+6+6,active=40,weights=83886080,hash=f78f622c4f01ddf6",2,"depth counts player layers; depth 1 = player move, spawn, evaluator",custom,0,0,none,30127,164520,6746,13,8192,0.14799304199999999,441823399,108765353
2026-08-25T06:01:06.365Z,unavailable,Release,N1-fixed,N1,,"N1:ntuple-td-learned:experiments/weights/n5_large_tcbwd_100k.bin:tuples=6+6+6+6+6,active=40,weights=83886080,hash=f78f622c4f01ddf6",2,"depth counts player layers; depth 1 = player move, spawn, evaluator",custom,0,0,none,30128,177068,7407,13,8192,0.157654708,441823399,108765353
2026-08-25T06:01:06.365Z,unavailable,Release,N1-fixed,N1,,"N1:ntuple-td-learned:experiments/weights/n5_large_tcbwd_100k.bin:tuples=6+6+6+6+6,active=40,weights=83886080,hash=f78f622c4f01ddf6",2,"depth counts player layers; depth 1 = player move, spawn, evaluator",custom,0,0,none,30129,75320,3468,12,4096,0.079275582999999997,441823399,108765353
2026-08-25T06:01:06.365Z,unavailable,Release,N1-fixed,N1,,"N1:ntuple-td-learned:experiments/weights/n5_large_tcbwd_100k.bin:tuples=6+6+6+6+6,active=40,weights=83886080,hash=f78f622c4f01ddf6",2,"depth counts player layers; depth 1 = player move, spawn, evaluator",custom,0,0,none,30130,176380,7385,13,8192,0.15746137499999999,441823399,108765353
2026-08-25T06:01:06.365Z,unavailable,Release,N1-fixed,N1,,"N1:ntuple-td-learned:experiments/weights/n5_large_tcbwd_100k.bin:tuples=6+6+6+6+6,active=40,weights=83886080,hash=f78f622c4f01ddf6",2,"depth counts player layers; depth 1 = player move, spawn, evaluator",custom,0,0,none,30131,274592,10261,14,16384,0.22356324999999999,441823399,108765353
2026-08-25T06:01:06.365Z,unavailable,Release,N1-fixed,N1,,"N1:ntuple-td-learned:experiments/weights/n5_large_tcbwd_100k.bin:tuples=6+6+6+6+6,active=40,weights=83886080,hash=f78f622c4f01ddf6",2,"depth counts player layers; depth 1 = player move, spawn, evaluator",custom,0,0,none,30132,204476,8033,13,8192,0.17227158300000001,441823399,108765353
2026-08-25T06:01:06.365Z,unavailable,Release,N1-fixed,N1,,"N1:ntuple-td-learned:experiments/weights/n5_large_tcbwd_100k.bin:tuples=6+6+6+6+6,active=40,weights=83886080,hash=f78f622c4f01ddf6",2,"depth counts player layers; depth 1 = player move, spawn, evaluator",custom,0,0,none,30133,173000,7203,13,8192,0.15636404200000001,441823399,108765353
2026-08-25T06:01:06.365Z,unavailable,Release,N1-fixed,N1,,"N1:ntuple-td-learned:experiments/weights/n5_large_tcbwd_100k.bin:tuples=6+6+6+6+6,active=40,weights=83886080,hash=f78f622c4f01ddf6",2,"depth counts player layers; depth 1 = player move, spawn, evaluator",custom,0,0,none,30134,167356,6907,13,8192,0.286337167,441823399,108765353
2026-08-25T06:01:06.365Z,unavailable,Release,N1-fixed,N1,,"N1:ntuple-td-learned:experiments/weights/n5_large_tcbwd_100k.bin:tuples=6+6+6+6+6,active=40,weights=83886080,hash=f78f622c4f01ddf6",2,"depth counts player layers; depth 1 = player move, spawn, evaluator",custom,0,0,none,30135,152716,6483,13,8192,0.160621083,441823399,108765353
2026-08-25T06:01:06.365Z,unavailable,Release,N1-fixed,N1,,"N1:ntuple-td-learned:experiments/weights/n5_large_tcbwd_100k.bin:tuples=6+6+6+6+6,active=40,weights=83886080,hash=f78f622c4f01ddf6",2,"depth counts player layers; depth 1 = player move, spawn, evaluator",custom,0,0,none,30136,164584,6763,13,8192,0.154681084,441823399,108765353
2026-08-25T06:01:06.365Z,unavailable,Release,N1-fixed,N1,,"N1:ntuple-td-learned:experiments/weights/n5_large_tcbwd_100k.bin:tuples=6+6+6+6+6,active=40,weights=83886080,hash=f78f622c4f01ddf6",2,"depth counts player layers; depth 1 = player move, spawn, evaluator",custom,0,0,none,30137,173156,7204,13,8192,0.16323895799999999,441823399,108765353
2026-08-25T06:01:06.365Z,unavailable,Release,N1-fixed,N1,,"N1:ntuple-td-learned:experiments/weights/n5_large_tcbwd_100k.bin:tuples=6+6+6+6+6,active=40,weights=83886080,hash=f78f622c4f01ddf6",2,"depth counts player layers; depth 1 = player move, spawn, evaluator",custom,0,0,none,30138,175124,7280,13,8192,0.16105274999999999,441823399,108765353
2026-08-25T06:01:06.365Z,unavailable,Release,N1-fixed,N1,,"N1:ntuple-td-learned:experiments/weights/n5_large_tcbwd_100k.bin:tuples=6+6+6+6+6,active=40,weights=83886080,hash=f78f622c4f01ddf6",2,"depth counts player layers; depth 1 = player move, spawn, evaluator",custom,0,0,none,30139,133012,5604,13,8192,0.12855849999999999,441823399,108765353
2026-08-25T06:01:06.365Z,unavailable,Release,N1-fixed,N1,,"N1:ntuple-td-learned:experiments/weights/n5_large_tcbwd_100k.bin:tuples=6+6+6+6+6,active=40,weights=83886080,hash=f78f622c4f01ddf6",2,"depth counts player layers; depth 1 = player move, spawn, evaluator",custom,0,0,none,30140,153784,6351,13,8192,0.14938654200000001,441823399,108765353
2026-08-25T06:01:06.365Z,unavailable,Release,N1-fixed,N1,,"N1:ntuple-td-learned:experiments/weights/n5_large_tcbwd_100k.bin:tuples=6+6+6+6+6,active=40,weights=83886080,hash=f78f622c4f01ddf6",2,"depth counts player layers; depth 1 = player move, spawn, evaluator",custom,0,0,none,30141,88828,4153,12,4096,0.096930792000000002,441823399,108765353
2026-08-25T06:01:06.365Z,unavailable,Release,N1-fixed,N1,,"N1:ntuple-td-learned:experiments/weights/n5_large_tcbwd_100k.bin:tuples=6+6+6+6+6,active=40,weights=83886080,hash=f78f622c4f01ddf6",2,"depth counts player layers; depth 1 = player move, spawn, evaluator",custom,0,0,none,30142,129032,5378,13,8192,0.13446812499999999,441823399,108765353
2026-08-25T06:01:06.365Z,unavailable,Release,N1-fixed,N1,,"N1:ntuple-td-learned:experiments/weights/n5_large_tcbwd_100k.bin:tuples=6+6+6+6+6,active=40,weights=83886080,hash=f78f622c4f01ddf6",2,"depth counts player layers; depth 1 = player move, spawn, evaluator",custom,0,0,none,30143,152472,6225,13,8192,0.135970708,441823399,108765353
2026-08-25T06:01:06.365Z,unavailable,Release,N1-fixed,N1,,"N1:ntuple-td-learned:experiments/weights/n5_large_tcbwd_100k.bin:tuples=6+6+6+6+6,active=40,weights=83886080,hash=f78f622c4f01ddf6",2,"depth counts player layers; depth 1 = player move, spawn, evaluator",custom,0,0,none,30144,80164,3705,12,4096,0.080133625,441823399,108765353
2026-08-25T06:01:06.365Z,unavailable,Release,N1-fixed,N1,,"N1:ntuple-td-learned:experiments/weights/n5_large_tcbwd_100k.bin:tuples=6+6+6+6+6,active=40,weights=83886080,hash=f78f622c4f01ddf6",2,"depth counts player layers; depth 1 = player move, spawn, evaluator",custom,0,0,none,30145,173220,7209,13,8192,0.15400362500000001,441823399,108765353
2026-08-25T06:01:06.365Z,unavailable,Release,N1-fixed,N1,,"N1:ntuple-td-learned:experiments/weights/n5_large_tcbwd_100k.bin:tuples=6+6+6+6+6,active=40,weights=83886080,hash=f78f622c4f01ddf6",2,"depth counts player layers; depth 1 = player move, spawn, evaluator",custom,0,0,none,30146,176424,7374,13,8192,0.15979887500000001,441823399,108765353
2026-08-25T06:01:06.365Z,unavailable,Release,N1-fixed,N1,,"N1:ntuple-td-learned:experiments/weights/n5_large_tcbwd_100k.bin:tuples=6+6+6+6+6,active=40,weights=83886080,hash=f78f622c4f01ddf6",2,"depth counts player layers; depth 1 = player move, spawn, evaluator",custom,0,0,none,30147,168016,6963,13,8192,0.15297570799999999,441823399,108765353
2026-08-25T06:01:06.365Z,unavailable,Release,N1-fixed,N1,,"N1:ntuple-td-learned:experiments/weights/n5_large_tcbwd_100k.bin:tuples=6+6+6+6+6,active=40,weights=83886080,hash=f78f622c4f01ddf6",2,"depth counts player layers; depth 1 = player move, spawn, evaluator",custom,0,0,none,30148,107252,4333,13,8192,0.103014833,441823399,108765353
2026-08-25T06:01:06.365Z,unavailable,Release,N1-fixed,N1,,"N1:ntuple-td-learned:experiments/weights/n5_large_tcbwd_100k.bin:tuples=6+6+6+6+6,active=40,weights=83886080,hash=f78f622c4f01ddf6",2,"depth counts player layers; depth 1 = player move, spawn, evaluator",custom,0,0,none,30149,177232,7459,13,8192,0.16302050000000001,441823399,108765353
2026-08-25T06:01:06.365Z,unavailable,Release,N1-fixed,N1,,"N1:ntuple-td-learned:experiments/weights/n5_large_tcbwd_100k.bin:tuples=6+6+6+6+6,active=40,weights=83886080,hash=f78f622c4f01ddf6",2,"depth counts player layers; depth 1 = player move, spawn, evaluator",custom,0,0,none,30150,16104,950,10,1024,0.021436500000000001,441823399,108765353
2026-08-25T06:01:06.365Z,unavailable,Release,N1-fixed,N1,,"N1:ntuple-td-learned:experiments/weights/n5_large_tcbwd_100k.bin:tuples=6+6+6+6+6,active=40,weights=83886080,hash=f78f622c4f01ddf6",2,"depth counts player layers; depth 1 = player move, spawn, evaluator",custom,0,0,none,30151,148908,6123,13,8192,0.13387837499999999,441823399,108765353
2026-08-25T06:01:06.365Z,unavailable,Release,N1-fixed,N1,,"N1:ntuple-td-learned:experiments/weights/n5_large_tcbwd_100k.bin:tuples=6+6+6+6+6,active=40,weights=83886080,hash=f78f622c4f01ddf6",2,"depth counts player layers; depth 1 = player move, spawn, evaluator",custom,0,0,none,30152,152372,6206,13,8192,0.13121274999999999,441823399,108765353
2026-08-25T06:01:06.365Z,unavailable,Release,N1-fixed,N1,,"N1:ntuple-td-learned:experiments/weights/n5_large_tcbwd_100k.bin:tuples=6+6+6+6+6,active=40,weights=83886080,hash=f78f622c4f01ddf6",2,"depth counts player layers; depth 1 = player move, spawn, evaluator",custom,0,0,none,30153,131176,5472,13,8192,0.116374084,441823399,108765353
2026-08-25T06:01:06.365Z,unavailable,Release,N1-fixed,N1,,"N1:ntuple-td-learned:experiments/weights/n5_large_tcbwd_100k.bin:tuples=6+6+6+6+6,active=40,weights=83886080,hash=f78f622c4f01ddf6",2,"depth counts player layers; depth 1 = player move, spawn, evaluator",custom,0,0,none,30154,132992,5599,13,8192,0.119385083,441823399,108765353
2026-08-25T06:01:06.365Z,unavailable,Release,N1-fixed,N1,,"N1:ntuple-td-learned:experiments/weights/n5_large_tcbwd_100k.bin:tuples=6+6+6+6+6,active=40,weights=83886080,hash=f78f622c4f01ddf6",2,"depth counts player layers; depth 1 = player move, spawn, evaluator",custom,0,0,none,30155,246100,9283,14,16384,0.201065833,441823399,108765353
2026-08-25T06:01:06.365Z,unavailable,Release,N1-fixed,N1,,"N1:ntuple-td-learned:experiments/weights/n5_large_tcbwd_100k.bin:tuples=6+6+6+6+6,active=40,weights=83886080,hash=f78f622c4f01ddf6",2,"depth counts player layers; depth 1 = player move, spawn, evaluator",custom,0,0,none,30156,176528,7403,13,8192,0.15990095900000001,441823399,108765353
2026-08-25T06:01:06.365Z,unavailable,Release,N1-fixed,N1,,"N1:ntuple-td-learned:experiments/weights/n5_large_tcbwd_100k.bin:tuples=6+6+6+6+6,active=40,weights=83886080,hash=f78f622c4f01ddf6",2,"depth counts player layers; depth 1 = player move, spawn, evaluator",custom,0,0,none,30157,167928,6945,13,8192,0.15358983300000001,441823399,108765353
2026-08-25T06:01:06.365Z,unavailable,Release,N1-fixed,N1,,"N1:ntuple-td-learned:experiments/weights/n5_large_tcbwd_100k.bin:tuples=6+6+6+6+6,active=40,weights=83886080,hash=f78f622c4f01ddf6",2,"depth counts player layers; depth 1 = player move, spawn, evaluator",custom,0,0,none,30158,192080,8037,13,8192,0.17258079200000001,441823399,108765353
2026-08-25T06:01:06.365Z,unavailable,Release,N1-fixed,N1,,"N1:ntuple-td-learned:experiments/weights/n5_large_tcbwd_100k.bin:tuples=6+6+6+6+6,active=40,weights=83886080,hash=f78f622c4f01ddf6",2,"depth counts player layers; depth 1 = player move, spawn, evaluator",custom,0,0,none,30159,177216,7446,13,8192,0.16262579199999999,441823399,108765353
2026-08-25T06:01:06.365Z,unavailable,Release,N1-fixed,N1,,"N1:ntuple-td-learned:experiments/weights/n5_large_tcbwd_100k.bin:tuples=6+6+6+6+6,active=40,weights=83886080,hash=f78f622c4f01ddf6",2,"depth counts player layers; depth 1 = player move, spawn, evaluator",custom,0,0,none,30160,141360,5890,13,8192,0.126888167,441823399,108765353
2026-08-25T06:01:06.365Z,unavailable,Release,N1-fixed,N1,,"N1:ntuple-td-learned:experiments/weights/n5_large_tcbwd_100k.bin:tuples=6+6+6+6+6,active=40,weights=83886080,hash=f78f622c4f01ddf6",2,"depth counts player layers; depth 1 = player move, spawn, evaluator",custom,0,0,none,30161,176376,7380,13,8192,0.16444091699999999,441823399,108765353
2026-08-25T06:01:06.365Z,unavailable,Release,N1-fixed,N1,,"N1:ntuple-td-learned:experiments/weights/n5_large_tcbwd_100k.bin:tuples=6+6+6+6+6,active=40,weights=83886080,hash=f78f622c4f01ddf6",2,"depth counts player layers; depth 1 = player move, spawn, evaluator",custom,0,0,none,30162,173104,7175,13,8192,0.14756941700000001,441823399,108765353
2026-08-25T06:01:06.365Z,unavailable,Release,N1-fixed,N1,,"N1:ntuple-td-learned:experiments/weights/n5_large_tcbwd_100k.bin:tuples=6+6+6+6+6,active=40,weights=83886080,hash=f78f622c4f01ddf6",2,"depth counts player layers; depth 1 = player move, spawn, evaluator",custom,0,0,none,30163,244984,9200,14,16384,0.193766625,441823399,108765353
2026-08-25T06:01:06.365Z,unavailable,Release,N1-fixed,N1,,"N1:ntuple-td-learned:experiments/weights/n5_large_tcbwd_100k.bin:tuples=6+6+6+6+6,active=40,weights=83886080,hash=f78f622c4f01ddf6",2,"depth counts player layers; depth 1 = player move, spawn, evaluator",custom,0,0,none,30164,255076,9753,14,16384,0.199161542,441823399,108765353
2026-08-25T06:01:06.365Z,unavailable,Release,N1-fixed,N1,,"N1:ntuple-td-learned:experiments/weights/n5_large_tcbwd_100k.bin:tuples=6+6+6+6+6,active=40,weights=83886080,hash=f78f622c4f01ddf6",2,"depth counts player layers; depth 1 = player move, spawn, evaluator",custom,0,0,none,30165,157148,6505,13,8192,0.14409925000000001,441823399,108765353
2026-08-25T06:01:06.365Z,unavailable,Release,N1-fixed,N1,,"N1:ntuple-td-learned:experiments/weights/n5_large_tcbwd_100k.bin:tuples=6+6+6+6+6,active=40,weights=83886080,hash=f78f622c4f01ddf6",2,"depth counts player layers; depth 1 = player move, spawn, evaluator",custom,0,0,none,30166,173664,7241,13,8192,0.16027883300000001,441823399,108765353
2026-08-25T06:01:06.365Z,unavailable,Release,N1-fixed,N1,,"N1:ntuple-td-learned:experiments/weights/n5_large_tcbwd_100k.bin:tuples=6+6+6+6+6,active=40,weights=83886080,hash=f78f622c4f01ddf6",2,"depth counts player layers; depth 1 = player move, spawn, evaluator",custom,0,0,none,30167,133128,5615,13,8192,0.12289799999999999,441823399,108765353
2026-08-25T06:01:06.365Z,unavailable,Release,N1-fixed,N1,,"N1:ntuple-td-learned:experiments/weights/n5_large_tcbwd_100k.bin:tuples=6+6+6+6+6,active=40,weights=83886080,hash=f78f622c4f01ddf6",2,"depth counts player layers; depth 1 = player move, spawn, evaluator",custom,0,0,none,30168,176812,7402,13,8192,0.157764708,441823399,108765353
2026-08-25T06:01:06.365Z,unavailable,Release,N1-fixed,N1,,"N1:ntuple-td-learned:experiments/weights/n5_large_tcbwd_100k.bin:tuples=6+6+6+6+6,active=40,weights=83886080,hash=f78f622c4f01ddf6",2,"depth counts player layers; depth 1 = player move, spawn, evaluator",custom,0,0,none,30169,174944,7314,13,8192,0.16134995899999999,441823399,108765353
2026-08-25T06:01:06.365Z,unavailable,Release,N1-fixed,N1,,"N1:ntuple-td-learned:experiments/weights/n5_large_tcbwd_100k.bin:tuples=6+6+6+6+6,active=40,weights=83886080,hash=f78f622c4f01ddf6",2,"depth counts player layers; depth 1 = player move, spawn, evaluator",custom,0,0,none,30170,123088,5066,13,8192,0.117487708,441823399,108765353
2026-08-25T06:01:06.365Z,unavailable,Release,N1-fixed,N1,,"N1:ntuple-td-learned:experiments/weights/n5_large_tcbwd_100k.bin:tuples=6+6+6+6+6,active=40,weights=83886080,hash=f78f622c4f01ddf6",2,"depth counts player layers; depth 1 = player move, spawn, evaluator",custom,0,0,none,30171,157188,6524,13,8192,0.14735695800000001,441823399,108765353
2026-08-25T06:01:06.365Z,unavailable,Release,N1-fixed,N1,,"N1:ntuple-td-learned:experiments/weights/n5_large_tcbwd_100k.bin:tuples=6+6+6+6+6,active=40,weights=83886080,hash=f78f622c4f01ddf6",2,"depth counts player layers; depth 1 = player move, spawn, evaluator",custom,0,0,none,30172,71420,3275,12,4096,0.076958499999999999,441823399,108765353
2026-08-25T06:01:06.365Z,unavailable,Release,N1-fixed,N1,,"N1:ntuple-td-learned:experiments/weights/n5_large_tcbwd_100k.bin:tuples=6+6+6+6+6,active=40,weights=83886080,hash=f78f622c4f01ddf6",2,"depth counts player layers; depth 1 = player move, spawn, evaluator",custom,0,0,none,30173,294568,11431,14,16384,0.243589375,441823399,108765353
2026-08-25T06:01:06.365Z,unavailable,Release,N1-fixed,N1,,"N1:ntuple-td-learned:experiments/weights/n5_large_tcbwd_100k.bin:tuples=6+6+6+6+6,active=40,weights=83886080,hash=f78f622c4f01ddf6",2,"depth counts player layers; depth 1 = player move, spawn, evaluator",custom,0,0,none,30174,167652,6952,13,8192,0.15867400000000001,441823399,108765353
2026-08-25T06:01:06.365Z,unavailable,Release,N1-fixed,N1,,"N1:ntuple-td-learned:experiments/weights/n5_large_tcbwd_100k.bin:tuples=6+6+6+6+6,active=40,weights=83886080,hash=f78f622c4f01ddf6",2,"depth counts player layers; depth 1 = player move, spawn, evaluator",custom,0,0,none,30175,176860,7399,13,8192,0.15804575000000001,441823399,108765353
2026-08-25T06:01:06.365Z,unavailable,Release,N1-fixed,N1,,"N1:ntuple-td-learned:experiments/weights/n5_large_tcbwd_100k.bin:tuples=6+6+6+6+6,active=40,weights=83886080,hash=f78f622c4f01ddf6",2,"depth counts player layers; depth 1 = player move, spawn, evaluator",custom,0,0,none,30176,170452,6998,13,8192,0.15213491700000001,441823399,108765353
2026-08-25T06:01:06.365Z,unavailable,Release,N1-fixed,N1,,"N1:ntuple-td-learned:experiments/weights/n5_large_tcbwd_100k.bin:tuples=6+6+6+6+6,active=40,weights=83886080,hash=f78f622c4f01ddf6",2,"depth counts player layers; depth 1 = player move, spawn, evaluator",custom,0,0,none,30177,176512,7392,13,8192,0.15736604200000001,441823399,108765353
2026-08-25T06:01:06.365Z,unavailable,Release,N1-fixed,N1,,"N1:ntuple-td-learned:experiments/weights/n5_large_tcbwd_100k.bin:tuples=6+6+6+6+6,active=40,weights=83886080,hash=f78f622c4f01ddf6",2,"depth counts player layers; depth 1 = player move, spawn, evaluator",custom,0,0,none,30178,247172,9393,14,16384,0.19633737500000001,441823399,108765353
2026-08-25T06:01:06.365Z,unavailable,Release,N1-fixed,N1,,"N1:ntuple-td-learned:experiments/weights/n5_large_tcbwd_100k.bin:tuples=6+6+6+6+6,active=40,weights=83886080,hash=f78f622c4f01ddf6",2,"depth counts player layers; depth 1 = player move, spawn, evaluator",custom,0,0,none,30179,163164,6710,13,8192,0.142799167,441823399,108765353
2026-08-25T06:01:06.365Z,unavailable,Release,N1-fixed,N1,,"N1:ntuple-td-learned:experiments/weights/n5_large_tcbwd_100k.bin:tuples=6+6+6+6+6,active=40,weights=83886080,hash=f78f622c4f01ddf6",2,"depth counts player layers; depth 1 = player move, spawn, evaluator",custom,0,0,none,30180,67844,3089,12,4096,0.068490791999999995,441823399,108765353
2026-08-25T06:01:06.365Z,unavailable,Release,N1-fixed,N1,,"N1:ntuple-td-learned:experiments/weights/n5_large_tcbwd_100k.bin:tuples=6+6+6+6+6,active=40,weights=83886080,hash=f78f622c4f01ddf6",2,"depth counts player layers; depth 1 = player move, spawn, evaluator",custom,0,0,none,30181,171488,7113,13,8192,0.15148666599999999,441823399,108765353
2026-08-25T06:01:06.365Z,unavailable,Release,N1-fixed,N1,,"N1:ntuple-td-learned:experiments/weights/n5_large_tcbwd_100k.bin:tuples=6+6+6+6+6,active=40,weights=83886080,hash=f78f622c4f01ddf6",2,"depth counts player layers; depth 1 = player move, spawn, evaluator",custom,0,0,none,30182,80536,3734,12,4096,0.081596457999999997,441823399,108765353
2026-08-25T06:01:06.365Z,unavailable,Release,N1-fixed,N1,,"N1:ntuple-td-learned:experiments/weights/n5_large_tcbwd_100k.bin:tuples=6+6+6+6+6,active=40,weights=83886080,hash=f78f622c4f01ddf6",2,"depth counts player layers; depth 1 = player move, spawn, evaluator",custom,0,0,none,30183,80456,3728,12,4096,0.084822750000000002,441823399,108765353
2026-08-25T06:01:06.365Z,unavailable,Release,N1-fixed,N1,,"N1:ntuple-td-learned:experiments/weights/n5_large_tcbwd_100k.bin:tuples=6+6+6+6+6,active=40,weights=83886080,hash=f78f622c4f01ddf6",2,"depth counts player layers; depth 1 = player move, spawn, evaluator",custom,0,0,none,30184,75364,3482,12,4096,0.074316707999999995,441823399,108765353
2026-08-25T06:01:06.365Z,unavailable,Release,N1-fixed,N1,,"N1:ntuple-td-learned:experiments/weights/n5_large_tcbwd_100k.bin:tuples=6+6+6+6+6,active=40,weights=83886080,hash=f78f622c4f01ddf6",2,"depth counts player layers; depth 1 = player move, spawn, evaluator",custom,0,0,none,30185,168272,6996,13,8192,0.15108808300000001,441823399,108765353
2026-08-25T06:01:06.365Z,unavailable,Release,N1-fixed,N1,,"N1:ntuple-td-learned:experiments/weights/n5_large_tcbwd_100k.bin:tuples=6+6+6+6+6,active=40,weights=83886080,hash=f78f622c4f01ddf6",2,"depth counts player layers; depth 1 = player move, spawn, evaluator",custom,0,0,none,30186,79232,3614,12,4096,0.080062084000000006,441823399,108765353
2026-08-25T06:01:06.365Z,unavailable,Release,N1-fixed,N1,,"N1:ntuple-td-learned:experiments/weights/n5_large_tcbwd_100k.bin:tuples=6+6+6+6+6,active=40,weights=83886080,hash=f78f622c4f01ddf6",2,"depth counts player layers; depth 1 = player move, spawn, evaluator",custom,0,0,none,30187,253276,9559,14,16384,0.204906334,441823399,108765353
2026-08-25T06:01:06.365Z,unavailable,Release,N1-fixed,N1,,"N1:ntuple-td-learned:experiments/weights/n5_large_tcbwd_100k.bin:tuples=6+6+6+6+6,active=40,weights=83886080,hash=f78f622c4f01ddf6",2,"depth counts player layers; depth 1 = player move, spawn, evaluator",custom,0,0,none,30188,190224,7813,13,8192,0.16882841700000001,441823399,108765353
2026-08-25T06:01:06.365Z,unavailable,Release,N1-fixed,N1,,"N1:ntuple-td-learned:experiments/weights/n5_large_tcbwd_100k.bin:tuples=6+6+6+6+6,active=40,weights=83886080,hash=f78f622c4f01ddf6",2,"depth counts player layers; depth 1 = player move, spawn, evaluator",custom,0,0,none,30189,290092,11162,14,16384,0.23913137500000001,441823399,108765353
2026-08-25T06:01:06.365Z,unavailable,Release,N1-fixed,N1,,"N1:ntuple-td-learned:experiments/weights/n5_large_tcbwd_100k.bin:tuples=6+6+6+6+6,active=40,weights=83886080,hash=f78f622c4f01ddf6",2,"depth counts player layers; depth 1 = player move, spawn, evaluator",custom,0,0,none,30190,41488,2137,11,2048,0.046614625,441823399,108765353
2026-08-25T06:01:06.365Z,unavailable,Release,N1-fixed,N1,,"N1:ntuple-td-learned:experiments/weights/n5_large_tcbwd_100k.bin:tuples=6+6+6+6+6,active=40,weights=83886080,hash=f78f622c4f01ddf6",2,"depth counts player layers; depth 1 = player move, spawn, evaluator",custom,0,0,none,30191,76512,3513,12,4096,0.076899750000000003,441823399,108765353
2026-08-25T06:01:06.365Z,unavailable,Release,N1-fixed,N1,,"N1:ntuple-td-learned:experiments/weights/n5_large_tcbwd_100k.bin:tuples=6+6+6+6+6,active=40,weights=83886080,hash=f78f622c4f01ddf6",2,"depth counts player layers; depth 1 = player move, spawn, evaluator",custom,0,0,none,30192,170540,7031,13,8192,0.15311566700000001,441823399,108765353
2026-08-25T06:01:06.365Z,unavailable,Release,N1-fixed,N1,,"N1:ntuple-td-learned:experiments/weights/n5_large_tcbwd_100k.bin:tuples=6+6+6+6+6,active=40,weights=83886080,hash=f78f622c4f01ddf6",2,"depth counts player layers; depth 1 = player move, spawn, evaluator",custom,0,0,none,30193,111220,4570,13,8192,0.101590667,441823399,108765353
2026-08-25T06:01:06.365Z,unavailable,Release,N1-fixed,N1,,"N1:ntuple-td-learned:experiments/weights/n5_large_tcbwd_100k.bin:tuples=6+6+6+6+6,active=40,weights=83886080,hash=f78f622c4f01ddf6",2,"depth counts player layers; depth 1 = player move, spawn, evaluator",custom,0,0,none,30194,155276,6391,13,8192,0.14074424999999999,441823399,108765353
2026-08-25T06:01:06.365Z,unavailable,Release,N1-fixed,N1,,"N1:ntuple-td-learned:experiments/weights/n5_large_tcbwd_100k.bin:tuples=6+6+6+6+6,active=40,weights=83886080,hash=f78f622c4f01ddf6",2,"depth counts player layers; depth 1 = player move, spawn, evaluator",custom,0,0,none,30195,171424,7120,13,8192,0.15324195900000001,441823399,108765353
2026-08-25T06:01:06.365Z,unavailable,Release,N1-fixed,N1,,"N1:ntuple-td-learned:experiments/weights/n5_large_tcbwd_100k.bin:tuples=6+6+6+6+6,active=40,weights=83886080,hash=f78f622c4f01ddf6",2,"depth counts player layers; depth 1 = player move, spawn, evaluator",custom,0,0,none,30196,300916,11353,14,16384,0.245339209,441823399,108765353
2026-08-25T06:01:06.365Z,unavailable,Release,N1-fixed,N1,,"N1:ntuple-td-learned:experiments/weights/n5_large_tcbwd_100k.bin:tuples=6+6+6+6+6,active=40,weights=83886080,hash=f78f622c4f01ddf6",2,"depth counts player layers; depth 1 = player move, spawn, evaluator",custom,0,0,none,30197,132176,5509,13,8192,0.12626958399999999,441823399,108765353
2026-08-25T06:01:06.365Z,unavailable,Release,N1-fixed,N1,,"N1:ntuple-td-learned:experiments/weights/n5_large_tcbwd_100k.bin:tuples=6+6+6+6+6,active=40,weights=83886080,hash=f78f622c4f01ddf6",2,"depth counts player layers; depth 1 = player move, spawn, evaluator",custom,0,0,none,30198,177428,7491,13,8192,0.15928675,441823399,108765353
2026-08-25T06:01:06.365Z,unavailable,Release,N1-fixed,N1,,"N1:ntuple-td-learned:experiments/weights/n5_large_tcbwd_100k.bin:tuples=6+6+6+6+6,active=40,weights=83886080,hash=f78f622c4f01ddf6",2,"depth counts player layers; depth 1 = player move, spawn, evaluator",custom,0,0,none,30199,176044,7335,13,8192,0.15955012499999999,441823399,108765353
2026-08-25T06:01:06.365Z,unavailable,Release,N1-fixed,N1,,"N1:ntuple-td-learned:experiments/weights/n5_large_tcbwd_100k.bin:tuples=6+6+6+6+6,active=40,weights=83886080,hash=f78f622c4f01ddf6",2,"depth counts player layers; depth 1 = player move, spawn, evaluator",custom,0,0,none,30200,113196,4715,13,8192,0.11098166700000001,441823399,108765353
2026-08-25T06:01:06.365Z,unavailable,Release,N1-fixed,N1,,"N1:ntuple-td-learned:experiments/weights/n5_large_tcbwd_100k.bin:tuples=6+6+6+6+6,active=40,weights=83886080,hash=f78f622c4f01ddf6",2,"depth counts player layers; depth 1 = player move, spawn, evaluator",custom,0,0,none,30201,122616,5053,13,8192,0.110619042,441823399,108765353
2026-08-25T06:01:06.365Z,unavailable,Release,N1-fixed,N1,,"N1:ntuple-td-learned:experiments/weights/n5_large_tcbwd_100k.bin:tuples=6+6+6+6+6,active=40,weights=83886080,hash=f78f622c4f01ddf6",2,"depth counts player layers; depth 1 = player move, spawn, evaluator",custom,0,0,none,30202,172200,7130,13,8192,0.15472625000000001,441823399,108765353
2026-08-25T06:01:06.365Z,unavailable,Release,N1-fixed,N1,,"N1:ntuple-td-learned:experiments/weights/n5_large_tcbwd_100k.bin:tuples=6+6+6+6+6,active=40,weights=83886080,hash=f78f622c4f01ddf6",2,"depth counts player layers; depth 1 = player move, spawn, evaluator",custom,0,0,none,30203,168160,6973,13,8192,0.150400583,441823399,108765353
2026-08-25T06:01:06.365Z,unavailable,Release,N1-fixed,N1,,"N1:ntuple-td-learned:experiments/weights/n5_large_tcbwd_100k.bin:tuples=6+6+6+6+6,active=40,weights=83886080,hash=f78f622c4f01ddf6",2,"depth counts player layers; depth 1 = player move, spawn, evaluator",custom,0,0,none,30204,157240,6541,13,8192,0.13908024999999999,441823399,108765353
2026-08-25T06:01:06.365Z,unavailable,Release,N1-fixed,N1,,"N1:ntuple-td-learned:experiments/weights/n5_large_tcbwd_100k.bin:tuples=6+6+6+6+6,active=40,weights=83886080,hash=f78f622c4f01ddf6",2,"depth counts player layers; depth 1 = player move, spawn, evaluator",custom,0,0,none,30205,186216,7566,13,8192,0.16219525000000001,441823399,108765353
2026-08-25T06:01:06.365Z,unavailable,Release,N1-fixed,N1,,"N1:ntuple-td-learned:experiments/weights/n5_large_tcbwd_100k.bin:tuples=6+6+6+6+6,active=40,weights=83886080,hash=f78f622c4f01ddf6",2,"depth counts player layers; depth 1 = player move, spawn, evaluator",custom,0,0,none,30206,279092,10683,14,16384,0.222884834,441823399,108765353
2026-08-25T06:01:06.365Z,unavailable,Release,N1-fixed,N1,,"N1:ntuple-td-learned:experiments/weights/n5_large_tcbwd_100k.bin:tuples=6+6+6+6+6,active=40,weights=83886080,hash=f78f622c4f01ddf6",2,"depth counts player layers; depth 1 = player move, spawn, evaluator",custom,0,0,none,30207,157156,6520,13,8192,0.144273292,441823399,108765353
2026-08-25T06:01:06.365Z,unavailable,Release,N1-fixed,N1,,"N1:ntuple-td-learned:experiments/weights/n5_large_tcbwd_100k.bin:tuples=6+6+6+6+6,active=40,weights=83886080,hash=f78f622c4f01ddf6",2,"depth counts player layers; depth 1 = player move, spawn, evaluator",custom,0,0,none,30208,169980,7103,13,8192,0.150405291,441823399,108765353
2026-08-25T06:01:06.365Z,unavailable,Release,N1-fixed,N1,,"N1:ntuple-td-learned:experiments/weights/n5_large_tcbwd_100k.bin:tuples=6+6+6+6+6,active=40,weights=83886080,hash=f78f622c4f01ddf6",2,"depth counts player layers; depth 1 = player move, spawn, evaluator",custom,0,0,none,30209,74100,3337,12,4096,0.074636250000000001,441823399,108765353
2026-08-25T06:01:06.365Z,unavailable,Release,N1-fixed,N1,,"N1:ntuple-td-learned:experiments/weights/n5_large_tcbwd_100k.bin:tuples=6+6+6+6+6,active=40,weights=83886080,hash=f78f622c4f01ddf6",2,"depth counts player layers; depth 1 = player move, spawn, evaluator",custom,0,0,none,30210,264232,10106,14,16384,0.217108459,441823399,108765353
2026-08-25T06:01:06.365Z,unavailable,Release,N1-fixed,N1,,"N1:ntuple-td-learned:experiments/weights/n5_large_tcbwd_100k.bin:tuples=6+6+6+6+6,active=40,weights=83886080,hash=f78f622c4f01ddf6",2,"depth counts player layers; depth 1 = player move, spawn, evaluator",custom,0,0,none,30211,166512,6887,13,8192,0.15257633400000001,441823399,108765353
2026-08-25T06:01:06.365Z,unavailable,Release,N1-fixed,N1,,"N1:ntuple-td-learned:experiments/weights/n5_large_tcbwd_100k.bin:tuples=6+6+6+6+6,active=40,weights=83886080,hash=f78f622c4f01ddf6",2,"depth counts player layers; depth 1 = player move, spawn, evaluator",custom,0,0,none,30212,162396,6611,13,8192,0.14691541699999999,441823399,108765353
2026-08-25T06:01:06.365Z,unavailable,Release,N1-fixed,N1,,"N1:ntuple-td-learned:experiments/weights/n5_large_tcbwd_100k.bin:tuples=6+6+6+6+6,active=40,weights=83886080,hash=f78f622c4f01ddf6",2,"depth counts player layers; depth 1 = player move, spawn, evaluator",custom,0,0,none,30213,132628,5553,13,8192,0.12049174999999999,441823399,108765353
2026-08-25T06:01:06.365Z,unavailable,Release,N1-fixed,N1,,"N1:ntuple-td-learned:experiments/weights/n5_large_tcbwd_100k.bin:tuples=6+6+6+6+6,active=40,weights=83886080,hash=f78f622c4f01ddf6",2,"depth counts player layers; depth 1 = player move, spawn, evaluator",custom,0,0,none,30214,171180,7072,13,8192,0.14830837499999999,441823399,108765353
2026-08-25T06:01:06.365Z,unavailable,Release,N1-fixed,N1,,"N1:ntuple-td-learned:experiments/weights/n5_large_tcbwd_100k.bin:tuples=6+6+6+6+6,active=40,weights=83886080,hash=f78f622c4f01ddf6",2,"depth counts player layers; depth 1 = player move, spawn, evaluator",custom,0,0,none,30215,177112,7434,13,8192,0.16722345799999999,441823399,108765353
2026-08-25T06:01:06.365Z,unavailable,Release,N1-fixed,N1,,"N1:ntuple-td-learned:experiments/weights/n5_large_tcbwd_100k.bin:tuples=6+6+6+6+6,active=40,weights=83886080,hash=f78f622c4f01ddf6",2,"depth counts player layers; depth 1 = player move, spawn, evaluator",custom,0,0,none,30216,164276,6783,13,8192,0.14989191700000001,441823399,108765353
2026-08-25T06:01:06.365Z,unavailable,Release,N1-fixed,N1,,"N1:ntuple-td-learned:experiments/weights/n5_large_tcbwd_100k.bin:tuples=6+6+6+6+6,active=40,weights=83886080,hash=f78f622c4f01ddf6",2,"depth counts player layers; depth 1 = player move, spawn, evaluator",custom,0,0,none,30217,168348,7015,13,8192,0.154887583,441823399,108765353
2026-08-25T06:01:06.365Z,unavailable,Release,N1-fixed,N1,,"N1:ntuple-td-learned:experiments/weights/n5_large_tcbwd_100k.bin:tuples=6+6+6+6+6,active=40,weights=83886080,hash=f78f622c4f01ddf6",2,"depth counts player layers; depth 1 = player move, spawn, evaluator",custom,0,0,none,30218,171392,7090,13,8192,0.15345004100000001,441823399,108765353
2026-08-25T06:01:06.365Z,unavailable,Release,N1-fixed,N1,,"N1:ntuple-td-learned:experiments/weights/n5_large_tcbwd_100k.bin:tuples=6+6+6+6+6,active=40,weights=83886080,hash=f78f622c4f01ddf6",2,"depth counts player layers; depth 1 = player move, spawn, evaluator",custom,0,0,none,30219,168784,7001,13,8192,0.155411833,441823399,108765353
2026-08-25T06:01:06.365Z,unavailable,Release,N1-fixed,N1,,"N1:ntuple-td-learned:experiments/weights/n5_large_tcbwd_100k.bin:tuples=6+6+6+6+6,active=40,weights=83886080,hash=f78f622c4f01ddf6",2,"depth counts player layers; depth 1 = player move, spawn, evaluator",custom,0,0,none,30220,172348,7157,13,8192,0.16515725000000001,441823399,108765353
2026-08-25T06:01:06.365Z,unavailable,Release,N1-fixed,N1,,"N1:ntuple-td-learned:experiments/weights/n5_large_tcbwd_100k.bin:tuples=6+6+6+6+6,active=40,weights=83886080,hash=f78f622c4f01ddf6",2,"depth counts player layers; depth 1 = player move, spawn, evaluator",custom,0,0,none,30221,51420,2342,12,4096,0.050811415999999998,441823399,108765353
2026-08-25T06:01:06.365Z,unavailable,Release,N1-fixed,N1,,"N1:ntuple-td-learned:experiments/weights/n5_large_tcbwd_100k.bin:tuples=6+6+6+6+6,active=40,weights=83886080,hash=f78f622c4f01ddf6",2,"depth counts player layers; depth 1 = player move, spawn, evaluator",custom,0,0,none,30222,169328,7063,13,8192,0.155195584,441823399,108765353
2026-08-25T06:01:06.365Z,unavailable,Release,N1-fixed,N1,,"N1:ntuple-td-learned:experiments/weights/n5_large_tcbwd_100k.bin:tuples=6+6+6+6+6,active=40,weights=83886080,hash=f78f622c4f01ddf6",2,"depth counts player layers; depth 1 = player move, spawn, evaluator",custom,0,0,none,30223,150824,6138,13,8192,0.142119,441823399,108765353
2026-08-25T06:01:06.365Z,unavailable,Release,N1-fixed,N1,,"N1:ntuple-td-learned:experiments/weights/n5_large_tcbwd_100k.bin:tuples=6+6+6+6+6,active=40,weights=83886080,hash=f78f622c4f01ddf6",2,"depth counts player layers; depth 1 = player move, spawn, evaluator",custom,0,0,none,30224,132640,5560,13,8192,0.120169834,441823399,108765353
2026-08-25T06:01:06.365Z,unavailable,Release,N1-fixed,N1,,"N1:ntuple-td-learned:experiments/weights/n5_large_tcbwd_100k.bin:tuples=6+6+6+6+6,active=40,weights=83886080,hash=f78f622c4f01ddf6",2,"depth counts player layers; depth 1 = player move, spawn, evaluator",custom,0,0,none,30225,133020,5606,13,8192,0.12236216699999999,441823399,108765353
2026-08-25T06:01:06.365Z,unavailable,Release,N1-fixed,N1,,"N1:ntuple-td-learned:experiments/weights/n5_large_tcbwd_100k.bin:tuples=6+6+6+6+6,active=40,weights=83886080,hash=f78f622c4f01ddf6",2,"depth counts player layers; depth 1 = player move, spawn, evaluator",custom,0,0,none,30226,167824,6938,13,8192,0.14757833300000001,441823399,108765353
2026-08-25T06:01:06.365Z,unavailable,Release,N1-fixed,N1,,"N1:ntuple-td-learned:experiments/weights/n5_large_tcbwd_100k.bin:tuples=6+6+6+6+6,active=40,weights=83886080,hash=f78f622c4f01ddf6",2,"depth counts player layers; depth 1 = player move, spawn, evaluator",custom,0,0,none,30227,177404,7486,13,8192,0.155349666,441823399,108765353
2026-08-25T06:01:06.365Z,unavailable,Release,N1-fixed,N1,,"N1:ntuple-td-learned:experiments/weights/n5_large_tcbwd_100k.bin:tuples=6+6+6+6+6,active=40,weights=83886080,hash=f78f622c4f01ddf6",2,"depth counts player layers; depth 1 = player move, spawn, evaluator",custom,0,0,none,30228,287952,11008,14,16384,0.23792625000000001,441823399,108765353
2026-08-25T06:01:06.365Z,unavailable,Release,N1-fixed,N1,,"N1:ntuple-td-learned:experiments/weights/n5_large_tcbwd_100k.bin:tuples=6+6+6+6+6,active=40,weights=83886080,hash=f78f622c4f01ddf6",2,"depth counts player layers; depth 1 = player move, spawn, evaluator",custom,0,0,none,30229,169440,6991,13,8192,0.148318375,441823399,108765353
2026-08-25T06:01:06.365Z,unavailable,Release,N1-fixed,N1,,"N1:ntuple-td-learned:experiments/weights/n5_large_tcbwd_100k.bin:tuples=6+6+6+6+6,active=40,weights=83886080,hash=f78f622c4f01ddf6",2,"depth counts player layers; depth 1 = player move, spawn, evaluator",custom,0,0,none,30230,71844,3321,12,4096,0.073498499999999994,441823399,108765353
2026-08-25T06:01:06.365Z,unavailable,Release,N1-fixed,N1,,"N1:ntuple-td-learned:experiments/weights/n5_large_tcbwd_100k.bin:tuples=6+6+6+6+6,active=40,weights=83886080,hash=f78f622c4f01ddf6",2,"depth counts player layers; depth 1 = player move, spawn, evaluator",custom,0,0,none,30231,318464,11820,14,16384,0.24856741700000001,441823399,108765353
2026-08-25T06:01:06.365Z,unavailable,Release,N1-fixed,N1,,"N1:ntuple-td-learned:experiments/weights/n5_large_tcbwd_100k.bin:tuples=6+6+6+6+6,active=40,weights=83886080,hash=f78f622c4f01ddf6",2,"depth counts player layers; depth 1 = player move, spawn, evaluator",custom,0,0,none,30232,132884,5578,13,8192,0.120988292,441823399,108765353
2026-08-25T06:01:06.365Z,unavailable,Release,N1-fixed,N1,,"N1:ntuple-td-learned:experiments/weights/n5_large_tcbwd_100k.bin:tuples=6+6+6+6+6,active=40,weights=83886080,hash=f78f622c4f01ddf6",2,"depth counts player layers; depth 1 = player move, spawn, evaluator",custom,0,0,none,30233,148080,6038,13,8192,0.128667792,441823399,108765353
2026-08-25T06:01:06.365Z,unavailable,Release,N1-fixed,N1,,"N1:ntuple-td-learned:experiments/weights/n5_large_tcbwd_100k.bin:tuples=6+6+6+6+6,active=40,weights=83886080,hash=f78f622c4f01ddf6",2,"depth counts player layers; depth 1 = player move, spawn, evaluator",custom,0,0,none,30234,168100,6998,13,8192,0.14880866700000001,441823399,108765353
2026-08-25T06:01:06.365Z,unavailable,Release,N1-fixed,N1,,"N1:ntuple-td-learned:experiments/weights/n5_large_tcbwd_100k.bin:tuples=6+6+6+6+6,active=40,weights=83886080,hash=f78f622c4f01ddf6",2,"depth counts player layers; depth 1 = player move, spawn, evaluator",custom,0,0,none,30235,170816,7040,13,8192,0.14908533299999999,441823399,108765353
2026-08-25T06:01:06.365Z,unavailable,Release,N1-fixed,N1,,"N1:ntuple-td-learned:experiments/weights/n5_large_tcbwd_100k.bin:tuples=6+6+6+6+6,active=40,weights=83886080,hash=f78f622c4f01ddf6",2,"depth counts player layers; depth 1 = player move, spawn, evaluator",custom,0,0,none,30236,163624,6725,13,8192,0.14446358400000001,441823399,108765353
2026-08-25T06:01:06.365Z,unavailable,Release,N1-fixed,N1,,"N1:ntuple-td-learned:experiments/weights/n5_large_tcbwd_100k.bin:tuples=6+6+6+6+6,active=40,weights=83886080,hash=f78f622c4f01ddf6",2,"depth counts player layers; depth 1 = player move, spawn, evaluator",custom,0,0,none,30237,123444,5054,13,8192,0.112488833,441823399,108765353
2026-08-25T06:01:06.365Z,unavailable,Release,N1-fixed,N1,,"N1:ntuple-td-learned:experiments/weights/n5_large_tcbwd_100k.bin:tuples=6+6+6+6+6,active=40,weights=83886080,hash=f78f622c4f01ddf6",2,"depth counts player layers; depth 1 = player move, spawn, evaluator",custom,0,0,none,30238,168556,7034,13,8192,0.15091570800000001,441823399,108765353
2026-08-25T06:01:06.365Z,unavailable,Release,N1-fixed,N1,,"N1:ntuple-td-learned:experiments/weights/n5_large_tcbwd_100k.bin:tuples=6+6+6+6+6,active=40,weights=83886080,hash=f78f622c4f01ddf6",2,"depth counts player layers; depth 1 = player move, spawn, evaluator",custom,0,0,none,30239,113108,4709,13,8192,0.106634834,441823399,108765353
2026-08-25T06:01:06.365Z,unavailable,Release,N1-fixed,N1,,"N1:ntuple-td-learned:experiments/weights/n5_large_tcbwd_100k.bin:tuples=6+6+6+6+6,active=40,weights=83886080,hash=f78f622c4f01ddf6",2,"depth counts player layers; depth 1 = player move, spawn, evaluator",custom,0,0,none,30240,132768,5560,13,8192,0.12626116600000001,441823399,108765353
2026-08-25T06:01:06.365Z,unavailable,Release,N1-fixed,N1,,"N1:ntuple-td-learned:experiments/weights/n5_large_tcbwd_100k.bin:tuples=6+6+6+6+6,active=40,weights=83886080,hash=f78f622c4f01ddf6",2,"depth counts player layers; depth 1 = player move, spawn, evaluator",custom,0,0,none,30241,167876,6957,13,8192,0.150964459,441823399,108765353
2026-08-25T06:01:06.365Z,unavailable,Release,N1-fixed,N1,,"N1:ntuple-td-learned:experiments/weights/n5_large_tcbwd_100k.bin:tuples=6+6+6+6+6,active=40,weights=83886080,hash=f78f622c4f01ddf6",2,"depth counts player layers; depth 1 = player move, spawn, evaluator",custom,0,0,none,30242,173116,7183,13,8192,0.155324042,441823399,108765353
2026-08-25T06:01:06.365Z,unavailable,Release,N1-fixed,N1,,"N1:ntuple-td-learned:experiments/weights/n5_large_tcbwd_100k.bin:tuples=6+6+6+6+6,active=40,weights=83886080,hash=f78f622c4f01ddf6",2,"depth counts player layers; depth 1 = player move, spawn, evaluator",custom,0,0,none,30243,166052,6869,13,8192,0.152753792,441823399,108765353
2026-08-25T06:01:06.365Z,unavailable,Release,N1-fixed,N1,,"N1:ntuple-td-learned:experiments/weights/n5_large_tcbwd_100k.bin:tuples=6+6+6+6+6,active=40,weights=83886080,hash=f78f622c4f01ddf6",2,"depth counts player layers; depth 1 = player move, spawn, evaluator",custom,0,0,none,30244,190456,7914,13,8192,0.17399304199999999,441823399,108765353
2026-08-25T06:01:06.365Z,unavailable,Release,N1-fixed,N1,,"N1:ntuple-td-learned:experiments/weights/n5_large_tcbwd_100k.bin:tuples=6+6+6+6+6,active=40,weights=83886080,hash=f78f622c4f01ddf6",2,"depth counts player layers; depth 1 = player move, spawn, evaluator",custom,0,0,none,30245,13424,803,10,1024,0.017476708000000001,441823399,108765353
2026-08-25T06:01:06.365Z,unavailable,Release,N1-fixed,N1,,"N1:ntuple-td-learned:experiments/weights/n5_large_tcbwd_100k.bin:tuples=6+6+6+6+6,active=40,weights=83886080,hash=f78f622c4f01ddf6",2,"depth counts player layers; depth 1 = player move, spawn, evaluator",custom,0,0,none,30246,185884,7750,13,8192,0.16030095799999999,441823399,108765353
2026-08-25T06:01:06.365Z,unavailable,Release,N1-fixed,N1,,"N1:ntuple-td-learned:experiments/weights/n5_large_tcbwd_100k.bin:tuples=6+6+6+6+6,active=40,weights=83886080,hash=f78f622c4f01ddf6",2,"depth counts player layers; depth 1 = player move, spawn, evaluator",custom,0,0,none,30247,171416,7061,13,8192,0.15076208399999999,441823399,108765353
2026-08-25T06:01:06.365Z,unavailable,Release,N1-fixed,N1,,"N1:ntuple-td-learned:experiments/weights/n5_large_tcbwd_100k.bin:tuples=6+6+6+6+6,active=40,weights=83886080,hash=f78f622c4f01ddf6",2,"depth counts player layers; depth 1 = player move, spawn, evaluator",custom,0,0,none,30248,59736,2754,12,4096,0.060408707999999998,441823399,108765353
2026-08-25T06:01:06.365Z,unavailable,Release,N1-fixed,N1,,"N1:ntuple-td-learned:experiments/weights/n5_large_tcbwd_100k.bin:tuples=6+6+6+6+6,active=40,weights=83886080,hash=f78f622c4f01ddf6",2,"depth counts player layers; depth 1 = player move, spawn, evaluator",custom,0,0,none,30249,177128,7465,13,8192,0.157913625,441823399,108765353
2026-08-25T06:01:06.365Z,unavailable,Release,N1-fixed,N1,,"N1:ntuple-td-learned:experiments/weights/n5_large_tcbwd_100k.bin:tuples=6+6+6+6+6,active=40,weights=83886080,hash=f78f622c4f01ddf6",2,"depth counts player layers; depth 1 = player move, spawn, evaluator",custom,0,0,none,30250,271200,10280,14,16384,0.218075667,441823399,108765353
2026-08-25T06:01:06.365Z,unavailable,Release,N1-fixed,N1,,"N1:ntuple-td-learned:experiments/weights/n5_large_tcbwd_100k.bin:tuples=6+6+6+6+6,active=40,weights=83886080,hash=f78f622c4f01ddf6",2,"depth counts player layers; depth 1 = player move, spawn, evaluator",custom,0,0,none,30251,194432,8155,13,8192,0.167415166,441823399,108765353
2026-08-25T06:01:06.365Z,unavailable,Release,N1-fixed,N1,,"N1:ntuple-td-learned:experiments/weights/n5_large_tcbwd_100k.bin:tuples=6+6+6+6+6,active=40,weights=83886080,hash=f78f622c4f01ddf6",2,"depth counts player layers; depth 1 = player move, spawn, evaluator",custom,0,0,none,30252,176648,7409,13,8192,0.15590850000000001,441823399,108765353
2026-08-25T06:01:06.365Z,unavailable,Release,N1-fixed,N1,,"N1:ntuple-td-learned:experiments/weights/n5_large_tcbwd_100k.bin:tuples=6+6+6+6+6,active=40,weights=83886080,hash=f78f622c4f01ddf6",2,"depth counts player layers; depth 1 = player move, spawn, evaluator",custom,0,0,none,30253,174784,7326,13,8192,0.15332754200000001,441823399,108765353
2026-08-25T06:01:06.365Z,unavailable,Release,N1-fixed,N1,,"N1:ntuple-td-learned:experiments/weights/n5_large_tcbwd_100k.bin:tuples=6+6+6+6+6,active=40,weights=83886080,hash=f78f622c4f01ddf6",2,"depth counts player layers; depth 1 = player move, spawn, evaluator",custom,0,0,none,30254,171844,7105,13,8192,0.15594920800000001,441823399,108765353
2026-08-25T06:01:06.365Z,unavailable,Release,N1-fixed,N1,,"N1:ntuple-td-learned:experiments/weights/n5_large_tcbwd_100k.bin:tuples=6+6+6+6+6,active=40,weights=83886080,hash=f78f622c4f01ddf6",2,"depth counts player layers; depth 1 = player move, spawn, evaluator",custom,0,0,none,30255,112584,4607,13,8192,0.111040834,441823399,108765353
2026-08-25T06:01:06.365Z,unavailable,Release,N1-fixed,N1,,"N1:ntuple-td-learned:experiments/weights/n5_large_tcbwd_100k.bin:tuples=6+6+6+6+6,active=40,weights=83886080,hash=f78f622c4f01ddf6",2,"depth counts player layers; depth 1 = player move, spawn, evaluator",custom,0,0,none,30256,168048,6970,13,8192,0.154228583,441823399,108765353
2026-08-25T06:01:06.365Z,unavailable,Release,N1-fixed,N1,,"N1:ntuple-td-learned:experiments/weights/n5_large_tcbwd_100k.bin:tuples=6+6+6+6+6,active=40,weights=83886080,hash=f78f622c4f01ddf6",2,"depth counts player layers; depth 1 = player move, spawn, evaluator",custom,0,0,none,30257,176164,7368,13,8192,0.159772583,441823399,108765353
2026-08-25T06:01:06.365Z,unavailable,Release,N1-fixed,N1,,"N1:ntuple-td-learned:experiments/weights/n5_large_tcbwd_100k.bin:tuples=6+6+6+6+6,active=40,weights=83886080,hash=f78f622c4f01ddf6",2,"depth counts player layers; depth 1 = player move, spawn, evaluator",custom,0,0,none,30258,282208,10776,14,16384,0.23367116700000001,441823399,108765353
2026-08-25T06:01:06.365Z,unavailable,Release,N1-fixed,N1,,"N1:ntuple-td-learned:experiments/weights/n5_large_tcbwd_100k.bin:tuples=6+6+6+6+6,active=40,weights=83886080,hash=f78f622c4f01ddf6",2,"depth counts player layers; depth 1 = player move, spawn, evaluator",custom,0,0,none,30259,151492,6172,13,8192,0.13289120800000001,441823399,108765353
2026-08-25T06:01:06.365Z,unavailable,Release,N1-fixed,N1,,"N1:ntuple-td-learned:experiments/weights/n5_large_tcbwd_100k.bin:tuples=6+6+6+6+6,active=40,weights=83886080,hash=f78f622c4f01ddf6",2,"depth counts player layers; depth 1 = player move, spawn, evaluator",custom,0,0,none,30260,168420,7034,13,8192,0.15461208400000001,441823399,108765353
2026-08-25T06:01:06.365Z,unavailable,Release,N1-fixed,N1,,"N1:ntuple-td-learned:experiments/weights/n5_large_tcbwd_100k.bin:tuples=6+6+6+6+6,active=40,weights=83886080,hash=f78f622c4f01ddf6",2,"depth counts player layers; depth 1 = player move, spawn, evaluator",custom,0,0,none,30261,74220,3363,12,4096,0.078503957999999999,441823399,108765353
2026-08-25T06:01:06.365Z,unavailable,Release,N1-fixed,N1,,"N1:ntuple-td-learned:experiments/weights/n5_large_tcbwd_100k.bin:tuples=6+6+6+6+6,active=40,weights=83886080,hash=f78f622c4f01ddf6",2,"depth counts player layers; depth 1 = player move, spawn, evaluator",custom,0,0,none,30262,163852,6719,13,8192,0.144819167,441823399,108765353
2026-08-25T06:01:06.365Z,unavailable,Release,N1-fixed,N1,,"N1:ntuple-td-learned:experiments/weights/n5_large_tcbwd_100k.bin:tuples=6+6+6+6+6,active=40,weights=83886080,hash=f78f622c4f01ddf6",2,"depth counts player layers; depth 1 = player move, spawn, evaluator",custom,0,0,none,30263,75588,3451,12,4096,0.073643082999999998,441823399,108765353
2026-08-25T06:01:06.365Z,unavailable,Release,N1-fixed,N1,,"N1:ntuple-td-learned:experiments/weights/n5_large_tcbwd_100k.bin:tuples=6+6+6+6+6,active=40,weights=83886080,hash=f78f622c4f01ddf6",2,"depth counts player layers; depth 1 = player move, spawn, evaluator",custom,0,0,none,30264,171472,7093,13,8192,0.15048666699999999,441823399,108765353
2026-08-25T06:01:06.365Z,unavailable,Release,N1-fixed,N1,,"N1:ntuple-td-learned:experiments/weights/n5_large_tcbwd_100k.bin:tuples=6+6+6+6+6,active=40,weights=83886080,hash=f78f622c4f01ddf6",2,"depth counts player layers; depth 1 = player move, spawn, evaluator",custom,0,0,none,30265,166716,6925,13,8192,0.15254208299999999,441823399,108765353
2026-08-25T06:01:06.365Z,unavailable,Release,N1-fixed,N1,,"N1:ntuple-td-learned:experiments/weights/n5_large_tcbwd_100k.bin:tuples=6+6+6+6+6,active=40,weights=83886080,hash=f78f622c4f01ddf6",2,"depth counts player layers; depth 1 = player move, spawn, evaluator",custom,0,0,none,30266,133104,5612,13,8192,0.123213291,441823399,108765353
2026-08-25T06:01:06.365Z,unavailable,Release,N1-fixed,N1,,"N1:ntuple-td-learned:experiments/weights/n5_large_tcbwd_100k.bin:tuples=6+6+6+6+6,active=40,weights=83886080,hash=f78f622c4f01ddf6",2,"depth counts player layers; depth 1 = player move, spawn, evaluator",custom,0,0,none,30267,47784,2150,12,4096,0.047058292000000002,441823399,108765353
2026-08-25T06:01:06.365Z,unavailable,Release,N1-fixed,N1,,"N1:ntuple-td-learned:experiments/weights/n5_large_tcbwd_100k.bin:tuples=6+6+6+6+6,active=40,weights=83886080,hash=f78f622c4f01ddf6",2,"depth counts player layers; depth 1 = player move, spawn, evaluator",custom,0,0,none,30268,165724,6823,13,8192,0.14402116700000001,441823399,108765353
2026-08-25T06:01:06.365Z,unavailable,Release,N1-fixed,N1,,"N1:ntuple-td-learned:experiments/weights/n5_large_tcbwd_100k.bin:tuples=6+6+6+6+6,active=40,weights=83886080,hash=f78f622c4f01ddf6",2,"depth counts player layers; depth 1 = player move, spawn, evaluator",custom,0,0,none,30269,165708,6796,13,8192,0.146592792,441823399,108765353
2026-08-25T06:01:06.365Z,unavailable,Release,N1-fixed,N1,,"N1:ntuple-td-learned:experiments/weights/n5_large_tcbwd_100k.bin:tuples=6+6+6+6+6,active=40,weights=83886080,hash=f78f622c4f01ddf6",2,"depth counts player layers; depth 1 = player move, spawn, evaluator",custom,0,0,none,30270,165744,6812,13,8192,0.14849266699999999,441823399,108765353
2026-08-25T06:01:06.365Z,unavailable,Release,N1-fixed,N1,,"N1:ntuple-td-learned:experiments/weights/n5_large_tcbwd_100k.bin:tuples=6+6+6+6+6,active=40,weights=83886080,hash=f78f622c4f01ddf6",2,"depth counts player layers; depth 1 = player move, spawn, evaluator",custom,0,0,none,30271,78924,3657,12,4096,0.080701916999999998,441823399,108765353
2026-08-25T06:01:06.365Z,unavailable,Release,N1-fixed,N1,,"N1:ntuple-td-learned:experiments/weights/n5_large_tcbwd_100k.bin:tuples=6+6+6+6+6,active=40,weights=83886080,hash=f78f622c4f01ddf6",2,"depth counts player layers; depth 1 = player move, spawn, evaluator",custom,0,0,none,30272,167612,6955,13,8192,0.15287899999999999,441823399,108765353
2026-08-25T06:01:06.365Z,unavailable,Release,N1-fixed,N1,,"N1:ntuple-td-learned:experiments/weights/n5_large_tcbwd_100k.bin:tuples=6+6+6+6+6,active=40,weights=83886080,hash=f78f622c4f01ddf6",2,"depth counts player layers; depth 1 = player move, spawn, evaluator",custom,0,0,none,30273,288092,11031,14,16384,0.23753425,441823399,108765353
2026-08-25T06:01:06.365Z,unavailable,Release,N1-fixed,N1,,"N1:ntuple-td-learned:experiments/weights/n5_large_tcbwd_100k.bin:tuples=6+6+6+6+6,active=40,weights=83886080,hash=f78f622c4f01ddf6",2,"depth counts player layers; depth 1 = player move, spawn, evaluator",custom,0,0,none,30274,166872,6881,13,8192,0.14831287500000001,441823399,108765353
2026-08-25T06:01:06.365Z,unavailable,Release,N1-fixed,N1,,"N1:ntuple-td-learned:experiments/weights/n5_large_tcbwd_100k.bin:tuples=6+6+6+6+6,active=40,weights=83886080,hash=f78f622c4f01ddf6",2,"depth counts player layers; depth 1 = player move, spawn, evaluator",custom,0,0,none,30275,284780,10854,14,16384,0.23181787500000001,441823399,108765353
2026-08-25T06:01:06.365Z,unavailable,Release,N1-fixed,N1,,"N1:ntuple-td-learned:experiments/weights/n5_large_tcbwd_100k.bin:tuples=6+6+6+6+6,active=40,weights=83886080,hash=f78f622c4f01ddf6",2,"depth counts player layers; depth 1 = player move, spawn, evaluator",custom,0,0,none,30276,163392,6700,13,8192,0.14355116700000001,441823399,108765353
2026-08-25T06:01:06.365Z,unavailable,Release,N1-fixed,N1,,"N1:ntuple-td-learned:experiments/weights/n5_large_tcbwd_100k.bin:tuples=6+6+6+6+6,active=40,weights=83886080,hash=f78f622c4f01ddf6",2,"depth counts player layers; depth 1 = player move, spawn, evaluator",custom,0,0,none,30277,173424,7228,13,8192,0.15414091599999999,441823399,108765353
2026-08-25T06:01:06.365Z,unavailable,Release,N1-fixed,N1,,"N1:ntuple-td-learned:experiments/weights/n5_large_tcbwd_100k.bin:tuples=6+6+6+6+6,active=40,weights=83886080,hash=f78f622c4f01ddf6",2,"depth counts player layers; depth 1 = player move, spawn, evaluator",custom,0,0,none,30278,109132,4482,13,8192,0.099160334000000003,441823399,108765353
2026-08-25T06:01:06.365Z,unavailable,Release,N1-fixed,N1,,"N1:ntuple-td-learned:experiments/weights/n5_large_tcbwd_100k.bin:tuples=6+6+6+6+6,active=40,weights=83886080,hash=f78f622c4f01ddf6",2,"depth counts player layers; depth 1 = player move, spawn, evaluator",custom,0,0,none,30279,31584,1592,11,2048,0.035724166000000002,441823399,108765353
2026-08-25T06:01:06.365Z,unavailable,Release,N1-fixed,N1,,"N1:ntuple-td-learned:experiments/weights/n5_large_tcbwd_100k.bin:tuples=6+6+6+6+6,active=40,weights=83886080,hash=f78f622c4f01ddf6",2,"depth counts player layers; depth 1 = player move, spawn, evaluator",custom,0,0,none,30280,177388,7482,13,8192,0.16016929199999999,441823399,108765353
2026-08-25T06:01:06.365Z,unavailable,Release,N1-fixed,N1,,"N1:ntuple-td-learned:experiments/weights/n5_large_tcbwd_100k.bin:tuples=6+6+6+6+6,active=40,weights=83886080,hash=f78f622c4f01ddf6",2,"depth counts player layers; depth 1 = player move, spawn, evaluator",custom,0,0,none,30281,180436,7569,13,8192,0.161040459,441823399,108765353
2026-08-25T06:01:06.365Z,unavailable,Release,N1-fixed,N1,,"N1:ntuple-td-learned:experiments/weights/n5_large_tcbwd_100k.bin:tuples=6+6+6+6+6,active=40,weights=83886080,hash=f78f622c4f01ddf6",2,"depth counts player layers; depth 1 = player move, spawn, evaluator",custom,0,0,none,30282,176048,7337,13,8192,0.15772249999999999,441823399,108765353
2026-08-25T06:01:06.365Z,unavailable,Release,N1-fixed,N1,,"N1:ntuple-td-learned:experiments/weights/n5_large_tcbwd_100k.bin:tuples=6+6+6+6+6,active=40,weights=83886080,hash=f78f622c4f01ddf6",2,"depth counts player layers; depth 1 = player move, spawn, evaluator",custom,0,0,none,30283,152352,6248,13,8192,0.13717258399999999,441823399,108765353
2026-08-25T06:01:06.365Z,unavailable,Release,N1-fixed,N1,,"N1:ntuple-td-learned:experiments/weights/n5_large_tcbwd_100k.bin:tuples=6+6+6+6+6,active=40,weights=83886080,hash=f78f622c4f01ddf6",2,"depth counts player layers; depth 1 = player move, spawn, evaluator",custom,0,0,none,30284,168120,6959,13,8192,0.15552225,441823399,108765353
2026-08-25T06:01:06.365Z,unavailable,Release,N1-fixed,N1,,"N1:ntuple-td-learned:experiments/weights/n5_large_tcbwd_100k.bin:tuples=6+6+6+6+6,active=40,weights=83886080,hash=f78f622c4f01ddf6",2,"depth counts player layers; depth 1 = player move, spawn, evaluator",custom,0,0,none,30285,167452,6923,13,8192,0.15273566599999999,441823399,108765353
2026-08-25T06:01:06.365Z,unavailable,Release,N1-fixed,N1,,"N1:ntuple-td-learned:experiments/weights/n5_large_tcbwd_100k.bin:tuples=6+6+6+6+6,active=40,weights=83886080,hash=f78f622c4f01ddf6",2,"depth counts player layers; depth 1 = player move, spawn, evaluator",custom,0,0,none,30286,74908,3401,12,4096,0.080669249999999998,441823399,108765353
2026-08-25T06:01:06.365Z,unavailable,Release,N1-fixed,N1,,"N1:ntuple-td-learned:experiments/weights/n5_large_tcbwd_100k.bin:tuples=6+6+6+6+6,active=40,weights=83886080,hash=f78f622c4f01ddf6",2,"depth counts player layers; depth 1 = player move, spawn, evaluator",custom,0,0,none,30287,55044,2541,12,4096,0.058507625000000001,441823399,108765353
2026-08-25T06:01:06.365Z,unavailable,Release,N1-fixed,N1,,"N1:ntuple-td-learned:experiments/weights/n5_large_tcbwd_100k.bin:tuples=6+6+6+6+6,active=40,weights=83886080,hash=f78f622c4f01ddf6",2,"depth counts player layers; depth 1 = player move, spawn, evaluator",custom,0,0,none,30288,124140,5162,13,8192,0.11678712500000001,441823399,108765353
2026-08-25T06:01:06.365Z,unavailable,Release,N1-fixed,N1,,"N1:ntuple-td-learned:experiments/weights/n5_large_tcbwd_100k.bin:tuples=6+6+6+6+6,active=40,weights=83886080,hash=f78f622c4f01ddf6",2,"depth counts player layers; depth 1 = player move, spawn, evaluator",custom,0,0,none,30289,270096,10248,14,16384,0.218870959,441823399,108765353
2026-08-25T06:01:06.365Z,unavailable,Release,N1-fixed,N1,,"N1:ntuple-td-learned:experiments/weights/n5_large_tcbwd_100k.bin:tuples=6+6+6+6+6,active=40,weights=83886080,hash=f78f622c4f01ddf6",2,"depth counts player layers; depth 1 = player move, spawn, evaluator",custom,0,0,none,30290,129076,5388,13,8192,0.123955625,441823399,108765353
2026-08-25T06:01:06.365Z,unavailable,Release,N1-fixed,N1,,"N1:ntuple-td-learned:experiments/weights/n5_large_tcbwd_100k.bin:tuples=6+6+6+6+6,active=40,weights=83886080,hash=f78f622c4f01ddf6",2,"depth counts player layers; depth 1 = player move, spawn, evaluator",custom,0,0,none,30291,262160,9988,14,16384,0.21031487500000001,441823399,108765353
2026-08-25T06:01:06.365Z,unavailable,Release,N1-fixed,N1,,"N1:ntuple-td-learned:experiments/weights/n5_large_tcbwd_100k.bin:tuples=6+6+6+6+6,active=40,weights=83886080,hash=f78f622c4f01ddf6",2,"depth counts player layers; depth 1 = player move, spawn, evaluator",custom,0,0,none,30292,48612,2196,12,4096,0.049125916999999998,441823399,108765353
2026-08-25T06:01:06.365Z,unavailable,Release,N1-fixed,N1,,"N1:ntuple-td-learned:experiments/weights/n5_large_tcbwd_100k.bin:tuples=6+6+6+6+6,active=40,weights=83886080,hash=f78f622c4f01ddf6",2,"depth counts player layers; depth 1 = player move, spawn, evaluator",custom,0,0,none,30293,175464,7317,13,8192,0.159475542,441823399,108765353
2026-08-25T06:01:06.365Z,unavailable,Release,N1-fixed,N1,,"N1:ntuple-td-learned:experiments/weights/n5_large_tcbwd_100k.bin:tuples=6+6+6+6+6,active=40,weights=83886080,hash=f78f622c4f01ddf6",2,"depth counts player layers; depth 1 = player move, spawn, evaluator",custom,0,0,none,30294,176616,7405,13,8192,0.16873716599999999,441823399,108765353
2026-08-25T06:01:06.365Z,unavailable,Release,N1-fixed,N1,,"N1:ntuple-td-learned:experiments/weights/n5_large_tcbwd_100k.bin:tuples=6+6+6+6+6,active=40,weights=83886080,hash=f78f622c4f01ddf6",2,"depth counts player layers; depth 1 = player move, spawn, evaluator",custom,0,0,none,30295,176432,7404,13,8192,0.16599566700000001,441823399,108765353
2026-08-25T06:01:06.365Z,unavailable,Release,N1-fixed,N1,,"N1:ntuple-td-learned:experiments/weights/n5_large_tcbwd_100k.bin:tuples=6+6+6+6+6,active=40,weights=83886080,hash=f78f622c4f01ddf6",2,"depth counts player layers; depth 1 = player move, spawn, evaluator",custom,0,0,none,30296,166124,6902,13,8192,0.147860625,441823399,108765353
2026-08-25T06:01:06.365Z,unavailable,Release,N1-fixed,N1,,"N1:ntuple-td-learned:experiments/weights/n5_large_tcbwd_100k.bin:tuples=6+6+6+6+6,active=40,weights=83886080,hash=f78f622c4f01ddf6",2,"depth counts player layers; depth 1 = player move, spawn, evaluator",custom,0,0,none,30297,245004,9218,14,16384,0.19368733299999999,441823399,108765353
2026-08-25T06:01:06.365Z,unavailable,Release,N1-fixed,N1,,"N1:ntuple-td-learned:experiments/weights/n5_large_tcbwd_100k.bin:tuples=6+6+6+6+6,active=40,weights=83886080,hash=f78f622c4f01ddf6",2,"depth counts player layers; depth 1 = player move, spawn, evaluator",custom,0,0,none,30298,173896,7260,13,8192,0.15445308399999999,441823399,108765353
2026-08-25T06:01:06.365Z,unavailable,Release,N1-fixed,N1,,"N1:ntuple-td-learned:experiments/weights/n5_large_tcbwd_100k.bin:tuples=6+6+6+6+6,active=40,weights=83886080,hash=f78f622c4f01ddf6",2,"depth counts player layers; depth 1 = player move, spawn, evaluator",custom,0,0,none,30299,166008,6878,13,8192,0.14582524999999999,441823399,108765353
