timestamp_utc,git_commit,build_mode,agent,evaluator,evaluator_parameters,feature_configuration,search_depth,depth_definition,seed_partition,minimum_path_probability,time_limit_seconds,optimization_configuration,seed,score,moves,max_tile_exponent,max_tile,runtime_seconds,aggregate_search_total_nodes,aggregate_search_cache_hits
2026-08-25T16:11:56.669Z,unavailable,Release,N1-fixed,N1,,"N1:ntuple-td-learned:experiments/weights/n7_global_100k.bin:tuples=6+6+6+6+6,active=41,global,weights=83886336,hash=3c7ad340df035e23",1,"depth counts player layers; depth 1 = player move, spawn, evaluator",custom,0,0,none,30000,120968,5087,13,8192,0.010763083,13007081,0
2026-08-25T16:11:56.669Z,unavailable,Release,N1-fixed,N1,,"N1:ntuple-td-learned:experiments/weights/n7_global_100k.bin:tuples=6+6+6+6+6,active=41,global,weights=83886336,hash=3c7ad340df035e23",1,"depth counts player layers; depth 1 = player move, spawn, evaluator",custom,0,0,none,30001,174920,7330,13,8192,0.010831083,13007081,0
2026-08-25T16:11:56.669Z,unavailable,Release,N1-fixed,N1,,"N1:ntuple-td-learned:experiments/weights/n7_global_100k.bin:tuples=6+6+6+6+6,active=41,global,weights=83886336,hash=3c7ad340df035e23",1,"depth counts player layers; depth 1 = player move, spawn, evaluator",custom,0,0,none,30002,123928,5130,13,8192,0.0074744169999999997,13007081,0
2026-08-25T16:11:56.669Z,unavailable,Release,N1-fixed,N1,,"N1:ntuple-td-learned:experiments/weights/n7_global_100k.bin:tuples=6+6+6+6+6,active=41,global,weights=83886336,hash=3c7ad340df035e23",1,"depth counts player layers; depth 1 = player move, spawn, evaluator",custom,0,0,none,30003,133556,5648,13,8192,0.0080996669999999996,13007081,0
2026-08-25T16:11:56.669Z,unavailable,Release,N1-fixed,N1,,"N1:ntuple-td-learned:experiments/weights/n7_global_100k.bin:tuples=6+6+6+6+6,active=41,global,weights=83886336,hash=3c7ad340df035e23",1,"depth counts player layers; depth 1 = player move, spawn, evaluator",custom,0,0,none,30004,132992,5599,13,8192,0.0081700000000000002,13007081,0
2026-08-25T16:11:56.669Z,unavailable,Release,N1-fixed,N1,,"N1:ntuple-td-learned:experiments/weights/n7_global_100k.bin:tuples=6+6+6+6+6,active=41,global,weights=83886336,hash=3c7ad340df035e23",1,"depth counts player layers; depth 1 = player move, spawn, evaluator",custom,0,0,none,30005,112920,4677,13,8192,0.0069688340000000001,13007081,0
2026-08-25T16:11:56.669Z,unavailable,Release,N1-fixed,N1,,"N1:ntuple-td-learned:experiments/weights/n7_global_100k.bin:tuples=6+6+6+6+6,active=41,global,weights=83886336,hash=3c7ad340df035e23",1,"depth counts player layers; depth 1 = player move, spawn, evaluator",custom,0,0,none,30006,132624,5561,13,8192,0.0080907089999999997,13007081,0
2026-08-25T16:11:56.669Z,unavailable,Release,N1-fixed,N1,,"N1:ntuple-td-learned:experiments/weights/n7_global_100k.bin:tuples=6+6+6+6+6,active=41,global,weights=83886336,hash=3c7ad340df035e23",1,"depth counts player layers; depth 1 = player move, spawn, evaluator",custom,0,0,none,30007,166348,6858,13,8192,0.010107667000000001,13007081,0
2026-08-25T16:11:56.669Z,unavailable,Release,N1-fixed,N1,,"N1:ntuple-td-learned:experiments/weights/n7_global_100k.bin:tuples=6+6+6+6+6,active=41,global,weights=83886336,hash=3c7ad340df035e23",1,"depth counts player layers; depth 1 = player move, spawn, evaluator",custom,0,0,none,30008,176168,7369,13,8192,0.010804833999999999,13007081,0
2026-08-25T16:11:56.669Z,unavailable,Release,N1-fixed,N1,,"N1:ntuple-td-learned:experiments/weights/n7_global_100k.bin:tuples=6+6+6+6+6,active=41,global,weights=83886336,hash=3c7ad340df035e23",1,"depth counts player layers; depth 1 = player move, spawn, evaluator",custom,0,0,none,30009,152592,6256,13,8192,0.0092602080000000007,13007081,0
2026-08-25T16:11:56.669Z,unavailable,Release,N1-fixed,N1,,"N1:ntuple-td-learned:experiments/weights/n7_global_100k.bin:tuples=6+6+6+6+6,active=41,global,weights=83886336,hash=3c7ad340df035e23",1,"depth counts player layers; depth 1 = player move, spawn, evaluator",custom,0,0,none,30010,67472,3027,12,4096,0.004617459,13007081,0
2026-08-25T16:11:56.669Z,unavailable,Release,N1-fixed,N1,,"N1:ntuple-td-learned:experiments/weights/n7_global_100k.bin:tuples=6+6+6+6+6,active=41,global,weights=83886336,hash=3c7ad340df035e23",1,"depth counts player layers; depth 1 = player move, spawn, evaluator",custom,0,0,none,30011,176344,7382,13,8192,0.010917209000000001,13007081,0
2026-08-25T16:11:56.669Z,unavailable,Release,N1-fixed,N1,,"N1:ntuple-td-learned:experiments/weights/n7_global_100k.bin:tuples=6+6+6+6+6,active=41,global,weights=83886336,hash=3c7ad340df035e23",1,"depth counts player layers; depth 1 = player move, spawn, evaluator",custom,0,0,none,30012,91408,4200,12,4096,0.0062499169999999998,13007081,0
2026-08-25T16:11:56.669Z,unavailable,Release,N1-fixed,N1,,"N1:ntuple-td-learned:experiments/weights/n7_global_100k.bin:tuples=6+6+6+6+6,active=41,global,weights=83886336,hash=3c7ad340df035e23",1,"depth counts player layers; depth 1 = player move, spawn, evaluator",custom,0,0,none,30013,78060,3552,12,4096,0.0050720410000000002,13007081,0
2026-08-25T16:11:56.669Z,unavailable,Release,N1-fixed,N1,,"N1:ntuple-td-learned:experiments/weights/n7_global_100k.bin:tuples=6+6+6+6+6,active=41,global,weights=83886336,hash=3c7ad340df035e23",1,"depth counts player layers; depth 1 = player move, spawn, evaluator",custom,0,0,none,30014,170048,7118,13,8192,0.0099437080000000008,13007081,0
2026-08-25T16:11:56.669Z,unavailable,Release,N1-fixed,N1,,"N1:ntuple-td-learned:experiments/weights/n7_global_100k.bin:tuples=6+6+6+6+6,active=41,global,weights=83886336,hash=3c7ad340df035e23",1,"depth counts player layers; depth 1 = player move, spawn, evaluator",custom,0,0,none,30015,81272,3754,12,4096,0.0052355830000000003,13007081,0
2026-08-25T16:11:56.669Z,unavailable,Release,N1-fixed,N1,,"N1:ntuple-td-learned:experiments/weights/n7_global_100k.bin:tuples=6+6+6+6+6,active=41,global,weights=83886336,hash=3c7ad340df035e23",1,"depth counts player layers; depth 1 = player move, spawn, evaluator",custom,0,0,none,30016,76544,3519,12,4096,0.0049317500000000004,13007081,0
2026-08-25T16:11:56.669Z,unavailable,Release,N1-fixed,N1,,"N1:ntuple-td-learned:experiments/weights/n7_global_100k.bin:tuples=6+6+6+6+6,active=41,global,weights=83886336,hash=3c7ad340df035e23",1,"depth counts player layers; depth 1 = player move, spawn, evaluator",custom,0,0,none,30017,192608,7915,13,8192,0.01139125,13007081,0
2026-08-25T16:11:56.669Z,unavailable,Release,N1-fixed,N1,,"N1:ntuple-td-learned:experiments/weights/n7_global_100k.bin:tuples=6+6+6+6+6,active=41,global,weights=83886336,hash=3c7ad340df035e23",1,"depth counts player layers; depth 1 = player move, spawn, evaluator",custom,0,0,none,30018,156392,6457,13,8192,0.0093702920000000006,13007081,0
2026-08-25T16:11:56.669Z,unavailable,Release,N1-fixed,N1,,"N1:ntuple-td-learned:experiments/weights/n7_global_100k.bin:tuples=6+6+6+6+6,active=41,global,weights=83886336,hash=3c7ad340df035e23",1,"depth counts player layers; depth 1 = player move, spawn, evaluator",custom,0,0,none,30019,36876,1923,11,2048,0.0028275420000000002,13007081,0
2026-08-25T16:11:56.669Z,unavailable,Release,N1-fixed,N1,,"N1:ntuple-td-learned:experiments/weights/n7_global_100k.bin:tuples=6+6+6+6+6,active=41,global,weights=83886336,hash=3c7ad340df035e23",1,"depth counts player layers; depth 1 = player move, spawn, evaluator",custom,0,0,none,30020,108508,4429,13,8192,0.0063972910000000003,13007081,0
2026-08-25T16:11:56.669Z,unavailable,Release,N1-fixed,N1,,"N1:ntuple-td-learned:experiments/weights/n7_global_100k.bin:tuples=6+6+6+6+6,active=41,global,weights=83886336,hash=3c7ad340df035e23",1,"depth counts player layers; depth 1 = player move, spawn, evaluator",custom,0,0,none,30021,80448,3727,12,4096,0.0061417499999999996,13007081,0
2026-08-25T16:11:56.669Z,unavailable,Release,N1-fixed,N1,,"N1:ntuple-td-learned:experiments/weights/n7_global_100k.bin:tuples=6+6+6+6+6,active=41,global,weights=83886336,hash=3c7ad340df035e23",1,"depth counts player layers; depth 1 = player move, spawn, evaluator",custom,0,0,none,30022,131188,5468,13,8192,0.0078807500000000006,13007081,0
2026-08-25T16:11:56.669Z,unavailable,Release,N1-fixed,N1,,"N1:ntuple-td-learned:experiments/weights/n7_global_100k.bin:tuples=6+6+6+6+6,active=41,global,weights=83886336,hash=3c7ad340df035e23",1,"depth counts player layers; depth 1 = player move, spawn, evaluator",custom,0,0,none,30023,80384,3735,12,4096,0.0052577079999999998,13007081,0
2026-08-25T16:11:56.669Z,unavailable,Release,N1-fixed,N1,,"N1:ntuple-td-learned:experiments/weights/n7_global_100k.bin:tuples=6+6+6+6+6,active=41,global,weights=83886336,hash=3c7ad340df035e23",1,"depth counts player layers; depth 1 = player move, spawn, evaluator",custom,0,0,none,30024,64656,2980,12,4096,0.0043706250000000004,13007081,0
2026-08-25T16:11:56.669Z,unavailable,Release,N1-fixed,N1,,"N1:ntuple-td-learned:experiments/weights/n7_global_100k.bin:tuples=6+6+6+6+6,active=41,global,weights=83886336,hash=3c7ad340df035e23",1,"depth counts player layers; depth 1 = player move, spawn, evaluator",custom,0,0,none,30025,13508,817,10,1024,0.0012221249999999999,13007081,0
2026-08-25T16:11:56.669Z,unavailable,Release,N1-fixed,N1,,"N1:ntuple-td-learned:experiments/weights/n7_global_100k.bin:tuples=6+6+6+6+6,active=41,global,weights=83886336,hash=3c7ad340df035e23",1,"depth counts player layers; depth 1 = player move, spawn, evaluator",custom,0,0,none,30026,80228,3701,12,4096,0.0051862920000000003,13007081,0
2026-08-25T16:11:56.669Z,unavailable,Release,N1-fixed,N1,,"N1:ntuple-td-learned:experiments/weights/n7_global_100k.bin:tuples=6+6+6+6+6,active=41,global,weights=83886336,hash=3c7ad340df035e23",1,"depth counts player layers; depth 1 = player move, spawn, evaluator",custom,0,0,none,30027,153092,6273,13,8192,0.0087059589999999992,13007081,0
2026-08-25T16:11:56.669Z,unavailable,Release,N1-fixed,N1,,"N1:ntuple-td-learned:experiments/weights/n7_global_100k.bin:tuples=6+6+6+6+6,active=41,global,weights=83886336,hash=3c7ad340df035e23",1,"depth counts player layers; depth 1 = player move, spawn, evaluator",custom,0,0,none,30028,172376,7127,13,8192,0.010078416999999999,13007081,0
2026-08-25T16:11:56.669Z,unavailable,Release,N1-fixed,N1,,"N1:ntuple-td-learned:experiments/weights/n7_global_100k.bin:tuples=6+6+6+6+6,active=41,global,weights=83886336,hash=3c7ad340df035e23",1,"depth counts player layers; depth 1 = player move, spawn, evaluator",custom,0,0,none,30029,152876,6251,13,8192,0.008836333,13007081,0
2026-08-25T16:11:56.669Z,unavailable,Release,N1-fixed,N1,,"N1:ntuple-td-learned:experiments/weights/n7_global_100k.bin:tuples=6+6+6+6+6,active=41,global,weights=83886336,hash=3c7ad340df035e23",1,"depth counts player layers; depth 1 = player move, spawn, evaluator",custom,0,0,none,30030,164260,6761,13,8192,0.00963375,13007081,0
2026-08-25T16:11:56.669Z,unavailable,Release,N1-fixed,N1,,"N1:ntuple-td-learned:experiments/weights/n7_global_100k.bin:tuples=6+6+6+6+6,active=41,global,weights=83886336,hash=3c7ad340df035e23",1,"depth counts player layers; depth 1 = player move, spawn, evaluator",custom,0,0,none,30031,80432,3723,12,4096,0.0053192919999999998,13007081,0
2026-08-25T16:11:56.669Z,unavailable,Release,N1-fixed,N1,,"N1:ntuple-td-learned:experiments/weights/n7_global_100k.bin:tuples=6+6+6+6+6,active=41,global,weights=83886336,hash=3c7ad340df035e23",1,"depth counts player layers; depth 1 = player move, spawn, evaluator",custom,0,0,none,30032,168428,7001,13,8192,0.0098598330000000001,13007081,0
2026-08-25T16:11:56.669Z,unavailable,Release,N1-fixed,N1,,"N1:ntuple-td-learned:experiments/weights/n7_global_100k.bin:tuples=6+6+6+6+6,active=41,global,weights=83886336,hash=3c7ad340df035e23",1,"depth counts player layers; depth 1 = player move, spawn, evaluator",custom,0,0,none,30033,112816,4684,13,8192,0.0066925409999999998,13007081,0
2026-08-25T16:11:56.669Z,unavailable,Release,N1-fixed,N1,,"N1:ntuple-td-learned:experiments/weights/n7_global_100k.bin:tuples=6+6+6+6+6,active=41,global,weights=83886336,hash=3c7ad340df035e23",1,"depth counts player layers; depth 1 = player move, spawn, evaluator",custom,0,0,none,30034,147532,6217,13,8192,0.0090185000000000005,13007081,0
2026-08-25T16:11:56.669Z,unavailable,Release,N1-fixed,N1,,"N1:ntuple-td-learned:experiments/weights/n7_global_100k.bin:tuples=6+6+6+6+6,active=41,global,weights=83886336,hash=3c7ad340df035e23",1,"depth counts player layers; depth 1 = player move, spawn, evaluator",custom,0,0,none,30035,27696,1458,11,2048,0.002114,13007081,0
2026-08-25T16:11:56.669Z,unavailable,Release,N1-fixed,N1,,"N1:ntuple-td-learned:experiments/weights/n7_global_100k.bin:tuples=6+6+6+6+6,active=41,global,weights=83886336,hash=3c7ad340df035e23",1,"depth counts player layers; depth 1 = player move, spawn, evaluator",custom,0,0,none,30036,36136,1871,11,2048,0.002589334,13007081,0
2026-08-25T16:11:56.669Z,unavailable,Release,N1-fixed,N1,,"N1:ntuple-td-learned:experiments/weights/n7_global_100k.bin:tuples=6+6+6+6+6,active=41,global,weights=83886336,hash=3c7ad340df035e23",1,"depth counts player layers; depth 1 = player move, spawn, evaluator",custom,0,0,none,30037,85916,3875,12,4096,0.0055070420000000002,13007081,0
2026-08-25T16:11:56.669Z,unavailable,Release,N1-fixed,N1,,"N1:ntuple-td-learned:experiments/weights/n7_global_100k.bin:tuples=6+6+6+6+6,active=41,global,weights=83886336,hash=3c7ad340df035e23",1,"depth counts player layers; depth 1 = player move, spawn, evaluator",custom,0,0,none,30038,174028,7251,13,8192,0.010226666000000001,13007081,0
2026-08-25T16:11:56.669Z,unavailable,Release,N1-fixed,N1,,"N1:ntuple-td-learned:experiments/weights/n7_global_100k.bin:tuples=6+6+6+6+6,active=41,global,weights=83886336,hash=3c7ad340df035e23",1,"depth counts player layers; depth 1 = player move, spawn, evaluator",custom,0,0,none,30039,90640,4131,12,4096,0.005958667,13007081,0
2026-08-25T16:11:56.669Z,unavailable,Release,N1-fixed,N1,,"N1:ntuple-td-learned:experiments/weights/n7_global_100k.bin:tuples=6+6+6+6+6,active=41,global,weights=83886336,hash=3c7ad340df035e23",1,"depth counts player layers; depth 1 = player move, spawn, evaluator",custom,0,0,none,30040,132960,5596,13,8192,0.0081567919999999995,13007081,0
2026-08-25T16:11:56.669Z,unavailable,Release,N1-fixed,N1,,"N1:ntuple-td-learned:experiments/weights/n7_global_100k.bin:tuples=6+6+6+6+6,active=41,global,weights=83886336,hash=3c7ad340df035e23",1,"depth counts player layers; depth 1 = player move, spawn, evaluator",custom,0,0,none,30041,91132,4303,12,4096,0.0066027919999999997,13007081,0
2026-08-25T16:11:56.669Z,unavailable,Release,N1-fixed,N1,,"N1:ntuple-td-learned:experiments/weights/n7_global_100k.bin:tuples=6+6+6+6+6,active=41,global,weights=83886336,hash=3c7ad340df035e23",1,"depth counts player layers; depth 1 = player move, spawn, evaluator",custom,0,0,none,30042,140972,5973,13,8192,0.0087169580000000003,13007081,0
2026-08-25T16:11:56.669Z,unavailable,Release,N1-fixed,N1,,"N1:ntuple-td-learned:experiments/weights/n7_global_100k.bin:tuples=6+6+6+6+6,active=41,global,weights=83886336,hash=3c7ad340df035e23",1,"depth counts player layers; depth 1 = player move, spawn, evaluator",custom,0,0,none,30043,173524,7271,13,8192,0.010987083,13007081,0
2026-08-25T16:11:56.669Z,unavailable,Release,N1-fixed,N1,,"N1:ntuple-td-learned:experiments/weights/n7_global_100k.bin:tuples=6+6+6+6+6,active=41,global,weights=83886336,hash=3c7ad340df035e23",1,"depth counts player layers; depth 1 = player move, spawn, evaluator",custom,0,0,none,30044,171592,7190,13,8192,0.01106625,13007081,0
2026-08-25T16:11:56.669Z,unavailable,Release,N1-fixed,N1,,"N1:ntuple-td-learned:experiments/weights/n7_global_100k.bin:tuples=6+6+6+6+6,active=41,global,weights=83886336,hash=3c7ad340df035e23",1,"depth counts player layers; depth 1 = player move, spawn, evaluator",custom,0,0,none,30045,134380,5670,13,8192,0.0090292910000000001,13007081,0
2026-08-25T16:11:56.669Z,unavailable,Release,N1-fixed,N1,,"N1:ntuple-td-learned:experiments/weights/n7_global_100k.bin:tuples=6+6+6+6+6,active=41,global,weights=83886336,hash=3c7ad340df035e23",1,"depth counts player layers; depth 1 = player move, spawn, evaluator",custom,0,0,none,30046,144216,5818,13,8192,0.0089012919999999999,13007081,0
2026-08-25T16:11:56.669Z,unavailable,Release,N1-fixed,N1,,"N1:ntuple-td-learned:experiments/weights/n7_global_100k.bin:tuples=6+6+6+6+6,active=41,global,weights=83886336,hash=3c7ad340df035e23",1,"depth counts player layers; depth 1 = player move, spawn, evaluator",custom,0,0,none,30047,133776,5607,13,8192,0.0088579169999999999,13007081,0
2026-08-25T16:11:56.669Z,unavailable,Release,N1-fixed,N1,,"N1:ntuple-td-learned:experiments/weights/n7_global_100k.bin:tuples=6+6+6+6+6,active=41,global,weights=83886336,hash=3c7ad340df035e23",1,"depth counts player layers; depth 1 = player move, spawn, evaluator",custom,0,0,none,30048,157064,6519,13,8192,0.010571875,13007081,0
2026-08-25T16:11:56.669Z,unavailable,Release,N1-fixed,N1,,"N1:ntuple-td-learned:experiments/weights/n7_global_100k.bin:tuples=6+6+6+6+6,active=41,global,weights=83886336,hash=3c7ad340df035e23",1,"depth counts player layers; depth 1 = player move, spawn, evaluator",custom,0,0,none,30049,70792,3213,12,4096,0.0046885,13007081,0
2026-08-25T16:11:56.669Z,unavailable,Release,N1-fixed,N1,,"N1:ntuple-td-learned:experiments/weights/n7_global_100k.bin:tuples=6+6+6+6+6,active=41,global,weights=83886336,hash=3c7ad340df035e23",1,"depth counts player layers; depth 1 = player move, spawn, evaluator",custom,0,0,none,30050,49740,2239,12,4096,0.003237041,13007081,0
2026-08-25T16:11:56.669Z,unavailable,Release,N1-fixed,N1,,"N1:ntuple-td-learned:experiments/weights/n7_global_100k.bin:tuples=6+6+6+6+6,active=41,global,weights=83886336,hash=3c7ad340df035e23",1,"depth counts player layers; depth 1 = player move, spawn, evaluator",custom,0,0,none,30051,177072,7419,13,8192,0.010558875000000001,13007081,0
2026-08-25T16:11:56.669Z,unavailable,Release,N1-fixed,N1,,"N1:ntuple-td-learned:experiments/weights/n7_global_100k.bin:tuples=6+6+6+6+6,active=41,global,weights=83886336,hash=3c7ad340df035e23",1,"depth counts player layers; depth 1 = player move, spawn, evaluator",custom,0,0,none,30052,128544,5319,13,8192,0.0078024160000000004,13007081,0
2026-08-25T16:11:56.669Z,unavailable,Release,N1-fixed,N1,,"N1:ntuple-td-learned:experiments/weights/n7_global_100k.bin:tuples=6+6+6+6+6,active=41,global,weights=83886336,hash=3c7ad340df035e23",1,"depth counts player layers; depth 1 = player move, spawn, evaluator",custom,0,0,none,30053,175432,7325,13,8192,0.010742708,13007081,0
2026-08-25T16:11:56.669Z,unavailable,Release,N1-fixed,N1,,"N1:ntuple-td-learned:experiments/weights/n7_global_100k.bin:tuples=6+6+6+6+6,active=41,global,weights=83886336,hash=3c7ad340df035e23",1,"depth counts player layers; depth 1 = player move, spawn, evaluator",custom,0,0,none,30054,89412,4180,12,4096,0.0059724169999999998,13007081,0
2026-08-25T16:11:56.669Z,unavailable,Release,N1-fixed,N1,,"N1:ntuple-td-learned:experiments/weights/n7_global_100k.bin:tuples=6+6+6+6+6,active=41,global,weights=83886336,hash=3c7ad340df035e23",1,"depth counts player layers; depth 1 = player move, spawn, evaluator",custom,0,0,none,30055,154664,6335,13,8192,0.0089848340000000006,13007081,0
2026-08-25T16:11:56.669Z,unavailable,Release,N1-fixed,N1,,"N1:ntuple-td-learned:experiments/weights/n7_global_100k.bin:tuples=6+6+6+6+6,active=41,global,weights=83886336,hash=3c7ad340df035e23",1,"depth counts player layers; depth 1 = player move, spawn, evaluator",custom,0,0,none,30056,76512,3589,12,4096,0.0051555000000000004,13007081,0
2026-08-25T16:11:56.669Z,unavailable,Release,N1-fixed,N1,,"N1:ntuple-td-learned:experiments/weights/n7_global_100k.bin:tuples=6+6+6+6+6,active=41,global,weights=83886336,hash=3c7ad340df035e23",1,"depth counts player layers; depth 1 = player move, spawn, evaluator",custom,0,0,none,30057,80412,3719,12,4096,0.0054766670000000002,13007081,0
2026-08-25T16:11:56.669Z,unavailable,Release,N1-fixed,N1,,"N1:ntuple-td-learned:experiments/weights/n7_global_100k.bin:tuples=6+6+6+6+6,active=41,global,weights=83886336,hash=3c7ad340df035e23",1,"depth counts player layers; depth 1 = player move, spawn, evaluator",custom,0,0,none,30058,69672,3289,12,4096,0.0048036249999999997,13007081,0
2026-08-25T16:11:56.669Z,unavailable,Release,N1-fixed,N1,,"N1:ntuple-td-learned:experiments/weights/n7_global_100k.bin:tuples=6+6+6+6+6,active=41,global,weights=83886336,hash=3c7ad340df035e23",1,"depth counts player layers; depth 1 = player move, spawn, evaluator",custom,0,0,none,30059,96528,4437,12,4096,0.0063197080000000003,13007081,0
2026-08-25T16:11:56.669Z,unavailable,Release,N1-fixed,N1,,"N1:ntuple-td-learned:experiments/weights/n7_global_100k.bin:tuples=6+6+6+6+6,active=41,global,weights=83886336,hash=3c7ad340df035e23",1,"depth counts player layers; depth 1 = player move, spawn, evaluator",custom,0,0,none,30060,118184,4763,13,8192,0.006833792,13007081,0
2026-08-25T16:11:56.669Z,unavailable,Release,N1-fixed,N1,,"N1:ntuple-td-learned:experiments/weights/n7_global_100k.bin:tuples=6+6+6+6+6,active=41,global,weights=83886336,hash=3c7ad340df035e23",1,"depth counts player layers; depth 1 = player move, spawn, evaluator",custom,0,0,none,30061,217352,7949,14,16384,0.011324542,13007081,0
2026-08-25T16:11:56.669Z,unavailable,Release,N1-fixed,N1,,"N1:ntuple-td-learned:experiments/weights/n7_global_100k.bin:tuples=6+6+6+6+6,active=41,global,weights=83886336,hash=3c7ad340df035e23",1,"depth counts player layers; depth 1 = player move, spawn, evaluator",custom,0,0,none,30062,103976,4209,13,8192,0.0061758330000000004,13007081,0
2026-08-25T16:11:56.669Z,unavailable,Release,N1-fixed,N1,,"N1:ntuple-td-learned:experiments/weights/n7_global_100k.bin:tuples=6+6+6+6+6,active=41,global,weights=83886336,hash=3c7ad340df035e23",1,"depth counts player layers; depth 1 = player move, spawn, evaluator",custom,0,0,none,30063,177504,7479,13,8192,0.010484833000000001,13007081,0
2026-08-25T16:11:56.669Z,unavailable,Release,N1-fixed,N1,,"N1:ntuple-td-learned:experiments/weights/n7_global_100k.bin:tuples=6+6+6+6+6,active=41,global,weights=83886336,hash=3c7ad340df035e23",1,"depth counts player layers; depth 1 = player move, spawn, evaluator",custom,0,0,none,30064,174712,7257,13,8192,0.010435708,13007081,0
2026-08-25T16:11:56.669Z,unavailable,Release,N1-fixed,N1,,"N1:ntuple-td-learned:experiments/weights/n7_global_100k.bin:tuples=6+6+6+6+6,active=41,global,weights=83886336,hash=3c7ad340df035e23",1,"depth counts player layers; depth 1 = player move, spawn, evaluator",custom,0,0,none,30065,157176,6525,13,8192,0.0092936670000000002,13007081,0
2026-08-25T16:11:56.669Z,unavailable,Release,N1-fixed,N1,,"N1:ntuple-td-learned:experiments/weights/n7_global_100k.bin:tuples=6+6+6+6+6,active=41,global,weights=83886336,hash=3c7ad340df035e23",1,"depth counts player layers; depth 1 = player move, spawn, evaluator",custom,0,0,none,30066,153844,6338,13,8192,0.0089956250000000001,13007081,0
2026-08-25T16:11:56.669Z,unavailable,Release,N1-fixed,N1,,"N1:ntuple-td-learned:experiments/weights/n7_global_100k.bin:tuples=6+6+6+6+6,active=41,global,weights=83886336,hash=3c7ad340df035e23",1,"depth counts player layers; depth 1 = player move, spawn, evaluator",custom,0,0,none,30067,172132,7127,13,8192,0.010128542000000001,13007081,0
2026-08-25T16:11:56.669Z,unavailable,Release,N1-fixed,N1,,"N1:ntuple-td-learned:experiments/weights/n7_global_100k.bin:tuples=6+6+6+6+6,active=41,global,weights=83886336,hash=3c7ad340df035e23",1,"depth counts player layers; depth 1 = player move, spawn, evaluator",custom,0,0,none,30068,76764,3526,12,4096,0.0050852500000000004,13007081,0
2026-08-25T16:11:56.669Z,unavailable,Release,N1-fixed,N1,,"N1:ntuple-td-learned:experiments/weights/n7_global_100k.bin:tuples=6+6+6+6+6,active=41,global,weights=83886336,hash=3c7ad340df035e23",1,"depth counts player layers; depth 1 = player move, spawn, evaluator",custom,0,0,none,30069,61452,2866,12,4096,0.0041349170000000001,13007081,0
2026-08-25T16:11:56.669Z,unavailable,Release,N1-fixed,N1,,"N1:ntuple-td-learned:experiments/weights/n7_global_100k.bin:tuples=6+6+6+6+6,active=41,global,weights=83886336,hash=3c7ad340df035e23",1,"depth counts player layers; depth 1 = player move, spawn, evaluator",custom,0,0,none,30070,82232,3853,12,4096,0.005426167,13007081,0
2026-08-25T16:11:56.669Z,unavailable,Release,N1-fixed,N1,,"N1:ntuple-td-learned:experiments/weights/n7_global_100k.bin:tuples=6+6+6+6+6,active=41,global,weights=83886336,hash=3c7ad340df035e23",1,"depth counts player layers; depth 1 = player move, spawn, evaluator",custom,0,0,none,30071,132956,5591,13,8192,0.0076632080000000003,13007081,0
2026-08-25T16:11:56.669Z,unavailable,Release,N1-fixed,N1,,"N1:ntuple-td-learned:experiments/weights/n7_global_100k.bin:tuples=6+6+6+6+6,active=41,global,weights=83886336,hash=3c7ad340df035e23",1,"depth counts player layers; depth 1 = player move, spawn, evaluator",custom,0,0,none,30072,115304,4840,13,8192,0.006753083,13007081,0
2026-08-25T16:11:56.669Z,unavailable,Release,N1-fixed,N1,,"N1:ntuple-td-learned:experiments/weights/n7_global_100k.bin:tuples=6+6+6+6+6,active=41,global,weights=83886336,hash=3c7ad340df035e23",1,"depth counts player layers; depth 1 = player move, spawn, evaluator",custom,0,0,none,30073,175268,7320,13,8192,0.0104435,13007081,0
2026-08-25T16:11:56.669Z,unavailable,Release,N1-fixed,N1,,"N1:ntuple-td-learned:experiments/weights/n7_global_100k.bin:tuples=6+6+6+6+6,active=41,global,weights=83886336,hash=3c7ad340df035e23",1,"depth counts player layers; depth 1 = player move, spawn, evaluator",custom,0,0,none,30074,161080,6732,13,8192,0.0098081669999999996,13007081,0
2026-08-25T16:11:56.669Z,unavailable,Release,N1-fixed,N1,,"N1:ntuple-td-learned:experiments/weights/n7_global_100k.bin:tuples=6+6+6+6+6,active=41,global,weights=83886336,hash=3c7ad340df035e23",1,"depth counts player layers; depth 1 = player move, spawn, evaluator",custom,0,0,none,30075,175844,7367,13,8192,0.010736832999999999,13007081,0
2026-08-25T16:11:56.669Z,unavailable,Release,N1-fixed,N1,,"N1:ntuple-td-learned:experiments/weights/n7_global_100k.bin:tuples=6+6+6+6+6,active=41,global,weights=83886336,hash=3c7ad340df035e23",1,"depth counts player layers; depth 1 = player move, spawn, evaluator",custom,0,0,none,30076,129032,5373,13,8192,0.0079691659999999997,13007081,0
2026-08-25T16:11:56.669Z,unavailable,Release,N1-fixed,N1,,"N1:ntuple-td-learned:experiments/weights/n7_global_100k.bin:tuples=6+6+6+6+6,active=41,global,weights=83886336,hash=3c7ad340df035e23",1,"depth counts player layers; depth 1 = player move, spawn, evaluator",custom,0,0,none,30077,132284,5555,13,8192,0.0081892920000000008,13007081,0
2026-08-25T16:11:56.669Z,unavailable,Release,N1-fixed,N1,,"N1:ntuple-td-learned:experiments/weights/n7_global_100k.bin:tuples=6+6+6+6+6,active=41,global,weights=83886336,hash=3c7ad340df035e23",1,"depth counts player layers; depth 1 = player move, spawn, evaluator",custom,0,0,none,30078,74836,3410,12,4096,0.0053484170000000003,13007081,0
2026-08-25T16:11:56.669Z,unavailable,Release,N1-fixed,N1,,"N1:ntuple-td-learned:experiments/weights/n7_global_100k.bin:tuples=6+6+6+6+6,active=41,global,weights=83886336,hash=3c7ad340df035e23",1,"depth counts player layers; depth 1 = player move, spawn, evaluator",custom,0,0,none,30079,103416,4185,13,8192,0.0062881660000000004,13007081,0
2026-08-25T16:11:56.669Z,unavailable,Release,N1-fixed,N1,,"N1:ntuple-td-learned:experiments/weights/n7_global_100k.bin:tuples=6+6+6+6+6,active=41,global,weights=83886336,hash=3c7ad340df035e23",1,"depth counts player layers; depth 1 = player move, spawn, evaluator",custom,0,0,none,30080,32868,1670,11,2048,0.002616667,13007081,0
2026-08-25T16:11:56.669Z,unavailable,Release,N1-fixed,N1,,"N1:ntuple-td-learned:experiments/weights/n7_global_100k.bin:tuples=6+6+6+6+6,active=41,global,weights=83886336,hash=3c7ad340df035e23",1,"depth counts player layers; depth 1 = player move, spawn, evaluator",custom,0,0,none,30081,129076,5389,13,8192,0.0081460839999999996,13007081,0
2026-08-25T16:11:56.669Z,unavailable,Release,N1-fixed,N1,,"N1:ntuple-td-learned:experiments/weights/n7_global_100k.bin:tuples=6+6+6+6+6,active=41,global,weights=83886336,hash=3c7ad340df035e23",1,"depth counts player layers; depth 1 = player move, spawn, evaluator",custom,0,0,none,30082,136148,5765,13,8192,0.0088769169999999998,13007081,0
2026-08-25T16:11:56.669Z,unavailable,Release,N1-fixed,N1,,"N1:ntuple-td-learned:experiments/weights/n7_global_100k.bin:tuples=6+6+6+6+6,active=41,global,weights=83886336,hash=3c7ad340df035e23",1,"depth counts player layers; depth 1 = player move, spawn, evaluator",custom,0,0,none,30083,112952,4654,13,8192,0.0073547910000000003,13007081,0
2026-08-25T16:11:56.669Z,unavailable,Release,N1-fixed,N1,,"N1:ntuple-td-learned:experiments/weights/n7_global_100k.bin:tuples=6+6+6+6+6,active=41,global,weights=83886336,hash=3c7ad340df035e23",1,"depth counts player layers; depth 1 = player move, spawn, evaluator",custom,0,0,none,30084,168412,7030,13,8192,0.010995583,13007081,0
2026-08-25T16:11:56.669Z,unavailable,Release,N1-fixed,N1,,"N1:ntuple-td-learned:experiments/weights/n7_global_100k.bin:tuples=6+6+6+6+6,active=41,global,weights=83886336,hash=3c7ad340df035e23",1,"depth counts player layers; depth 1 = player move, spawn, evaluator",custom,0,0,none,30085,154424,6350,13,8192,0.010478458,13007081,0
2026-08-25T16:11:56.669Z,unavailable,Release,N1-fixed,N1,,"N1:ntuple-td-learned:experiments/weights/n7_global_100k.bin:tuples=6+6+6+6+6,active=41,global,weights=83886336,hash=3c7ad340df035e23",1,"depth counts player layers; depth 1 = player move, spawn, evaluator",custom,0,0,none,30086,155584,6444,13,8192,0.011289208,13007081,0
2026-08-25T16:11:56.669Z,unavailable,Release,N1-fixed,N1,,"N1:ntuple-td-learned:experiments/weights/n7_global_100k.bin:tuples=6+6+6+6+6,active=41,global,weights=83886336,hash=3c7ad340df035e23",1,"depth counts player layers; depth 1 = player move, spawn, evaluator",custom,0,0,none,30087,116288,4858,13,8192,0.0077595420000000003,13007081,0
2026-08-25T16:11:56.669Z,unavailable,Release,N1-fixed,N1,,"N1:ntuple-td-learned:experiments/weights/n7_global_100k.bin:tuples=6+6+6+6+6,active=41,global,weights=83886336,hash=3c7ad340df035e23",1,"depth counts player layers; depth 1 = player move, spawn, evaluator",custom,0,0,none,30088,64512,3199,11,2048,0.0049607080000000003,13007081,0
2026-08-25T16:11:56.669Z,unavailable,Release,N1-fixed,N1,,"N1:ntuple-td-learned:experiments/weights/n7_global_100k.bin:tuples=6+6+6+6+6,active=41,global,weights=83886336,hash=3c7ad340df035e23",1,"depth counts player layers; depth 1 = player move, spawn, evaluator",custom,0,0,none,30089,100612,4673,12,4096,0.0071506249999999999,13007081,0
2026-08-25T16:11:56.669Z,unavailable,Release,N1-fixed,N1,,"N1:ntuple-td-learned:experiments/weights/n7_global_100k.bin:tuples=6+6+6+6+6,active=41,global,weights=83886336,hash=3c7ad340df035e23",1,"depth counts player layers; depth 1 = player move, spawn, evaluator",custom,0,0,none,30090,146008,5922,13,8192,0.0099228340000000002,13007081,0
2026-08-25T16:11:56.669Z,unavailable,Release,N1-fixed,N1,,"N1:ntuple-td-learned:experiments/weights/n7_global_100k.bin:tuples=6+6+6+6+6,active=41,global,weights=83886336,hash=3c7ad340df035e23",1,"depth counts player layers; depth 1 = player move, spawn, evaluator",custom,0,0,none,30091,132996,5600,13,8192,0.0098370839999999994,13007081,0
2026-08-25T16:11:56.669Z,unavailable,Release,N1-fixed,N1,,"N1:ntuple-td-learned:experiments/weights/n7_global_100k.bin:tuples=6+6+6+6+6,active=41,global,weights=83886336,hash=3c7ad340df035e23",1,"depth counts player layers; depth 1 = player move, spawn, evaluator",custom,0,0,none,30092,156124,6451,13,8192,0.011163124999999999,13007081,0
2026-08-25T16:11:56.669Z,unavailable,Release,N1-fixed,N1,,"N1:ntuple-td-learned:experiments/weights/n7_global_100k.bin:tuples=6+6+6+6+6,active=41,global,weights=83886336,hash=3c7ad340df035e23",1,"depth counts player layers; depth 1 = player move, spawn, evaluator",custom,0,0,none,30093,175256,7354,13,8192,0.011353916,13007081,0
2026-08-25T16:11:56.669Z,unavailable,Release,N1-fixed,N1,,"N1:ntuple-td-learned:experiments/weights/n7_global_100k.bin:tuples=6+6+6+6+6,active=41,global,weights=83886336,hash=3c7ad340df035e23",1,"depth counts player layers; depth 1 = player move, spawn, evaluator",custom,0,0,none,30094,167948,6960,13,8192,0.012638666999999999,13007081,0
2026-08-25T16:11:56.669Z,unavailable,Release,N1-fixed,N1,,"N1:ntuple-td-learned:experiments/weights/n7_global_100k.bin:tuples=6+6+6+6+6,active=41,global,weights=83886336,hash=3c7ad340df035e23",1,"depth counts player layers; depth 1 = player move, spawn, evaluator",custom,0,0,none,30095,202148,8428,13,8192,0.014387459,13007081,0
2026-08-25T16:11:56.669Z,unavailable,Release,N1-fixed,N1,,"N1:ntuple-td-learned:experiments/weights/n7_global_100k.bin:tuples=6+6+6+6+6,active=41,global,weights=83886336,hash=3c7ad340df035e23",1,"depth counts player layers; depth 1 = player move, spawn, evaluator",custom,0,0,none,30096,80504,3737,12,4096,0.0059792079999999997,13007081,0
2026-08-25T16:11:56.669Z,unavailable,Release,N1-fixed,N1,,"N1:ntuple-td-learned:experiments/weights/n7_global_100k.bin:tuples=6+6+6+6+6,active=41,global,weights=83886336,hash=3c7ad340df035e23",1,"depth counts player layers; depth 1 = player move, spawn, evaluator",custom,0,0,none,30097,78396,3583,12,4096,0.0052929580000000004,13007081,0
2026-08-25T16:11:56.669Z,unavailable,Release,N1-fixed,N1,,"N1:ntuple-td-learned:experiments/weights/n7_global_100k.bin:tuples=6+6+6+6+6,active=41,global,weights=83886336,hash=3c7ad340df035e23",1,"depth counts player layers; depth 1 = player move, spawn, evaluator",custom,0,0,none,30098,8984,613,9,512,0.000915791,13007081,0
2026-08-25T16:11:56.669Z,unavailable,Release,N1-fixed,N1,,"N1:ntuple-td-learned:experiments/weights/n7_global_100k.bin:tuples=6+6+6+6+6,active=41,global,weights=83886336,hash=3c7ad340df035e23",1,"depth counts player layers; depth 1 = player move, spawn, evaluator",custom,0,0,none,30099,144084,6073,13,8192,0.0090027079999999999,13007081,0
2026-08-25T16:11:56.669Z,unavailable,Release,N1-fixed,N1,,"N1:ntuple-td-learned:experiments/weights/n7_global_100k.bin:tuples=6+6+6+6+6,active=41,global,weights=83886336,hash=3c7ad340df035e23",1,"depth counts player layers; depth 1 = player move, spawn, evaluator",custom,0,0,none,30100,129004,5366,13,8192,0.0080476249999999992,13007081,0
2026-08-25T16:11:56.669Z,unavailable,Release,N1-fixed,N1,,"N1:ntuple-td-learned:experiments/weights/n7_global_100k.bin:tuples=6+6+6+6+6,active=41,global,weights=83886336,hash=3c7ad340df035e23",1,"depth counts player layers; depth 1 = player move, spawn, evaluator",custom,0,0,none,30101,155960,6492,13,8192,0.0095476250000000006,13007081,0
2026-08-25T16:11:56.669Z,unavailable,Release,N1-fixed,N1,,"N1:ntuple-td-learned:experiments/weights/n7_global_100k.bin:tuples=6+6+6+6+6,active=41,global,weights=83886336,hash=3c7ad340df035e23",1,"depth counts player layers; depth 1 = player move, spawn, evaluator",custom,0,0,none,30102,59736,2762,12,4096,0.0041738749999999996,13007081,0
2026-08-25T16:11:56.669Z,unavailable,Release,N1-fixed,N1,,"N1:ntuple-td-learned:experiments/weights/n7_global_100k.bin:tuples=6+6+6+6+6,active=41,global,weights=83886336,hash=3c7ad340df035e23",1,"depth counts player layers; depth 1 = player move, spawn, evaluator",custom,0,0,none,30103,156580,6506,13,8192,0.0096613329999999994,13007081,0
2026-08-25T16:11:56.669Z,unavailable,Release,N1-fixed,N1,,"N1:ntuple-td-learned:experiments/weights/n7_global_100k.bin:tuples=6+6+6+6+6,active=41,global,weights=83886336,hash=3c7ad340df035e23",1,"depth counts player layers; depth 1 = player move, spawn, evaluator",custom,0,0,none,30104,177012,7405,13,8192,0.0116045,13007081,0
2026-08-25T16:11:56.669Z,unavailable,Release,N1-fixed,N1,,"N1:ntuple-td-learned:experiments/weights/n7_global_100k.bin:tuples=6+6+6+6+6,active=41,global,weights=83886336,hash=3c7ad340df035e23",1,"depth counts player layers; depth 1 = player move, spawn, evaluator",custom,0,0,none,30105,95572,4211,12,4096,0.0068662920000000004,13007081,0
2026-08-25T16:11:56.669Z,unavailable,Release,N1-fixed,N1,,"N1:ntuple-td-learned:experiments/weights/n7_global_100k.bin:tuples=6+6+6+6+6,active=41,global,weights=83886336,hash=3c7ad340df035e23",1,"depth counts player layers; depth 1 = player move, spawn, evaluator",custom,0,0,none,30106,175156,7304,13,8192,0.012053583,13007081,0
2026-08-25T16:11:56.669Z,unavailable,Release,N1-fixed,N1,,"N1:ntuple-td-learned:experiments/weights/n7_global_100k.bin:tuples=6+6+6+6+6,active=41,global,weights=83886336,hash=3c7ad340df035e23",1,"depth counts player layers; depth 1 = player move, spawn, evaluator",custom,0,0,none,30107,154064,6366,13,8192,0.010231166999999999,13007081,0
2026-08-25T16:11:56.669Z,unavailable,Release,N1-fixed,N1,,"N1:ntuple-td-learned:experiments/weights/n7_global_100k.bin:tuples=6+6+6+6+6,active=41,global,weights=83886336,hash=3c7ad340df035e23",1,"depth counts player layers; depth 1 = player move, spawn, evaluator",custom,0,0,none,30108,79888,3711,12,4096,0.0054892079999999998,13007081,0
2026-08-25T16:11:56.669Z,unavailable,Release,N1-fixed,N1,,"N1:ntuple-td-learned:experiments/weights/n7_global_100k.bin:tuples=6+6+6+6+6,active=41,global,weights=83886336,hash=3c7ad340df035e23",1,"depth counts player layers; depth 1 = player move, spawn, evaluator",custom,0,0,none,30109,151260,6149,13,8192,0.0088924580000000007,13007081,0
2026-08-25T16:11:56.669Z,unavailable,Release,N1-fixed,N1,,"N1:ntuple-td-learned:experiments/weights/n7_global_100k.bin:tuples=6+6+6+6+6,active=41,global,weights=83886336,hash=3c7ad340df035e23",1,"depth counts player layers; depth 1 = player move, spawn, evaluator",custom,0,0,none,30110,166648,6862,13,8192,0.009847125,13007081,0
2026-08-25T16:11:56.669Z,unavailable,Release,N1-fixed,N1,,"N1:ntuple-td-learned:experiments/weights/n7_global_100k.bin:tuples=6+6+6+6+6,active=41,global,weights=83886336,hash=3c7ad340df035e23",1,"depth counts player layers; depth 1 = player move, spawn, evaluator",custom,0,0,none,30111,172372,7189,13,8192,0.010359874999999999,13007081,0
2026-08-25T16:11:56.669Z,unavailable,Release,N1-fixed,N1,,"N1:ntuple-td-learned:experiments/weights/n7_global_100k.bin:tuples=6+6+6+6+6,active=41,global,weights=83886336,hash=3c7ad340df035e23",1,"depth counts player layers; depth 1 = player move, spawn, evaluator",custom,0,0,none,30112,130992,5447,13,8192,0.0089949590000000003,13007081,0
2026-08-25T16:11:56.669Z,unavailable,Release,N1-fixed,N1,,"N1:ntuple-td-learned:experiments/weights/n7_global_100k.bin:tuples=6+6+6+6+6,active=41,global,weights=83886336,hash=3c7ad340df035e23",1,"depth counts player layers; depth 1 = player move, spawn, evaluator",custom,0,0,none,30113,80228,3717,12,4096,0.0063058749999999998,13007081,0
2026-08-25T16:11:56.669Z,unavailable,Release,N1-fixed,N1,,"N1:ntuple-td-learned:experiments/weights/n7_global_100k.bin:tuples=6+6+6+6+6,active=41,global,weights=83886336,hash=3c7ad340df035e23",1,"depth counts player layers; depth 1 = player move, spawn, evaluator",custom,0,0,none,30114,173464,7252,13,8192,0.012355792000000001,13007081,0
2026-08-25T16:11:56.669Z,unavailable,Release,N1-fixed,N1,,"N1:ntuple-td-learned:experiments/weights/n7_global_100k.bin:tuples=6+6+6+6+6,active=41,global,weights=83886336,hash=3c7ad340df035e23",1,"depth counts player layers; depth 1 = player move, spawn, evaluator",custom,0,0,none,30115,149804,6181,13,8192,0.0092909169999999992,13007081,0
2026-08-25T16:11:56.669Z,unavailable,Release,N1-fixed,N1,,"N1:ntuple-td-learned:experiments/weights/n7_global_100k.bin:tuples=6+6+6+6+6,active=41,global,weights=83886336,hash=3c7ad340df035e23",1,"depth counts player layers; depth 1 = player move, spawn, evaluator",custom,0,0,none,30116,39872,2075,11,2048,0.0031037920000000002,13007081,0
2026-08-25T16:11:56.669Z,unavailable,Release,N1-fixed,N1,,"N1:ntuple-td-learned:experiments/weights/n7_global_100k.bin:tuples=6+6+6+6+6,active=41,global,weights=83886336,hash=3c7ad340df035e23",1,"depth counts player layers; depth 1 = player move, spawn, evaluator",custom,0,0,none,30117,127820,5282,13,8192,0.0075211660000000001,13007081,0
2026-08-25T16:11:56.669Z,unavailable,Release,N1-fixed,N1,,"N1:ntuple-td-learned:experiments/weights/n7_global_100k.bin:tuples=6+6+6+6+6,active=41,global,weights=83886336,hash=3c7ad340df035e23",1,"depth counts player layers; depth 1 = player move, spawn, evaluator",custom,0,0,none,30118,136148,5747,13,8192,0.0082370829999999992,13007081,0
2026-08-25T16:11:56.669Z,unavailable,Release,N1-fixed,N1,,"N1:ntuple-td-learned:experiments/weights/n7_global_100k.bin:tuples=6+6+6+6+6,active=41,global,weights=83886336,hash=3c7ad340df035e23",1,"depth counts player layers; depth 1 = player move, spawn, evaluator",custom,0,0,none,30119,173152,7223,13,8192,0.010488333000000001,13007081,0
2026-08-25T16:11:56.669Z,unavailable,Release,N1-fixed,N1,,"N1:ntuple-td-learned:experiments/weights/n7_global_100k.bin:tuples=6+6+6+6+6,active=41,global,weights=83886336,hash=3c7ad340df035e23",1,"depth counts player layers; depth 1 = player move, spawn, evaluator",custom,0,0,none,30120,170648,7158,13,8192,0.010239791999999999,13007081,0
2026-08-25T16:11:56.669Z,unavailable,Release,N1-fixed,N1,,"N1:ntuple-td-learned:experiments/weights/n7_global_100k.bin:tuples=6+6+6+6+6,active=41,global,weights=83886336,hash=3c7ad340df035e23",1,"depth counts player layers; depth 1 = player move, spawn, evaluator",custom,0,0,none,30121,55288,2750,11,2048,0.0041242500000000003,13007081,0
2026-08-25T16:11:56.669Z,unavailable,Release,N1-fixed,N1,,"N1:ntuple-td-learned:experiments/weights/n7_global_100k.bin:tuples=6+6+6+6+6,active=41,global,weights=83886336,hash=3c7ad340df035e23",1,"depth counts player layers; depth 1 = player move, spawn, evaluator",custom,0,0,none,30122,165156,6807,13,8192,0.009845833,13007081,0
2026-08-25T16:11:56.669Z,unavailable,Release,N1-fixed,N1,,"N1:ntuple-td-learned:experiments/weights/n7_global_100k.bin:tuples=6+6+6+6+6,active=41,global,weights=83886336,hash=3c7ad340df035e23",1,"depth counts player layers; depth 1 = player move, spawn, evaluator",custom,0,0,none,30123,177084,7449,13,8192,0.010685458,13007081,0
2026-08-25T16:11:56.669Z,unavailable,Release,N1-fixed,N1,,"N1:ntuple-td-learned:experiments/weights/n7_global_100k.bin:tuples=6+6+6+6+6,active=41,global,weights=83886336,hash=3c7ad340df035e23",1,"depth counts player layers; depth 1 = player move, spawn, evaluator",custom,0,0,none,30124,70204,3191,12,4096,0.0046698750000000004,13007081,0
2026-08-25T16:11:56.669Z,unavailable,Release,N1-fixed,N1,,"N1:ntuple-td-learned:experiments/weights/n7_global_100k.bin:tuples=6+6+6+6+6,active=41,global,weights=83886336,hash=3c7ad340df035e23",1,"depth counts player layers; depth 1 = player move, spawn, evaluator",custom,0,0,none,30125,165104,6827,13,8192,0.0096813330000000003,13007081,0
2026-08-25T16:11:56.669Z,unavailable,Release,N1-fixed,N1,,"N1:ntuple-td-learned:experiments/weights/n7_global_100k.bin:tuples=6+6+6+6+6,active=41,global,weights=83886336,hash=3c7ad340df035e23",1,"depth counts player layers; depth 1 = player move, spawn, evaluator",custom,0,0,none,30126,76936,3532,12,4096,0.0050159159999999996,13007081,0
2026-08-25T16:11:56.669Z,unavailable,Release,N1-fixed,N1,,"N1:ntuple-td-learned:experiments/weights/n7_global_100k.bin:tuples=6+6+6+6+6,active=41,global,weights=83886336,hash=3c7ad340df035e23",1,"depth counts player layers; depth 1 = player move, spawn, evaluator",custom,0,0,none,30127,71272,3231,12,4096,0.0046839999999999998,13007081,0
2026-08-25T16:11:56.669Z,unavailable,Release,N1-fixed,N1,,"N1:ntuple-td-learned:experiments/weights/n7_global_100k.bin:tuples=6+6+6+6+6,active=41,global,weights=83886336,hash=3c7ad340df035e23",1,"depth counts player layers; depth 1 = player move, spawn, evaluator",custom,0,0,none,30128,100216,4595,12,4096,0.006710667,13007081,0
2026-08-25T16:11:56.669Z,unavailable,Release,N1-fixed,N1,,"N1:ntuple-td-learned:experiments/weights/n7_global_100k.bin:tuples=6+6+6+6+6,active=41,global,weights=83886336,hash=3c7ad340df035e23",1,"depth counts player layers; depth 1 = player move, spawn, evaluator",custom,0,0,none,30129,157056,6496,13,8192,0.0094964590000000005,13007081,0
2026-08-25T16:11:56.669Z,unavailable,Release,N1-fixed,N1,,"N1:ntuple-td-learned:experiments/weights/n7_global_100k.bin:tuples=6+6+6+6+6,active=41,global,weights=83886336,hash=3c7ad340df035e23",1,"depth counts player layers; depth 1 = player move, spawn, evaluator",custom,0,0,none,30130,81148,3746,12,4096,0.0054469999999999996,13007081,0
2026-08-25T16:11:56.669Z,unavailable,Release,N1-fixed,N1,,"N1:ntuple-td-learned:experiments/weights/n7_global_100k.bin:tuples=6+6+6+6+6,active=41,global,weights=83886336,hash=3c7ad340df035e23",1,"depth counts player layers; depth 1 = player move, spawn, evaluator",custom,0,0,none,30131,114228,4729,13,8192,0.0069303749999999999,13007081,0
2026-08-25T16:11:56.669Z,unavailable,Release,N1-fixed,N1,,"N1:ntuple-td-learned:experiments/weights/n7_global_100k.bin:tuples=6+6+6+6+6,active=41,global,weights=83886336,hash=3c7ad340df035e23",1,"depth counts player layers; depth 1 = player move, spawn, evaluator",custom,0,0,none,30132,78776,3611,12,4096,0.0052409580000000004,13007081,0
2026-08-25T16:11:56.669Z,unavailable,Release,N1-fixed,N1,,"N1:ntuple-td-learned:experiments/weights/n7_global_100k.bin:tuples=6+6+6+6+6,active=41,global,weights=83886336,hash=3c7ad340df035e23",1,"depth counts player layers; depth 1 = player move, spawn, evaluator",custom,0,0,none,30133,173476,7250,13,8192,0.010219583000000001,13007081,0
2026-08-25T16:11:56.669Z,unavailable,Release,N1-fixed,N1,,"N1:ntuple-td-learned:experiments/weights/n7_global_100k.bin:tuples=6+6+6+6+6,active=41,global,weights=83886336,hash=3c7ad340df035e23",1,"depth counts player layers; depth 1 = player move, spawn, evaluator",custom,0,0,none,30134,136640,5791,13,8192,0.008456,13007081,0
2026-08-25T16:11:56.669Z,unavailable,Release,N1-fixed,N1,,"N1:ntuple-td-learned:experiments/weights/n7_global_100k.bin:tuples=6+6+6+6+6,active=41,global,weights=83886336,hash=3c7ad340df035e23",1,"depth counts player layers; depth 1 = player move, spawn, evaluator",custom,0,0,none,30135,31424,1659,11,2048,0.0024125829999999998,13007081,0
2026-08-25T16:11:56.669Z,unavailable,Release,N1-fixed,N1,,"N1:ntuple-td-learned:experiments/weights/n7_global_100k.bin:tuples=6+6+6+6+6,active=41,global,weights=83886336,hash=3c7ad340df035e23",1,"depth counts player layers; depth 1 = player move, spawn, evaluator",custom,0,0,none,30136,245896,9266,14,16384,0.013737416000000001,13007081,0
2026-08-25T16:11:56.669Z,unavailable,Release,N1-fixed,N1,,"N1:ntuple-td-learned:experiments/weights/n7_global_100k.bin:tuples=6+6+6+6+6,active=41,global,weights=83886336,hash=3c7ad340df035e23",1,"depth counts player layers; depth 1 = player move, spawn, evaluator",custom,0,0,none,30137,173136,7202,13,8192,0.010374917000000001,13007081,0
2026-08-25T16:11:56.669Z,unavailable,Release,N1-fixed,N1,,"N1:ntuple-td-learned:experiments/weights/n7_global_100k.bin:tuples=6+6+6+6+6,active=41,global,weights=83886336,hash=3c7ad340df035e23",1,"depth counts player layers; depth 1 = player move, spawn, evaluator",custom,0,0,none,30138,132548,5538,13,8192,0.0077437909999999999,13007081,0
2026-08-25T16:11:56.669Z,unavailable,Release,N1-fixed,N1,,"N1:ntuple-td-learned:experiments/weights/n7_global_100k.bin:tuples=6+6+6+6+6,active=41,global,weights=83886336,hash=3c7ad340df035e23",1,"depth counts player layers; depth 1 = player move, spawn, evaluator",custom,0,0,none,30139,121908,5136,13,8192,0.0072715829999999999,13007081,0
2026-08-25T16:11:56.669Z,unavailable,Release,N1-fixed,N1,,"N1:ntuple-td-learned:experiments/weights/n7_global_100k.bin:tuples=6+6+6+6+6,active=41,global,weights=83886336,hash=3c7ad340df035e23",1,"depth counts player layers; depth 1 = player move, spawn, evaluator",custom,0,0,none,30140,122192,5185,13,8192,0.0076924580000000001,13007081,0
2026-08-25T16:11:56.669Z,unavailable,Release,N1-fixed,N1,,"N1:ntuple-td-learned:experiments/weights/n7_global_100k.bin:tuples=6+6+6+6+6,active=41,global,weights=83886336,hash=3c7ad340df035e23",1,"depth counts player layers; depth 1 = player move, spawn, evaluator",custom,0,0,none,30141,168320,7003,13,8192,0.0099850000000000008,13007081,0
2026-08-25T16:11:56.669Z,unavailable,Release,N1-fixed,N1,,"N1:ntuple-td-learned:experiments/weights/n7_global_100k.bin:tuples=6+6+6+6+6,active=41,global,weights=83886336,hash=3c7ad340df035e23",1,"depth counts player layers; depth 1 = player move, spawn, evaluator",custom,0,0,none,30142,137356,5874,13,8192,0.0086122500000000001,13007081,0
2026-08-25T16:11:56.669Z,unavailable,Release,N1-fixed,N1,,"N1:ntuple-td-learned:experiments/weights/n7_global_100k.bin:tuples=6+6+6+6+6,active=41,global,weights=83886336,hash=3c7ad340df035e23",1,"depth counts player layers; depth 1 = player move, spawn, evaluator",custom,0,0,none,30143,67720,3153,12,4096,0.0047455420000000002,13007081,0
2026-08-25T16:11:56.669Z,unavailable,Release,N1-fixed,N1,,"N1:ntuple-td-learned:experiments/weights/n7_global_100k.bin:tuples=6+6+6+6+6,active=41,global,weights=83886336,hash=3c7ad340df035e23",1,"depth counts player layers; depth 1 = player move, spawn, evaluator",custom,0,0,none,30144,173316,7242,13,8192,0.010881125,13007081,0
2026-08-25T16:11:56.669Z,unavailable,Release,N1-fixed,N1,,"N1:ntuple-td-learned:experiments/weights/n7_global_100k.bin:tuples=6+6+6+6+6,active=41,global,weights=83886336,hash=3c7ad340df035e23",1,"depth counts player layers; depth 1 = player move, spawn, evaluator",custom,0,0,none,30145,60720,2839,12,4096,0.0044298330000000002,13007081,0
2026-08-25T16:11:56.669Z,unavailable,Release,N1-fixed,N1,,"N1:ntuple-td-learned:experiments/weights/n7_global_100k.bin:tuples=6+6+6+6+6,active=41,global,weights=83886336,hash=3c7ad340df035e23",1,"depth counts player layers; depth 1 = player move, spawn, evaluator",custom,0,0,none,30146,171572,7101,13,8192,0.010934292,13007081,0
2026-08-25T16:11:56.669Z,unavailable,Release,N1-fixed,N1,,"N1:ntuple-td-learned:experiments/weights/n7_global_100k.bin:tuples=6+6+6+6+6,active=41,global,weights=83886336,hash=3c7ad340df035e23",1,"depth counts player layers; depth 1 = player move, spawn, evaluator",custom,0,0,none,30147,7104,485,9,512,0.00076641600000000002,13007081,0
2026-08-25T16:11:56.669Z,unavailable,Release,N1-fixed,N1,,"N1:ntuple-td-learned:experiments/weights/n7_global_100k.bin:tuples=6+6+6+6+6,active=41,global,weights=83886336,hash=3c7ad340df035e23",1,"depth counts player layers; depth 1 = player move, spawn, evaluator",custom,0,0,none,30148,132308,5547,13,8192,0.0089961250000000006,13007081,0
2026-08-25T16:11:56.669Z,unavailable,Release,N1-fixed,N1,,"N1:ntuple-td-learned:experiments/weights/n7_global_100k.bin:tuples=6+6+6+6+6,active=41,global,weights=83886336,hash=3c7ad340df035e23",1,"depth counts player layers; depth 1 = player move, spawn, evaluator",custom,0,0,none,30149,132016,5531,13,8192,0.0085194160000000001,13007081,0
2026-08-25T16:11:56.669Z,unavailable,Release,N1-fixed,N1,,"N1:ntuple-td-learned:experiments/weights/n7_global_100k.bin:tuples=6+6+6+6+6,active=41,global,weights=83886336,hash=3c7ad340df035e23",1,"depth counts player layers; depth 1 = player move, spawn, evaluator",custom,0,0,none,30150,146632,6132,13,8192,0.0088901250000000005,13007081,0
2026-08-25T16:11:56.669Z,unavailable,Release,N1-fixed,N1,,"N1:ntuple-td-learned:experiments/weights/n7_global_100k.bin:tuples=6+6+6+6+6,active=41,global,weights=83886336,hash=3c7ad340df035e23",1,"depth counts player layers; depth 1 = player move, spawn, evaluator",custom,0,0,none,30151,132488,5565,13,8192,0.0078253750000000007,13007081,0
2026-08-25T16:11:56.669Z,unavailable,Release,N1-fixed,N1,,"N1:ntuple-td-learned:experiments/weights/n7_global_100k.bin:tuples=6+6+6+6+6,active=41,global,weights=83886336,hash=3c7ad340df035e23",1,"depth counts player layers; depth 1 = player move, spawn, evaluator",custom,0,0,none,30152,176344,7350,13,8192,0.010474249999999999,13007081,0
2026-08-25T16:11:56.669Z,unavailable,Release,N1-fixed,N1,,"N1:ntuple-td-learned:experiments/weights/n7_global_100k.bin:tuples=6+6+6+6+6,active=41,global,weights=83886336,hash=3c7ad340df035e23",1,"depth counts player layers; depth 1 = player move, spawn, evaluator",custom,0,0,none,30153,60092,2780,12,4096,0.0040827090000000003,13007081,0
2026-08-25T16:11:56.669Z,unavailable,Release,N1-fixed,N1,,"N1:ntuple-td-learned:experiments/weights/n7_global_100k.bin:tuples=6+6+6+6+6,active=41,global,weights=83886336,hash=3c7ad340df035e23",1,"depth counts player layers; depth 1 = player move, spawn, evaluator",custom,0,0,none,30154,167392,6920,13,8192,0.0098679590000000008,13007081,0
2026-08-25T16:11:56.669Z,unavailable,Release,N1-fixed,N1,,"N1:ntuple-td-learned:experiments/weights/n7_global_100k.bin:tuples=6+6+6+6+6,active=41,global,weights=83886336,hash=3c7ad340df035e23",1,"depth counts player layers; depth 1 = player move, spawn, evaluator",custom,0,0,none,30155,92856,4338,12,4096,0.0063507920000000001,13007081,0
2026-08-25T16:11:56.669Z,unavailable,Release,N1-fixed,N1,,"N1:ntuple-td-learned:experiments/weights/n7_global_100k.bin:tuples=6+6+6+6+6,active=41,global,weights=83886336,hash=3c7ad340df035e23",1,"depth counts player layers; depth 1 = player move, spawn, evaluator",custom,0,0,none,30156,163920,6750,13,8192,0.0097281659999999999,13007081,0
2026-08-25T16:11:56.669Z,unavailable,Release,N1-fixed,N1,,"N1:ntuple-td-learned:experiments/weights/n7_global_100k.bin:tuples=6+6+6+6+6,active=41,global,weights=83886336,hash=3c7ad340df035e23",1,"depth counts player layers; depth 1 = player move, spawn, evaluator",custom,0,0,none,30157,157248,6512,13,8192,0.0094056669999999995,13007081,0
2026-08-25T16:11:56.669Z,unavailable,Release,N1-fixed,N1,,"N1:ntuple-td-learned:experiments/weights/n7_global_100k.bin:tuples=6+6+6+6+6,active=41,global,weights=83886336,hash=3c7ad340df035e23",1,"depth counts player layers; depth 1 = player move, spawn, evaluator",custom,0,0,none,30158,65356,3023,12,4096,0.0044648750000000001,13007081,0
2026-08-25T16:11:56.669Z,unavailable,Release,N1-fixed,N1,,"N1:ntuple-td-learned:experiments/weights/n7_global_100k.bin:tuples=6+6+6+6+6,active=41,global,weights=83886336,hash=3c7ad340df035e23",1,"depth counts player layers; depth 1 = player move, spawn, evaluator",custom,0,0,none,30159,184016,7651,13,8192,0.010853666999999999,13007081,0
2026-08-25T16:11:56.669Z,unavailable,Release,N1-fixed,N1,,"N1:ntuple-td-learned:experiments/weights/n7_global_100k.bin:tuples=6+6+6+6+6,active=41,global,weights=83886336,hash=3c7ad340df035e23",1,"depth counts player layers; depth 1 = player move, spawn, evaluator",custom,0,0,none,30160,45128,2321,11,2048,0.0033927499999999999,13007081,0
2026-08-25T16:11:56.669Z,unavailable,Release,N1-fixed,N1,,"N1:ntuple-td-learned:experiments/weights/n7_global_100k.bin:tuples=6+6+6+6+6,active=41,global,weights=83886336,hash=3c7ad340df035e23",1,"depth counts player layers; depth 1 = player move, spawn, evaluator",custom,0,0,none,30161,76784,3528,12,4096,0.0050425000000000001,13007081,0
2026-08-25T16:11:56.669Z,unavailable,Release,N1-fixed,N1,,"N1:ntuple-td-learned:experiments/weights/n7_global_100k.bin:tuples=6+6+6+6+6,active=41,global,weights=83886336,hash=3c7ad340df035e23",1,"depth counts player layers; depth 1 = player move, spawn, evaluator",custom,0,0,none,30162,174676,7242,13,8192,0.010665249999999999,13007081,0
2026-08-25T16:11:56.669Z,unavailable,Release,N1-fixed,N1,,"N1:ntuple-td-learned:experiments/weights/n7_global_100k.bin:tuples=6+6+6+6+6,active=41,global,weights=83886336,hash=3c7ad340df035e23",1,"depth counts player layers; depth 1 = player move, spawn, evaluator",custom,0,0,none,30163,60164,2797,12,4096,0.0041252499999999996,13007081,0
2026-08-25T16:11:56.669Z,unavailable,Release,N1-fixed,N1,,"N1:ntuple-td-learned:experiments/weights/n7_global_100k.bin:tuples=6+6+6+6+6,active=41,global,weights=83886336,hash=3c7ad340df035e23",1,"depth counts player layers; depth 1 = player move, spawn, evaluator",custom,0,0,none,30164,132280,5534,13,8192,0.0079515000000000002,13007081,0
2026-08-25T16:11:56.669Z,unavailable,Release,N1-fixed,N1,,"N1:ntuple-td-learned:experiments/weights/n7_global_100k.bin:tuples=6+6+6+6+6,active=41,global,weights=83886336,hash=3c7ad340df035e23",1,"depth counts player layers; depth 1 = player move, spawn, evaluator",custom,0,0,none,30165,77536,3551,12,4096,0.0051530830000000001,13007081,0
2026-08-25T16:11:56.669Z,unavailable,Release,N1-fixed,N1,,"N1:ntuple-td-learned:experiments/weights/n7_global_100k.bin:tuples=6+6+6+6+6,active=41,global,weights=83886336,hash=3c7ad340df035e23",1,"depth counts player layers; depth 1 = player move, spawn, evaluator",custom,0,0,none,30166,165084,6822,13,8192,0.0095486660000000008,13007081,0
2026-08-25T16:11:56.669Z,unavailable,Release,N1-fixed,N1,,"N1:ntuple-td-learned:experiments/weights/n7_global_100k.bin:tuples=6+6+6+6+6,active=41,global,weights=83886336,hash=3c7ad340df035e23",1,"depth counts player layers; depth 1 = player move, spawn, evaluator",custom,0,0,none,30167,102668,4769,12,4096,0.0069027079999999996,13007081,0
2026-08-25T16:11:56.669Z,unavailable,Release,N1-fixed,N1,,"N1:ntuple-td-learned:experiments/weights/n7_global_100k.bin:tuples=6+6+6+6+6,active=41,global,weights=83886336,hash=3c7ad340df035e23",1,"depth counts player layers; depth 1 = player move, spawn, evaluator",custom,0,0,none,30168,131232,5475,13,8192,0.0084485419999999999,13007081,0
2026-08-25T16:11:56.669Z,unavailable,Release,N1-fixed,N1,,"N1:ntuple-td-learned:experiments/weights/n7_global_100k.bin:tuples=6+6+6+6+6,active=41,global,weights=83886336,hash=3c7ad340df035e23",1,"depth counts player layers; depth 1 = player move, spawn, evaluator",custom,0,0,none,30169,80336,3727,12,4096,0.0053699999999999998,13007081,0
2026-08-25T16:11:56.669Z,unavailable,Release,N1-fixed,N1,,"N1:ntuple-td-learned:experiments/weights/n7_global_100k.bin:tuples=6+6+6+6+6,active=41,global,weights=83886336,hash=3c7ad340df035e23",1,"depth counts player layers; depth 1 = player move, spawn, evaluator",custom,0,0,none,30170,177280,7454,13,8192,0.01023025,13007081,0
2026-08-25T16:11:56.669Z,unavailable,Release,N1-fixed,N1,,"N1:ntuple-td-learned:experiments/weights/n7_global_100k.bin:tuples=6+6+6+6+6,active=41,global,weights=83886336,hash=3c7ad340df035e23",1,"depth counts player layers; depth 1 = player move, spawn, evaluator",custom,0,0,none,30171,124052,5141,13,8192,0.0071512920000000001,13007081,0
2026-08-25T16:11:56.669Z,unavailable,Release,N1-fixed,N1,,"N1:ntuple-td-learned:experiments/weights/n7_global_100k.bin:tuples=6+6+6+6+6,active=41,global,weights=83886336,hash=3c7ad340df035e23",1,"depth counts player layers; depth 1 = player move, spawn, evaluator",custom,0,0,none,30172,114564,4773,13,8192,0.0067295840000000003,13007081,0
2026-08-25T16:11:56.669Z,unavailable,Release,N1-fixed,N1,,"N1:ntuple-td-learned:experiments/weights/n7_global_100k.bin:tuples=6+6+6+6+6,active=41,global,weights=83886336,hash=3c7ad340df035e23",1,"depth counts player layers; depth 1 = player move, spawn, evaluator",custom,0,0,none,30173,154636,6339,13,8192,0.0087893339999999993,13007081,0
2026-08-25T16:11:56.669Z,unavailable,Release,N1-fixed,N1,,"N1:ntuple-td-learned:experiments/weights/n7_global_100k.bin:tuples=6+6+6+6+6,active=41,global,weights=83886336,hash=3c7ad340df035e23",1,"depth counts player layers; depth 1 = player move, spawn, evaluator",custom,0,0,none,30174,80704,3769,12,4096,0.0055470839999999999,13007081,0
2026-08-25T16:11:56.669Z,unavailable,Release,N1-fixed,N1,,"N1:ntuple-td-learned:experiments/weights/n7_global_100k.bin:tuples=6+6+6+6+6,active=41,global,weights=83886336,hash=3c7ad340df035e23",1,"depth counts player layers; depth 1 = player move, spawn, evaluator",custom,0,0,none,30175,147864,6034,13,8192,0.0086703749999999993,13007081,0
2026-08-25T16:11:56.669Z,unavailable,Release,N1-fixed,N1,,"N1:ntuple-td-learned:experiments/weights/n7_global_100k.bin:tuples=6+6+6+6+6,active=41,global,weights=83886336,hash=3c7ad340df035e23",1,"depth counts player layers; depth 1 = player move, spawn, evaluator",custom,0,0,none,30176,177056,7410,13,8192,0.010687749999999999,13007081,0
2026-08-25T16:11:56.669Z,unavailable,Release,N1-fixed,N1,,"N1:ntuple-td-learned:experiments/weights/n7_global_100k.bin:tuples=6+6+6+6+6,active=41,global,weights=83886336,hash=3c7ad340df035e23",1,"depth counts player layers; depth 1 = player move, spawn, evaluator",custom,0,0,none,30177,180216,7618,13,8192,0.010674958,13007081,0
2026-08-25T16:11:56.669Z,unavailable,Release,N1-fixed,N1,,"N1:ntuple-td-learned:experiments/weights/n7_global_100k.bin:tuples=6+6+6+6+6,active=41,global,weights=83886336,hash=3c7ad340df035e23",1,"depth counts player layers; depth 1 = player move, spawn, evaluator",custom,0,0,none,30178,78556,3607,12,4096,0.0053764160000000002,13007081,0
2026-08-25T16:11:56.669Z,unavailable,Release,N1-fixed,N1,,"N1:ntuple-td-learned:experiments/weights/n7_global_100k.bin:tuples=6+6+6+6+6,active=41,global,weights=83886336,hash=3c7ad340df035e23",1,"depth counts player layers; depth 1 = player move, spawn, evaluator",custom,0,0,none,30179,147664,6047,13,8192,0.0087052080000000007,13007081,0
2026-08-25T16:11:56.669Z,unavailable,Release,N1-fixed,N1,,"N1:ntuple-td-learned:experiments/weights/n7_global_100k.bin:tuples=6+6+6+6+6,active=41,global,weights=83886336,hash=3c7ad340df035e23",1,"depth counts player layers; depth 1 = player move, spawn, evaluator",custom,0,0,none,30180,165916,6886,13,8192,0.0096655830000000002,13007081,0
2026-08-25T16:11:56.669Z,unavailable,Release,N1-fixed,N1,,"N1:ntuple-td-learned:experiments/weights/n7_global_100k.bin:tuples=6+6+6+6+6,active=41,global,weights=83886336,hash=3c7ad340df035e23",1,"depth counts player layers; depth 1 = player move, spawn, evaluator",custom,0,0,none,30181,144536,5879,13,8192,0.0085880000000000001,13007081,0
2026-08-25T16:11:56.669Z,unavailable,Release,N1-fixed,N1,,"N1:ntuple-td-learned:experiments/weights/n7_global_100k.bin:tuples=6+6+6+6+6,active=41,global,weights=83886336,hash=3c7ad340df035e23",1,"depth counts player layers; depth 1 = player move, spawn, evaluator",custom,0,0,none,30182,177112,7429,13,8192,0.010573374999999999,13007081,0
2026-08-25T16:11:56.669Z,unavailable,Release,N1-fixed,N1,,"N1:ntuple-td-learned:experiments/weights/n7_global_100k.bin:tuples=6+6+6+6+6,active=41,global,weights=83886336,hash=3c7ad340df035e23",1,"depth counts player layers; depth 1 = player move, spawn, evaluator",custom,0,0,none,30183,179624,7592,13,8192,0.010637541,13007081,0
2026-08-25T16:11:56.669Z,unavailable,Release,N1-fixed,N1,,"N1:ntuple-td-learned:experiments/weights/n7_global_100k.bin:tuples=6+6+6+6+6,active=41,global,weights=83886336,hash=3c7ad340df035e23",1,"depth counts player layers; depth 1 = player move, spawn, evaluator",custom,0,0,none,30184,187580,7627,13,8192,0.010723625000000001,13007081,0
2026-08-25T16:11:56.669Z,unavailable,Release,N1-fixed,N1,,"N1:ntuple-td-learned:experiments/weights/n7_global_100k.bin:tuples=6+6+6+6+6,active=41,global,weights=83886336,hash=3c7ad340df035e23",1,"depth counts player layers; depth 1 = player move, spawn, evaluator",custom,0,0,none,30185,176592,7408,13,8192,0.010690458,13007081,0
2026-08-25T16:11:56.669Z,unavailable,Release,N1-fixed,N1,,"N1:ntuple-td-learned:experiments/weights/n7_global_100k.bin:tuples=6+6+6+6+6,active=41,global,weights=83886336,hash=3c7ad340df035e23",1,"depth counts player layers; depth 1 = player move, spawn, evaluator",custom,0,0,none,30186,74760,3377,12,4096,0.0048685839999999996,13007081,0
2026-08-25T16:11:56.669Z,unavailable,Release,N1-fixed,N1,,"N1:ntuple-td-learned:experiments/weights/n7_global_100k.bin:tuples=6+6+6+6+6,active=41,global,weights=83886336,hash=3c7ad340df035e23",1,"depth counts player layers; depth 1 = player move, spawn, evaluator",custom,0,0,none,30187,109432,4473,13,8192,0.0064200840000000004,13007081,0
2026-08-25T16:11:56.669Z,unavailable,Release,N1-fixed,N1,,"N1:ntuple-td-learned:experiments/weights/n7_global_100k.bin:tuples=6+6+6+6+6,active=41,global,weights=83886336,hash=3c7ad340df035e23",1,"depth counts player layers; depth 1 = player move, spawn, evaluator",custom,0,0,none,30188,153324,6314,13,8192,0.0090693340000000001,13007081,0
2026-08-25T16:11:56.669Z,unavailable,Release,N1-fixed,N1,,"N1:ntuple-td-learned:experiments/weights/n7_global_100k.bin:tuples=6+6+6+6+6,active=41,global,weights=83886336,hash=3c7ad340df035e23",1,"depth counts player layers; depth 1 = player move, spawn, evaluator",custom,0,0,none,30189,34588,1784,11,2048,0.0026055420000000002,13007081,0
2026-08-25T16:11:56.669Z,unavailable,Release,N1-fixed,N1,,"N1:ntuple-td-learned:experiments/weights/n7_global_100k.bin:tuples=6+6+6+6+6,active=41,global,weights=83886336,hash=3c7ad340df035e23",1,"depth counts player layers; depth 1 = player move, spawn, evaluator",custom,0,0,none,30190,270408,10245,14,16384,0.014856875,13007081,0
2026-08-25T16:11:56.669Z,unavailable,Release,N1-fixed,N1,,"N1:ntuple-td-learned:experiments/weights/n7_global_100k.bin:tuples=6+6+6+6+6,active=41,global,weights=83886336,hash=3c7ad340df035e23",1,"depth counts player layers; depth 1 = player move, spawn, evaluator",custom,0,0,none,30191,170008,7104,13,8192,0.010210874999999999,13007081,0
2026-08-25T16:11:56.669Z,unavailable,Release,N1-fixed,N1,,"N1:ntuple-td-learned:experiments/weights/n7_global_100k.bin:tuples=6+6+6+6+6,active=41,global,weights=83886336,hash=3c7ad340df035e23",1,"depth counts player layers; depth 1 = player move, spawn, evaluator",custom,0,0,none,30192,19100,1091,10,1024,0.0016386250000000001,13007081,0
2026-08-25T16:11:56.669Z,unavailable,Release,N1-fixed,N1,,"N1:ntuple-td-learned:experiments/weights/n7_global_100k.bin:tuples=6+6+6+6+6,active=41,global,weights=83886336,hash=3c7ad340df035e23",1,"depth counts player layers; depth 1 = player move, spawn, evaluator",custom,0,0,none,30193,78292,3631,12,4096,0.00514125,13007081,0
2026-08-25T16:11:56.669Z,unavailable,Release,N1-fixed,N1,,"N1:ntuple-td-learned:experiments/weights/n7_global_100k.bin:tuples=6+6+6+6+6,active=41,global,weights=83886336,hash=3c7ad340df035e23",1,"depth counts player layers; depth 1 = player move, spawn, evaluator",custom,0,0,none,30194,81292,3762,12,4096,0.0058429579999999997,13007081,0
2026-08-25T16:11:56.669Z,unavailable,Release,N1-fixed,N1,,"N1:ntuple-td-learned:experiments/weights/n7_global_100k.bin:tuples=6+6+6+6+6,active=41,global,weights=83886336,hash=3c7ad340df035e23",1,"depth counts player layers; depth 1 = player move, spawn, evaluator",custom,0,0,none,30195,162340,6650,13,8192,0.01091575,13007081,0
2026-08-25T16:11:56.669Z,unavailable,Release,N1-fixed,N1,,"N1:ntuple-td-learned:experiments/weights/n7_global_100k.bin:tuples=6+6+6+6+6,active=41,global,weights=83886336,hash=3c7ad340df035e23",1,"depth counts player layers; depth 1 = player move, spawn, evaluator",custom,0,0,none,30196,173324,7234,13,8192,0.011059583,13007081,0
2026-08-25T16:11:56.669Z,unavailable,Release,N1-fixed,N1,,"N1:ntuple-td-learned:experiments/weights/n7_global_100k.bin:tuples=6+6+6+6+6,active=41,global,weights=83886336,hash=3c7ad340df035e23",1,"depth counts player layers; depth 1 = player move, spawn, evaluator",custom,0,0,none,30197,167780,6924,13,8192,0.011023916999999999,13007081,0
2026-08-25T16:11:56.669Z,unavailable,Release,N1-fixed,N1,,"N1:ntuple-td-learned:experiments/weights/n7_global_100k.bin:tuples=6+6+6+6+6,active=41,global,weights=83886336,hash=3c7ad340df035e23",1,"depth counts player layers; depth 1 = player move, spawn, evaluator",custom,0,0,none,30198,151264,6242,13,8192,0.0097672920000000003,13007081,0
2026-08-25T16:11:56.669Z,unavailable,Release,N1-fixed,N1,,"N1:ntuple-td-learned:experiments/weights/n7_global_100k.bin:tuples=6+6+6+6+6,active=41,global,weights=83886336,hash=3c7ad340df035e23",1,"depth counts player layers; depth 1 = player move, spawn, evaluator",custom,0,0,none,30199,172508,7143,13,8192,0.011419333,13007081,0
2026-08-25T16:11:56.669Z,unavailable,Release,N1-fixed,N1,,"N1:ntuple-td-learned:experiments/weights/n7_global_100k.bin:tuples=6+6+6+6+6,active=41,global,weights=83886336,hash=3c7ad340df035e23",1,"depth counts player layers; depth 1 = player move, spawn, evaluator",custom,0,0,none,30200,156592,6508,13,8192,0.011468667,13007081,0
2026-08-25T16:11:56.669Z,unavailable,Release,N1-fixed,N1,,"N1:ntuple-td-learned:experiments/weights/n7_global_100k.bin:tuples=6+6+6+6+6,active=41,global,weights=83886336,hash=3c7ad340df035e23",1,"depth counts player layers; depth 1 = player move, spawn, evaluator",custom,0,0,none,30201,174932,7296,13,8192,0.011117040999999999,13007081,0
2026-08-25T16:11:56.669Z,unavailable,Release,N1-fixed,N1,,"N1:ntuple-td-learned:experiments/weights/n7_global_100k.bin:tuples=6+6+6+6+6,active=41,global,weights=83886336,hash=3c7ad340df035e23",1,"depth counts player layers; depth 1 = player move, spawn, evaluator",custom,0,0,none,30202,282860,10794,14,16384,0.015110458,13007081,0
2026-08-25T16:11:56.669Z,unavailable,Release,N1-fixed,N1,,"N1:ntuple-td-learned:experiments/weights/n7_global_100k.bin:tuples=6+6+6+6+6,active=41,global,weights=83886336,hash=3c7ad340df035e23",1,"depth counts player layers; depth 1 = player move, spawn, evaluator",custom,0,0,none,30203,71216,3239,12,4096,0.0048160420000000004,13007081,0
2026-08-25T16:11:56.669Z,unavailable,Release,N1-fixed,N1,,"N1:ntuple-td-learned:experiments/weights/n7_global_100k.bin:tuples=6+6+6+6+6,active=41,global,weights=83886336,hash=3c7ad340df035e23",1,"depth counts player layers; depth 1 = player move, spawn, evaluator",custom,0,0,none,30204,80520,3735,12,4096,0.0053136249999999998,13007081,0
2026-08-25T16:11:56.669Z,unavailable,Release,N1-fixed,N1,,"N1:ntuple-td-learned:experiments/weights/n7_global_100k.bin:tuples=6+6+6+6+6,active=41,global,weights=83886336,hash=3c7ad340df035e23",1,"depth counts player layers; depth 1 = player move, spawn, evaluator",custom,0,0,none,30205,16384,971,10,1024,0.0013452920000000001,13007081,0
2026-08-25T16:11:56.669Z,unavailable,Release,N1-fixed,N1,,"N1:ntuple-td-learned:experiments/weights/n7_global_100k.bin:tuples=6+6+6+6+6,active=41,global,weights=83886336,hash=3c7ad340df035e23",1,"depth counts player layers; depth 1 = player move, spawn, evaluator",custom,0,0,none,30206,129324,5397,13,8192,0.007565291,13007081,0
2026-08-25T16:11:56.669Z,unavailable,Release,N1-fixed,N1,,"N1:ntuple-td-learned:experiments/weights/n7_global_100k.bin:tuples=6+6+6+6+6,active=41,global,weights=83886336,hash=3c7ad340df035e23",1,"depth counts player layers; depth 1 = player move, spawn, evaluator",custom,0,0,none,30207,156704,6475,13,8192,0.0089050829999999994,13007081,0
2026-08-25T16:11:56.669Z,unavailable,Release,N1-fixed,N1,,"N1:ntuple-td-learned:experiments/weights/n7_global_100k.bin:tuples=6+6+6+6+6,active=41,global,weights=83886336,hash=3c7ad340df035e23",1,"depth counts player layers; depth 1 = player move, spawn, evaluator",custom,0,0,none,30208,176444,7390,13,8192,0.010357125,13007081,0
2026-08-25T16:11:56.669Z,unavailable,Release,N1-fixed,N1,,"N1:ntuple-td-learned:experiments/weights/n7_global_100k.bin:tuples=6+6+6+6+6,active=41,global,weights=83886336,hash=3c7ad340df035e23",1,"depth counts player layers; depth 1 = player move, spawn, evaluator",custom,0,0,none,30209,130624,5429,13,8192,0.0076087079999999996,13007081,0
2026-08-25T16:11:56.669Z,unavailable,Release,N1-fixed,N1,,"N1:ntuple-td-learned:experiments/weights/n7_global_100k.bin:tuples=6+6+6+6+6,active=41,global,weights=83886336,hash=3c7ad340df035e23",1,"depth counts player layers; depth 1 = player move, spawn, evaluator",custom,0,0,none,30210,144016,6052,13,8192,0.0088040830000000007,13007081,0
2026-08-25T16:11:56.669Z,unavailable,Release,N1-fixed,N1,,"N1:ntuple-td-learned:experiments/weights/n7_global_100k.bin:tuples=6+6+6+6+6,active=41,global,weights=83886336,hash=3c7ad340df035e23",1,"depth counts player layers; depth 1 = player move, spawn, evaluator",custom,0,0,none,30211,173344,7239,13,8192,0.01065175,13007081,0
2026-08-25T16:11:56.669Z,unavailable,Release,N1-fixed,N1,,"N1:ntuple-td-learned:experiments/weights/n7_global_100k.bin:tuples=6+6+6+6+6,active=41,global,weights=83886336,hash=3c7ad340df035e23",1,"depth counts player layers; depth 1 = player move, spawn, evaluator",custom,0,0,none,30212,81128,3774,12,4096,0.0054001659999999996,13007081,0
2026-08-25T16:11:56.669Z,unavailable,Release,N1-fixed,N1,,"N1:ntuple-td-learned:experiments/weights/n7_global_100k.bin:tuples=6+6+6+6+6,active=41,global,weights=83886336,hash=3c7ad340df035e23",1,"depth counts player layers; depth 1 = player move, spawn, evaluator",custom,0,0,none,30213,77916,3574,12,4096,0.0049735420000000001,13007081,0
2026-08-25T16:11:56.669Z,unavailable,Release,N1-fixed,N1,,"N1:ntuple-td-learned:experiments/weights/n7_global_100k.bin:tuples=6+6+6+6+6,active=41,global,weights=83886336,hash=3c7ad340df035e23",1,"depth counts player layers; depth 1 = player move, spawn, evaluator",custom,0,0,none,30214,7688,526,9,512,0.00072195899999999999,13007081,0
2026-08-25T16:11:56.669Z,unavailable,Release,N1-fixed,N1,,"N1:ntuple-td-learned:experiments/weights/n7_global_100k.bin:tuples=6+6+6+6+6,active=41,global,weights=83886336,hash=3c7ad340df035e23",1,"depth counts player layers; depth 1 = player move, spawn, evaluator",custom,0,0,none,30215,51508,2360,12,4096,0.0032564590000000002,13007081,0
2026-08-25T16:11:56.669Z,unavailable,Release,N1-fixed,N1,,"N1:ntuple-td-learned:experiments/weights/n7_global_100k.bin:tuples=6+6+6+6+6,active=41,global,weights=83886336,hash=3c7ad340df035e23",1,"depth counts player layers; depth 1 = player move, spawn, evaluator",custom,0,0,none,30216,269792,10215,14,16384,0.014400834,13007081,0
2026-08-25T16:11:56.669Z,unavailable,Release,N1-fixed,N1,,"N1:ntuple-td-learned:experiments/weights/n7_global_100k.bin:tuples=6+6+6+6+6,active=41,global,weights=83886336,hash=3c7ad340df035e23",1,"depth counts player layers; depth 1 = player move, spawn, evaluator",custom,0,0,none,30217,60796,2845,12,4096,0.0041918340000000002,13007081,0
2026-08-25T16:11:56.669Z,unavailable,Release,N1-fixed,N1,,"N1:ntuple-td-learned:experiments/weights/n7_global_100k.bin:tuples=6+6+6+6+6,active=41,global,weights=83886336,hash=3c7ad340df035e23",1,"depth counts player layers; depth 1 = player move, spawn, evaluator",custom,0,0,none,30218,119792,4877,13,8192,0.0068876249999999997,13007081,0
2026-08-25T16:11:56.669Z,unavailable,Release,N1-fixed,N1,,"N1:ntuple-td-learned:experiments/weights/n7_global_100k.bin:tuples=6+6+6+6+6,active=41,global,weights=83886336,hash=3c7ad340df035e23",1,"depth counts player layers; depth 1 = player move, spawn, evaluator",custom,0,0,none,30219,80300,3696,12,4096,0.005401917,13007081,0
2026-08-25T16:11:56.669Z,unavailable,Release,N1-fixed,N1,,"N1:ntuple-td-learned:experiments/weights/n7_global_100k.bin:tuples=6+6+6+6+6,active=41,global,weights=83886336,hash=3c7ad340df035e23",1,"depth counts player layers; depth 1 = player move, spawn, evaluator",custom,0,0,none,30220,191636,7862,13,8192,0.011314167,13007081,0
2026-08-25T16:11:56.669Z,unavailable,Release,N1-fixed,N1,,"N1:ntuple-td-learned:experiments/weights/n7_global_100k.bin:tuples=6+6+6+6+6,active=41,global,weights=83886336,hash=3c7ad340df035e23",1,"depth counts player layers; depth 1 = player move, spawn, evaluator",custom,0,0,none,30221,176712,7440,13,8192,0.010527708,13007081,0
2026-08-25T16:11:56.669Z,unavailable,Release,N1-fixed,N1,,"N1:ntuple-td-learned:experiments/weights/n7_global_100k.bin:tuples=6+6+6+6+6,active=41,global,weights=83886336,hash=3c7ad340df035e23",1,"depth counts player layers; depth 1 = player move, spawn, evaluator",custom,0,0,none,30222,140636,5984,13,8192,0.0085262910000000001,13007081,0
2026-08-25T16:11:56.669Z,unavailable,Release,N1-fixed,N1,,"N1:ntuple-td-learned:experiments/weights/n7_global_100k.bin:tuples=6+6+6+6+6,active=41,global,weights=83886336,hash=3c7ad340df035e23",1,"depth counts player layers; depth 1 = player move, spawn, evaluator",custom,0,0,none,30223,132244,5541,13,8192,0.0076662919999999999,13007081,0
2026-08-25T16:11:56.669Z,unavailable,Release,N1-fixed,N1,,"N1:ntuple-td-learned:experiments/weights/n7_global_100k.bin:tuples=6+6+6+6+6,active=41,global,weights=83886336,hash=3c7ad340df035e23",1,"depth counts player layers; depth 1 = player move, spawn, evaluator",custom,0,0,none,30224,177856,7461,13,8192,0.010223334000000001,13007081,0
2026-08-25T16:11:56.669Z,unavailable,Release,N1-fixed,N1,,"N1:ntuple-td-learned:experiments/weights/n7_global_100k.bin:tuples=6+6+6+6+6,active=41,global,weights=83886336,hash=3c7ad340df035e23",1,"depth counts player layers; depth 1 = player move, spawn, evaluator",custom,0,0,none,30225,77572,3562,12,4096,0.0051713339999999997,13007081,0
2026-08-25T16:11:56.669Z,unavailable,Release,N1-fixed,N1,,"N1:ntuple-td-learned:experiments/weights/n7_global_100k.bin:tuples=6+6+6+6+6,active=41,global,weights=83886336,hash=3c7ad340df035e23",1,"depth counts player layers; depth 1 = player move, spawn, evaluator",custom,0,0,none,30226,165700,6802,13,8192,0.010004625,13007081,0
2026-08-25T16:11:56.669Z,unavailable,Release,N1-fixed,N1,,"N1:ntuple-td-learned:experiments/weights/n7_global_100k.bin:tuples=6+6+6+6+6,active=41,global,weights=83886336,hash=3c7ad340df035e23",1,"depth counts player layers; depth 1 = player move, spawn, evaluator",custom,0,0,none,30227,154072,6372,13,8192,0.0092062499999999992,13007081,0
2026-08-25T16:11:56.669Z,unavailable,Release,N1-fixed,N1,,"N1:ntuple-td-learned:experiments/weights/n7_global_100k.bin:tuples=6+6+6+6+6,active=41,global,weights=83886336,hash=3c7ad340df035e23",1,"depth counts player layers; depth 1 = player move, spawn, evaluator",custom,0,0,none,30228,56812,2618,12,4096,0.0038260410000000001,13007081,0
2026-08-25T16:11:56.669Z,unavailable,Release,N1-fixed,N1,,"N1:ntuple-td-learned:experiments/weights/n7_global_100k.bin:tuples=6+6+6+6+6,active=41,global,weights=83886336,hash=3c7ad340df035e23",1,"depth counts player layers; depth 1 = player move, spawn, evaluator",custom,0,0,none,30229,141768,6005,13,8192,0.0085164999999999998,13007081,0
2026-08-25T16:11:56.669Z,unavailable,Release,N1-fixed,N1,,"N1:ntuple-td-learned:experiments/weights/n7_global_100k.bin:tuples=6+6+6+6+6,active=41,global,weights=83886336,hash=3c7ad340df035e23",1,"depth counts player layers; depth 1 = player move, spawn, evaluator",custom,0,0,none,30230,166700,6906,13,8192,0.009528,13007081,0
2026-08-25T16:11:56.669Z,unavailable,Release,N1-fixed,N1,,"N1:ntuple-td-learned:experiments/weights/n7_global_100k.bin:tuples=6+6+6+6+6,active=41,global,weights=83886336,hash=3c7ad340df035e23",1,"depth counts player layers; depth 1 = player move, spawn, evaluator",custom,0,0,none,30231,75204,3404,12,4096,0.0048185839999999999,13007081,0
2026-08-25T16:11:56.669Z,unavailable,Release,N1-fixed,N1,,"N1:ntuple-td-learned:experiments/weights/n7_global_100k.bin:tuples=6+6+6+6+6,active=41,global,weights=83886336,hash=3c7ad340df035e23",1,"depth counts player layers; depth 1 = player move, spawn, evaluator",custom,0,0,none,30232,60660,2828,12,4096,0.0039849170000000001,13007081,0
2026-08-25T16:11:56.669Z,unavailable,Release,N1-fixed,N1,,"N1:ntuple-td-learned:experiments/weights/n7_global_100k.bin:tuples=6+6+6+6+6,active=41,global,weights=83886336,hash=3c7ad340df035e23",1,"depth counts player layers; depth 1 = player move, spawn, evaluator",custom,0,0,none,30233,80008,3694,12,4096,0.0050121660000000002,13007081,0
2026-08-25T16:11:56.669Z,unavailable,Release,N1-fixed,N1,,"N1:ntuple-td-learned:experiments/weights/n7_global_100k.bin:tuples=6+6+6+6+6,active=41,global,weights=83886336,hash=3c7ad340df035e23",1,"depth counts player layers; depth 1 = player move, spawn, evaluator",custom,0,0,none,30234,177376,7490,13,8192,0.010351374999999999,13007081,0
2026-08-25T16:11:56.669Z,unavailable,Release,N1-fixed,N1,,"N1:ntuple-td-learned:experiments/weights/n7_global_100k.bin:tuples=6+6+6+6+6,active=41,global,weights=83886336,hash=3c7ad340df035e23",1,"depth counts player layers; depth 1 = player move, spawn, evaluator",custom,0,0,none,30235,31592,1594,11,2048,0.0023964580000000002,13007081,0
2026-08-25T16:11:56.669Z,unavailable,Release,N1-fixed,N1,,"N1:ntuple-td-learned:experiments/weights/n7_global_100k.bin:tuples=6+6+6+6+6,active=41,global,weights=83886336,hash=3c7ad340df035e23",1,"depth counts player layers; depth 1 = player move, spawn, evaluator",custom,0,0,none,30236,35736,1831,11,2048,0.0027374579999999999,13007081,0
2026-08-25T16:11:56.669Z,unavailable,Release,N1-fixed,N1,,"N1:ntuple-td-learned:experiments/weights/n7_global_100k.bin:tuples=6+6+6+6+6,active=41,global,weights=83886336,hash=3c7ad340df035e23",1,"depth counts player layers; depth 1 = player move, spawn, evaluator",custom,0,0,none,30237,176316,7378,13,8192,0.010996041,13007081,0
2026-08-25T16:11:56.669Z,unavailable,Release,N1-fixed,N1,,"N1:ntuple-td-learned:experiments/weights/n7_global_100k.bin:tuples=6+6+6+6+6,active=41,global,weights=83886336,hash=3c7ad340df035e23",1,"depth counts player layers; depth 1 = player move, spawn, evaluator",custom,0,0,none,30238,116576,4872,13,8192,0.0073604580000000003,13007081,0
2026-08-25T16:11:56.669Z,unavailable,Release,N1-fixed,N1,,"N1:ntuple-td-learned:experiments/weights/n7_global_100k.bin:tuples=6+6+6+6+6,active=41,global,weights=83886336,hash=3c7ad340df035e23",1,"depth counts player layers; depth 1 = player move, spawn, evaluator",custom,0,0,none,30239,175120,7305,13,8192,0.012126292,13007081,0
2026-08-25T16:11:56.669Z,unavailable,Release,N1-fixed,N1,,"N1:ntuple-td-learned:experiments/weights/n7_global_100k.bin:tuples=6+6+6+6+6,active=41,global,weights=83886336,hash=3c7ad340df035e23",1,"depth counts player layers; depth 1 = player move, spawn, evaluator",custom,0,0,none,30240,80408,3722,12,4096,0.0056074999999999996,13007081,0
2026-08-25T16:11:56.669Z,unavailable,Release,N1-fixed,N1,,"N1:ntuple-td-learned:experiments/weights/n7_global_100k.bin:tuples=6+6+6+6+6,active=41,global,weights=83886336,hash=3c7ad340df035e23",1,"depth counts player layers; depth 1 = player move, spawn, evaluator",custom,0,0,none,30241,53092,2456,12,4096,0.0036397500000000002,13007081,0
2026-08-25T16:11:56.669Z,unavailable,Release,N1-fixed,N1,,"N1:ntuple-td-learned:experiments/weights/n7_global_100k.bin:tuples=6+6+6+6+6,active=41,global,weights=83886336,hash=3c7ad340df035e23",1,"depth counts player layers; depth 1 = player move, spawn, evaluator",custom,0,0,none,30242,100332,4624,12,4096,0.0070178339999999997,13007081,0
2026-08-25T16:11:56.669Z,unavailable,Release,N1-fixed,N1,,"N1:ntuple-td-learned:experiments/weights/n7_global_100k.bin:tuples=6+6+6+6+6,active=41,global,weights=83886336,hash=3c7ad340df035e23",1,"depth counts player layers; depth 1 = player move, spawn, evaluator",custom,0,0,none,30243,9588,651,9,512,0.000966375,13007081,0
2026-08-25T16:11:56.669Z,unavailable,Release,N1-fixed,N1,,"N1:ntuple-td-learned:experiments/weights/n7_global_100k.bin:tuples=6+6+6+6+6,active=41,global,weights=83886336,hash=3c7ad340df035e23",1,"depth counts player layers; depth 1 = player move, spawn, evaluator",custom,0,0,none,30244,173856,7219,13,8192,0.01053725,13007081,0
2026-08-25T16:11:56.669Z,unavailable,Release,N1-fixed,N1,,"N1:ntuple-td-learned:experiments/weights/n7_global_100k.bin:tuples=6+6+6+6+6,active=41,global,weights=83886336,hash=3c7ad340df035e23",1,"depth counts player layers; depth 1 = player move, spawn, evaluator",custom,0,0,none,30245,89436,4065,12,4096,0.0059037910000000002,13007081,0
2026-08-25T16:11:56.669Z,unavailable,Release,N1-fixed,N1,,"N1:ntuple-td-learned:experiments/weights/n7_global_100k.bin:tuples=6+6+6+6+6,active=41,global,weights=83886336,hash=3c7ad340df035e23",1,"depth counts player layers; depth 1 = player move, spawn, evaluator",custom,0,0,none,30246,169276,7054,13,8192,0.010271292,13007081,0
2026-08-25T16:11:56.669Z,unavailable,Release,N1-fixed,N1,,"N1:ntuple-td-learned:experiments/weights/n7_global_100k.bin:tuples=6+6+6+6+6,active=41,global,weights=83886336,hash=3c7ad340df035e23",1,"depth counts player layers; depth 1 = player move, spawn, evaluator",custom,0,0,none,30247,139780,5773,13,8192,0.0084103749999999994,13007081,0
2026-08-25T16:11:56.669Z,unavailable,Release,N1-fixed,N1,,"N1:ntuple-td-learned:experiments/weights/n7_global_100k.bin:tuples=6+6+6+6+6,active=41,global,weights=83886336,hash=3c7ad340df035e23",1,"depth counts player layers; depth 1 = player move, spawn, evaluator",custom,0,0,none,30248,177228,7441,13,8192,0.010679042,13007081,0
2026-08-25T16:11:56.669Z,unavailable,Release,N1-fixed,N1,,"N1:ntuple-td-learned:experiments/weights/n7_global_100k.bin:tuples=6+6+6+6+6,active=41,global,weights=83886336,hash=3c7ad340df035e23",1,"depth counts player layers; depth 1 = player move, spawn, evaluator",custom,0,0,none,30249,156772,6520,13,8192,0.009485917,13007081,0
2026-08-25T16:11:56.669Z,unavailable,Release,N1-fixed,N1,,"N1:ntuple-td-learned:experiments/weights/n7_global_100k.bin:tuples=6+6+6+6+6,active=41,global,weights=83886336,hash=3c7ad340df035e23",1,"depth counts player layers; depth 1 = player move, spawn, evaluator",custom,0,0,none,30250,79668,3661,12,4096,0.0052964580000000004,13007081,0
2026-08-25T16:11:56.669Z,unavailable,Release,N1-fixed,N1,,"N1:ntuple-td-learned:experiments/weights/n7_global_100k.bin:tuples=6+6+6+6+6,active=41,global,weights=83886336,hash=3c7ad340df035e23",1,"depth counts player layers; depth 1 = player move, spawn, evaluator",custom,0,0,none,30251,67356,3010,12,4096,0.0044538329999999999,13007081,0
2026-08-25T16:11:56.669Z,unavailable,Release,N1-fixed,N1,,"N1:ntuple-td-learned:experiments/weights/n7_global_100k.bin:tuples=6+6+6+6+6,active=41,global,weights=83886336,hash=3c7ad340df035e23",1,"depth counts player layers; depth 1 = player move, spawn, evaluator",custom,0,0,none,30252,56656,2606,12,4096,0.0037939580000000001,13007081,0
2026-08-25T16:11:56.669Z,unavailable,Release,N1-fixed,N1,,"N1:ntuple-td-learned:experiments/weights/n7_global_100k.bin:tuples=6+6+6+6+6,active=41,global,weights=83886336,hash=3c7ad340df035e23",1,"depth counts player layers; depth 1 = player move, spawn, evaluator",custom,0,0,none,30253,177624,7492,13,8192,0.010689583000000001,13007081,0
2026-08-25T16:11:56.669Z,unavailable,Release,N1-fixed,N1,,"N1:ntuple-td-learned:experiments/weights/n7_global_100k.bin:tuples=6+6+6+6+6,active=41,global,weights=83886336,hash=3c7ad340df035e23",1,"depth counts player layers; depth 1 = player move, spawn, evaluator",custom,0,0,none,30254,156932,6477,13,8192,0.0093092910000000008,13007081,0
2026-08-25T16:11:56.669Z,unavailable,Release,N1-fixed,N1,,"N1:ntuple-td-learned:experiments/weights/n7_global_100k.bin:tuples=6+6+6+6+6,active=41,global,weights=83886336,hash=3c7ad340df035e23",1,"depth counts player layers; depth 1 = player move, spawn, evaluator",custom,0,0,none,30255,75736,3425,12,4096,0.0048995840000000002,13007081,0
2026-08-25T16:11:56.669Z,unavailable,Release,N1-fixed,N1,,"N1:ntuple-td-learned:experiments/weights/n7_global_100k.bin:tuples=6+6+6+6+6,active=41,global,weights=83886336,hash=3c7ad340df035e23",1,"depth counts player layers; depth 1 = player move, spawn, evaluator",custom,0,0,none,30256,176544,7398,13,8192,0.010581375000000001,13007081,0
2026-08-25T16:11:56.669Z,unavailable,Release,N1-fixed,N1,,"N1:ntuple-td-learned:experiments/weights/n7_global_100k.bin:tuples=6+6+6+6+6,active=41,global,weights=83886336,hash=3c7ad340df035e23",1,"depth counts player layers; depth 1 = player move, spawn, evaluator",custom,0,0,none,30257,73212,3378,12,4096,0.0050137920000000004,13007081,0
2026-08-25T16:11:56.669Z,unavailable,Release,N1-fixed,N1,,"N1:ntuple-td-learned:experiments/weights/n7_global_100k.bin:tuples=6+6+6+6+6,active=41,global,weights=83886336,hash=3c7ad340df035e23",1,"depth counts player layers; depth 1 = player move, spawn, evaluator",custom,0,0,none,30258,131232,5496,13,8192,0.0077979169999999997,13007081,0
2026-08-25T16:11:56.669Z,unavailable,Release,N1-fixed,N1,,"N1:ntuple-td-learned:experiments/weights/n7_global_100k.bin:tuples=6+6+6+6+6,active=41,global,weights=83886336,hash=3c7ad340df035e23",1,"depth counts player layers; depth 1 = player move, spawn, evaluator",custom,0,0,none,30259,85324,3928,12,4096,0.0056933749999999997,13007081,0
2026-08-25T16:11:56.669Z,unavailable,Release,N1-fixed,N1,,"N1:ntuple-td-learned:experiments/weights/n7_global_100k.bin:tuples=6+6+6+6+6,active=41,global,weights=83886336,hash=3c7ad340df035e23",1,"depth counts player layers; depth 1 = player move, spawn, evaluator",custom,0,0,none,30260,243840,9185,14,16384,0.013195292000000001,13007081,0
2026-08-25T16:11:56.669Z,unavailable,Release,N1-fixed,N1,,"N1:ntuple-td-learned:experiments/weights/n7_global_100k.bin:tuples=6+6+6+6+6,active=41,global,weights=83886336,hash=3c7ad340df035e23",1,"depth counts player layers; depth 1 = player move, spawn, evaluator",custom,0,0,none,30261,35816,1861,11,2048,0.00281475,13007081,0
2026-08-25T16:11:56.669Z,unavailable,Release,N1-fixed,N1,,"N1:ntuple-td-learned:experiments/weights/n7_global_100k.bin:tuples=6+6+6+6+6,active=41,global,weights=83886336,hash=3c7ad340df035e23",1,"depth counts player layers; depth 1 = player move, spawn, evaluator",custom,0,0,none,30262,156160,6459,13,8192,0.0094528340000000002,13007081,0
2026-08-25T16:11:56.669Z,unavailable,Release,N1-fixed,N1,,"N1:ntuple-td-learned:experiments/weights/n7_global_100k.bin:tuples=6+6+6+6+6,active=41,global,weights=83886336,hash=3c7ad340df035e23",1,"depth counts player layers; depth 1 = player move, spawn, evaluator",custom,0,0,none,30263,89252,4073,12,4096,0.0061075419999999997,13007081,0
2026-08-25T16:11:56.669Z,unavailable,Release,N1-fixed,N1,,"N1:ntuple-td-learned:experiments/weights/n7_global_100k.bin:tuples=6+6+6+6+6,active=41,global,weights=83886336,hash=3c7ad340df035e23",1,"depth counts player layers; depth 1 = player move, spawn, evaluator",custom,0,0,none,30264,155404,6402,13,8192,0.0093740830000000001,13007081,0
2026-08-25T16:11:56.669Z,unavailable,Release,N1-fixed,N1,,"N1:ntuple-td-learned:experiments/weights/n7_global_100k.bin:tuples=6+6+6+6+6,active=41,global,weights=83886336,hash=3c7ad340df035e23",1,"depth counts player layers; depth 1 = player move, spawn, evaluator",custom,0,0,none,30265,123408,5121,13,8192,0.0077794580000000004,13007081,0
2026-08-25T16:11:56.669Z,unavailable,Release,N1-fixed,N1,,"N1:ntuple-td-learned:experiments/weights/n7_global_100k.bin:tuples=6+6+6+6+6,active=41,global,weights=83886336,hash=3c7ad340df035e23",1,"depth counts player layers; depth 1 = player move, spawn, evaluator",custom,0,0,none,30266,99728,4600,12,4096,0.0072905410000000002,13007081,0
2026-08-25T16:11:56.669Z,unavailable,Release,N1-fixed,N1,,"N1:ntuple-td-learned:experiments/weights/n7_global_100k.bin:tuples=6+6+6+6+6,active=41,global,weights=83886336,hash=3c7ad340df035e23",1,"depth counts player layers; depth 1 = player move, spawn, evaluator",custom,0,0,none,30267,160420,6701,13,8192,0.010231125000000001,13007081,0
2026-08-25T16:11:56.669Z,unavailable,Release,N1-fixed,N1,,"N1:ntuple-td-learned:experiments/weights/n7_global_100k.bin:tuples=6+6+6+6+6,active=41,global,weights=83886336,hash=3c7ad340df035e23",1,"depth counts player layers; depth 1 = player move, spawn, evaluator",custom,0,0,none,30268,63588,2969,12,4096,0.004506833,13007081,0
2026-08-25T16:11:56.669Z,unavailable,Release,N1-fixed,N1,,"N1:ntuple-td-learned:experiments/weights/n7_global_100k.bin:tuples=6+6+6+6+6,active=41,global,weights=83886336,hash=3c7ad340df035e23",1,"depth counts player layers; depth 1 = player move, spawn, evaluator",custom,0,0,none,30269,174740,7300,13,8192,0.010548916,13007081,0
2026-08-25T16:11:56.669Z,unavailable,Release,N1-fixed,N1,,"N1:ntuple-td-learned:experiments/weights/n7_global_100k.bin:tuples=6+6+6+6+6,active=41,global,weights=83886336,hash=3c7ad340df035e23",1,"depth counts player layers; depth 1 = player move, spawn, evaluator",custom,0,0,none,30270,83804,3857,12,4096,0.0057863749999999999,13007081,0
2026-08-25T16:11:56.669Z,unavailable,Release,N1-fixed,N1,,"N1:ntuple-td-learned:experiments/weights/n7_global_100k.bin:tuples=6+6+6+6+6,active=41,global,weights=83886336,hash=3c7ad340df035e23",1,"depth counts player layers; depth 1 = player move, spawn, evaluator",custom,0,0,none,30271,146316,5966,13,8192,0.0085453330000000004,13007081,0
2026-08-25T16:11:56.669Z,unavailable,Release,N1-fixed,N1,,"N1:ntuple-td-learned:experiments/weights/n7_global_100k.bin:tuples=6+6+6+6+6,active=41,global,weights=83886336,hash=3c7ad340df035e23",1,"depth counts player layers; depth 1 = player move, spawn, evaluator",custom,0,0,none,30272,179900,7595,13,8192,0.010922583,13007081,0
2026-08-25T16:11:56.669Z,unavailable,Release,N1-fixed,N1,,"N1:ntuple-td-learned:experiments/weights/n7_global_100k.bin:tuples=6+6+6+6+6,active=41,global,weights=83886336,hash=3c7ad340df035e23",1,"depth counts player layers; depth 1 = player move, spawn, evaluator",custom,0,0,none,30273,76828,3529,12,4096,0.0052233749999999997,13007081,0
2026-08-25T16:11:56.669Z,unavailable,Release,N1-fixed,N1,,"N1:ntuple-td-learned:experiments/weights/n7_global_100k.bin:tuples=6+6+6+6+6,active=41,global,weights=83886336,hash=3c7ad340df035e23",1,"depth counts player layers; depth 1 = player move, spawn, evaluator",custom,0,0,none,30274,69624,3130,12,4096,0.0044518329999999997,13007081,0
2026-08-25T16:11:56.669Z,unavailable,Release,N1-fixed,N1,,"N1:ntuple-td-learned:experiments/weights/n7_global_100k.bin:tuples=6+6+6+6+6,active=41,global,weights=83886336,hash=3c7ad340df035e23",1,"depth counts player layers; depth 1 = player move, spawn, evaluator",custom,0,0,none,30275,157024,6531,13,8192,0.0093492499999999999,13007081,0
2026-08-25T16:11:56.669Z,unavailable,Release,N1-fixed,N1,,"N1:ntuple-td-learned:experiments/weights/n7_global_100k.bin:tuples=6+6+6+6+6,active=41,global,weights=83886336,hash=3c7ad340df035e23",1,"depth counts player layers; depth 1 = player move, spawn, evaluator",custom,0,0,none,30276,60488,2817,12,4096,0.0042349579999999996,13007081,0
2026-08-25T16:11:56.669Z,unavailable,Release,N1-fixed,N1,,"N1:ntuple-td-learned:experiments/weights/n7_global_100k.bin:tuples=6+6+6+6+6,active=41,global,weights=83886336,hash=3c7ad340df035e23",1,"depth counts player layers; depth 1 = player move, spawn, evaluator",custom,0,0,none,30277,178884,7552,13,8192,0.011195291,13007081,0
2026-08-25T16:11:56.669Z,unavailable,Release,N1-fixed,N1,,"N1:ntuple-td-learned:experiments/weights/n7_global_100k.bin:tuples=6+6+6+6+6,active=41,global,weights=83886336,hash=3c7ad340df035e23",1,"depth counts player layers; depth 1 = player move, spawn, evaluator",custom,0,0,none,30278,132552,5585,13,8192,0.0090071660000000005,13007081,0
2026-08-25T16:11:56.669Z,unavailable,Release,N1-fixed,N1,,"N1:ntuple-td-learned:experiments/weights/n7_global_100k.bin:tuples=6+6+6+6+6,active=41,global,weights=83886336,hash=3c7ad340df035e23",1,"depth counts player layers; depth 1 = player move, spawn, evaluator",custom,0,0,none,30279,167552,7004,13,8192,0.010329958,13007081,0
2026-08-25T16:11:56.669Z,unavailable,Release,N1-fixed,N1,,"N1:ntuple-td-learned:experiments/weights/n7_global_100k.bin:tuples=6+6+6+6+6,active=41,global,weights=83886336,hash=3c7ad340df035e23",1,"depth counts player layers; depth 1 = player move, spawn, evaluator",custom,0,0,none,30280,126512,5322,13,8192,0.0078686250000000006,13007081,0
2026-08-25T16:11:56.669Z,unavailable,Release,N1-fixed,N1,,"N1:ntuple-td-learned:experiments/weights/n7_global_100k.bin:tuples=6+6+6+6+6,active=41,global,weights=83886336,hash=3c7ad340df035e23",1,"depth counts player layers; depth 1 = player move, spawn, evaluator",custom,0,0,none,30281,261528,9814,14,16384,0.014438083000000001,13007081,0
2026-08-25T16:11:56.669Z,unavailable,Release,N1-fixed,N1,,"N1:ntuple-td-learned:experiments/weights/n7_global_100k.bin:tuples=6+6+6+6+6,active=41,global,weights=83886336,hash=3c7ad340df035e23",1,"depth counts player layers; depth 1 = player move, spawn, evaluator",custom,0,0,none,30282,76612,3499,12,4096,0.0051050419999999997,13007081,0
2026-08-25T16:11:56.669Z,unavailable,Release,N1-fixed,N1,,"N1:ntuple-td-learned:experiments/weights/n7_global_100k.bin:tuples=6+6+6+6+6,active=41,global,weights=83886336,hash=3c7ad340df035e23",1,"depth counts player layers; depth 1 = player move, spawn, evaluator",custom,0,0,none,30283,60108,2787,12,4096,0.0040428749999999996,13007081,0
2026-08-25T16:11:56.669Z,unavailable,Release,N1-fixed,N1,,"N1:ntuple-td-learned:experiments/weights/n7_global_100k.bin:tuples=6+6+6+6+6,active=41,global,weights=83886336,hash=3c7ad340df035e23",1,"depth counts player layers; depth 1 = player move, spawn, evaluator",custom,0,0,none,30284,148360,6061,13,8192,0.009318125,13007081,0
2026-08-25T16:11:56.669Z,unavailable,Release,N1-fixed,N1,,"N1:ntuple-td-learned:experiments/weights/n7_global_100k.bin:tuples=6+6+6+6+6,active=41,global,weights=83886336,hash=3c7ad340df035e23",1,"depth counts player layers; depth 1 = player move, spawn, evaluator",custom,0,0,none,30285,86384,3895,12,4096,0.0056239159999999996,13007081,0
2026-08-25T16:11:56.669Z,unavailable,Release,N1-fixed,N1,,"N1:ntuple-td-learned:experiments/weights/n7_global_100k.bin:tuples=6+6+6+6+6,active=41,global,weights=83886336,hash=3c7ad340df035e23",1,"depth counts player layers; depth 1 = player move, spawn, evaluator",custom,0,0,none,30286,175596,7369,13,8192,0.010209875,13007081,0
2026-08-25T16:11:56.669Z,unavailable,Release,N1-fixed,N1,,"N1:ntuple-td-learned:experiments/weights/n7_global_100k.bin:tuples=6+6+6+6+6,active=41,global,weights=83886336,hash=3c7ad340df035e23",1,"depth counts player layers; depth 1 = player move, spawn, evaluator",custom,0,0,none,30287,176228,7379,13,8192,0.010569250000000001,13007081,0
2026-08-25T16:11:56.669Z,unavailable,Release,N1-fixed,N1,,"N1:ntuple-td-learned:experiments/weights/n7_global_100k.bin:tuples=6+6+6+6+6,active=41,global,weights=83886336,hash=3c7ad340df035e23",1,"depth counts player layers; depth 1 = player move, spawn, evaluator",custom,0,0,none,30288,162680,6861,13,8192,0.0097547499999999995,13007081,0
2026-08-25T16:11:56.669Z,unavailable,Release,N1-fixed,N1,,"N1:ntuple-td-learned:experiments/weights/n7_global_100k.bin:tuples=6+6+6+6+6,active=41,global,weights=83886336,hash=3c7ad340df035e23",1,"depth counts player layers; depth 1 = player move, spawn, evaluator",custom,0,0,none,30289,111284,4556,13,8192,0.006649042,13007081,0
2026-08-25T16:11:56.669Z,unavailable,Release,N1-fixed,N1,,"N1:ntuple-td-learned:experiments/weights/n7_global_100k.bin:tuples=6+6+6+6+6,active=41,global,weights=83886336,hash=3c7ad340df035e23",1,"depth counts player layers; depth 1 = player move, spawn, evaluator",custom,0,0,none,30290,82284,3866,12,4096,0.0057889999999999999,13007081,0
2026-08-25T16:11:56.669Z,unavailable,Release,N1-fixed,N1,,"N1:ntuple-td-learned:experiments/weights/n7_global_100k.bin:tuples=6+6+6+6+6,active=41,global,weights=83886336,hash=3c7ad340df035e23",1,"depth counts player layers; depth 1 = player move, spawn, evaluator",custom,0,0,none,30291,132060,5512,13,8192,0.0080039589999999997,13007081,0
2026-08-25T16:11:56.669Z,unavailable,Release,N1-fixed,N1,,"N1:ntuple-td-learned:experiments/weights/n7_global_100k.bin:tuples=6+6+6+6+6,active=41,global,weights=83886336,hash=3c7ad340df035e23",1,"depth counts player layers; depth 1 = player move, spawn, evaluator",custom,0,0,none,30292,167440,6947,13,8192,0.0098906250000000001,13007081,0
2026-08-25T16:11:56.669Z,unavailable,Release,N1-fixed,N1,,"N1:ntuple-td-learned:experiments/weights/n7_global_100k.bin:tuples=6+6+6+6+6,active=41,global,weights=83886336,hash=3c7ad340df035e23",1,"depth counts player layers; depth 1 = player move, spawn, evaluator",custom,0,0,none,30293,36008,1857,11,2048,0.0026393340000000001,13007081,0
2026-08-25T16:11:56.669Z,unavailable,Release,N1-fixed,N1,,"N1:ntuple-td-learned:experiments/weights/n7_global_100k.bin:tuples=6+6+6+6+6,active=41,global,weights=83886336,hash=3c7ad340df035e23",1,"depth counts player layers; depth 1 = player move, spawn, evaluator",custom,0,0,none,30294,168112,6986,13,8192,0.0097894590000000004,13007081,0
2026-08-25T16:11:56.669Z,unavailable,Release,N1-fixed,N1,,"N1:ntuple-td-learned:experiments/weights/n7_global_100k.bin:tuples=6+6+6+6+6,active=41,global,weights=83886336,hash=3c7ad340df035e23",1,"depth counts player layers; depth 1 = player move, spawn, evaluator",custom,0,0,none,30295,148936,6141,13,8192,0.0090312919999999998,13007081,0
2026-08-25T16:11:56.669Z,unavailable,Release,N1-fixed,N1,,"N1:ntuple-td-learned:experiments/weights/n7_global_100k.bin:tuples=6+6+6+6+6,active=41,global,weights=83886336,hash=3c7ad340df035e23",1,"depth counts player layers; depth 1 = player move, spawn, evaluator",custom,0,0,none,30296,151708,6225,13,8192,0.0091821660000000003,13007081,0
2026-08-25T16:11:56.669Z,unavailable,Release,N1-fixed,N1,,"N1:ntuple-td-learned:experiments/weights/n7_global_100k.bin:tuples=6+6+6+6+6,active=41,global,weights=83886336,hash=3c7ad340df035e23",1,"depth counts player layers; depth 1 = player move, spawn, evaluator",custom,0,0,none,30297,175484,7321,13,8192,0.010262500000000001,13007081,0
2026-08-25T16:11:56.669Z,unavailable,Release,N1-fixed,N1,,"N1:ntuple-td-learned:experiments/weights/n7_global_100k.bin:tuples=6+6+6+6+6,active=41,global,weights=83886336,hash=3c7ad340df035e23",1,"depth counts player layers; depth 1 = player move, spawn, evaluator",custom,0,0,none,30298,132952,5590,13,8192,0.0083960000000000007,13007081,0
2026-08-25T16:11:56.669Z,unavailable,Release,N1-fixed,N1,,"N1:ntuple-td-learned:experiments/weights/n7_global_100k.bin:tuples=6+6+6+6+6,active=41,global,weights=83886336,hash=3c7ad340df035e23",1,"depth counts player layers; depth 1 = player move, spawn, evaluator",custom,0,0,none,30299,62160,2927,12,4096,0.0043540419999999998,13007081,0
