timestamp_utc,git_commit,build_mode,agent,evaluator,evaluator_parameters,feature_configuration,search_depth,depth_definition,seed_partition,minimum_path_probability,time_limit_seconds,optimization_configuration,seed,score,moves,max_tile_exponent,max_tile,runtime_seconds,aggregate_search_total_nodes,aggregate_search_cache_hits
2026-08-25T05:40:53.462Z,unavailable,Release,N1-fixed,N1,,"N1:ntuple-td-learned:experiments/weights/n4_stage2_100k.bin:tuples=4+4+6+6,active=32,stages=2,weights=67371008,hash=7025a0a3a850bfe7",1,"depth counts player layers; depth 1 = player move, spawn, evaluator",custom,0,0,none,30000,71836,3314,12,4096,0.0053241670000000003,9674426,0
2026-08-25T05:40:53.462Z,unavailable,Release,N1-fixed,N1,,"N1:ntuple-td-learned:experiments/weights/n4_stage2_100k.bin:tuples=4+4+6+6,active=32,stages=2,weights=67371008,hash=7025a0a3a850bfe7",1,"depth counts player layers; depth 1 = player move, spawn, evaluator",custom,0,0,none,30001,155112,6381,13,8192,0.0055788749999999996,9674426,0
2026-08-25T05:40:53.462Z,unavailable,Release,N1-fixed,N1,,"N1:ntuple-td-learned:experiments/weights/n4_stage2_100k.bin:tuples=4+4+6+6,active=32,stages=2,weights=67371008,hash=7025a0a3a850bfe7",1,"depth counts player layers; depth 1 = player move, spawn, evaluator",custom,0,0,none,30002,62248,2936,12,4096,0.0027117500000000002,9674426,0
2026-08-25T05:40:53.462Z,unavailable,Release,N1-fixed,N1,,"N1:ntuple-td-learned:experiments/weights/n4_stage2_100k.bin:tuples=4+4+6+6,active=32,stages=2,weights=67371008,hash=7025a0a3a850bfe7",1,"depth counts player layers; depth 1 = player move, spawn, evaluator",custom,0,0,none,30003,148496,6109,13,8192,0.0053132919999999998,9674426,0
2026-08-25T05:40:53.462Z,unavailable,Release,N1-fixed,N1,,"N1:ntuple-td-learned:experiments/weights/n4_stage2_100k.bin:tuples=4+4+6+6,active=32,stages=2,weights=67371008,hash=7025a0a3a850bfe7",1,"depth counts player layers; depth 1 = player move, spawn, evaluator",custom,0,0,none,30004,35532,1823,11,2048,0.001649958,9674426,0
2026-08-25T05:40:53.462Z,unavailable,Release,N1-fixed,N1,,"N1:ntuple-td-learned:experiments/weights/n4_stage2_100k.bin:tuples=4+4+6+6,active=32,stages=2,weights=67371008,hash=7025a0a3a850bfe7",1,"depth counts player layers; depth 1 = player move, spawn, evaluator",custom,0,0,none,30005,78460,3595,12,4096,0.0030550830000000001,9674426,0
2026-08-25T05:40:53.462Z,unavailable,Release,N1-fixed,N1,,"N1:ntuple-td-learned:experiments/weights/n4_stage2_100k.bin:tuples=4+4+6+6,active=32,stages=2,weights=67371008,hash=7025a0a3a850bfe7",1,"depth counts player layers; depth 1 = player move, spawn, evaluator",custom,0,0,none,30006,112668,4642,13,8192,0.0040202079999999999,9674426,0
2026-08-25T05:40:53.462Z,unavailable,Release,N1-fixed,N1,,"N1:ntuple-td-learned:experiments/weights/n4_stage2_100k.bin:tuples=4+4+6+6,active=32,stages=2,weights=67371008,hash=7025a0a3a850bfe7",1,"depth counts player layers; depth 1 = player move, spawn, evaluator",custom,0,0,none,30007,130812,5446,13,8192,0.0047952919999999996,9674426,0
2026-08-25T05:40:53.462Z,unavailable,Release,N1-fixed,N1,,"N1:ntuple-td-learned:experiments/weights/n4_stage2_100k.bin:tuples=4+4+6+6,active=32,stages=2,weights=67371008,hash=7025a0a3a850bfe7",1,"depth counts player layers; depth 1 = player move, spawn, evaluator",custom,0,0,none,30008,60304,2784,12,4096,0.0025327919999999999,9674426,0
2026-08-25T05:40:53.462Z,unavailable,Release,N1-fixed,N1,,"N1:ntuple-td-learned:experiments/weights/n4_stage2_100k.bin:tuples=4+4+6+6,active=32,stages=2,weights=67371008,hash=7025a0a3a850bfe7",1,"depth counts player layers; depth 1 = player move, spawn, evaluator",custom,0,0,none,30009,33000,1717,11,2048,0.0014378329999999999,9674426,0
2026-08-25T05:40:53.462Z,unavailable,Release,N1-fixed,N1,,"N1:ntuple-td-learned:experiments/weights/n4_stage2_100k.bin:tuples=4+4+6+6,active=32,stages=2,weights=67371008,hash=7025a0a3a850bfe7",1,"depth counts player layers; depth 1 = player move, spawn, evaluator",custom,0,0,none,30010,60696,2820,12,4096,0.002333416,9674426,0
2026-08-25T05:40:53.462Z,unavailable,Release,N1-fixed,N1,,"N1:ntuple-td-learned:experiments/weights/n4_stage2_100k.bin:tuples=4+4+6+6,active=32,stages=2,weights=67371008,hash=7025a0a3a850bfe7",1,"depth counts player layers; depth 1 = player move, spawn, evaluator",custom,0,0,none,30011,132588,5552,13,8192,0.0044727910000000003,9674426,0
2026-08-25T05:40:53.462Z,unavailable,Release,N1-fixed,N1,,"N1:ntuple-td-learned:experiments/weights/n4_stage2_100k.bin:tuples=4+4+6+6,active=32,stages=2,weights=67371008,hash=7025a0a3a850bfe7",1,"depth counts player layers; depth 1 = player move, spawn, evaluator",custom,0,0,none,30012,165684,6816,13,8192,0.0055719580000000001,9674426,0
2026-08-25T05:40:53.462Z,unavailable,Release,N1-fixed,N1,,"N1:ntuple-td-learned:experiments/weights/n4_stage2_100k.bin:tuples=4+4+6+6,active=32,stages=2,weights=67371008,hash=7025a0a3a850bfe7",1,"depth counts player layers; depth 1 = player move, spawn, evaluator",custom,0,0,none,30013,33792,1703,11,2048,0.001510916,9674426,0
2026-08-25T05:40:53.462Z,unavailable,Release,N1-fixed,N1,,"N1:ntuple-td-learned:experiments/weights/n4_stage2_100k.bin:tuples=4+4+6+6,active=32,stages=2,weights=67371008,hash=7025a0a3a850bfe7",1,"depth counts player layers; depth 1 = player move, spawn, evaluator",custom,0,0,none,30014,82956,3786,12,4096,0.0031004579999999999,9674426,0
2026-08-25T05:40:53.462Z,unavailable,Release,N1-fixed,N1,,"N1:ntuple-td-learned:experiments/weights/n4_stage2_100k.bin:tuples=4+4+6+6,active=32,stages=2,weights=67371008,hash=7025a0a3a850bfe7",1,"depth counts player layers; depth 1 = player move, spawn, evaluator",custom,0,0,none,30015,139384,5850,13,8192,0.0049213750000000004,9674426,0
2026-08-25T05:40:53.462Z,unavailable,Release,N1-fixed,N1,,"N1:ntuple-td-learned:experiments/weights/n4_stage2_100k.bin:tuples=4+4+6+6,active=32,stages=2,weights=67371008,hash=7025a0a3a850bfe7",1,"depth counts player layers; depth 1 = player move, spawn, evaluator",custom,0,0,none,30016,149252,6161,13,8192,0.0051504159999999997,9674426,0
2026-08-25T05:40:53.462Z,unavailable,Release,N1-fixed,N1,,"N1:ntuple-td-learned:experiments/weights/n4_stage2_100k.bin:tuples=4+4+6+6,active=32,stages=2,weights=67371008,hash=7025a0a3a850bfe7",1,"depth counts player layers; depth 1 = player move, spawn, evaluator",custom,0,0,none,30017,80544,3720,12,4096,0.0031591670000000001,9674426,0
2026-08-25T05:40:53.462Z,unavailable,Release,N1-fixed,N1,,"N1:ntuple-td-learned:experiments/weights/n4_stage2_100k.bin:tuples=4+4+6+6,active=32,stages=2,weights=67371008,hash=7025a0a3a850bfe7",1,"depth counts player layers; depth 1 = player move, spawn, evaluator",custom,0,0,none,30018,16092,943,10,1024,0.00087020900000000004,9674426,0
2026-08-25T05:40:53.462Z,unavailable,Release,N1-fixed,N1,,"N1:ntuple-td-learned:experiments/weights/n4_stage2_100k.bin:tuples=4+4+6+6,active=32,stages=2,weights=67371008,hash=7025a0a3a850bfe7",1,"depth counts player layers; depth 1 = player move, spawn, evaluator",custom,0,0,none,30019,76888,3536,12,4096,0.002937042,9674426,0
2026-08-25T05:40:53.462Z,unavailable,Release,N1-fixed,N1,,"N1:ntuple-td-learned:experiments/weights/n4_stage2_100k.bin:tuples=4+4+6+6,active=32,stages=2,weights=67371008,hash=7025a0a3a850bfe7",1,"depth counts player layers; depth 1 = player move, spawn, evaluator",custom,0,0,none,30020,33108,1727,11,2048,0.0014617090000000001,9674426,0
2026-08-25T05:40:53.462Z,unavailable,Release,N1-fixed,N1,,"N1:ntuple-td-learned:experiments/weights/n4_stage2_100k.bin:tuples=4+4+6+6,active=32,stages=2,weights=67371008,hash=7025a0a3a850bfe7",1,"depth counts player layers; depth 1 = player move, spawn, evaluator",custom,0,0,none,30021,132936,5586,13,8192,0.0044867910000000004,9674426,0
2026-08-25T05:40:53.462Z,unavailable,Release,N1-fixed,N1,,"N1:ntuple-td-learned:experiments/weights/n4_stage2_100k.bin:tuples=4+4+6+6,active=32,stages=2,weights=67371008,hash=7025a0a3a850bfe7",1,"depth counts player layers; depth 1 = player move, spawn, evaluator",custom,0,0,none,30022,155472,6414,13,8192,0.0052572080000000002,9674426,0
2026-08-25T05:40:53.462Z,unavailable,Release,N1-fixed,N1,,"N1:ntuple-td-learned:experiments/weights/n4_stage2_100k.bin:tuples=4+4+6+6,active=32,stages=2,weights=67371008,hash=7025a0a3a850bfe7",1,"depth counts player layers; depth 1 = player move, spawn, evaluator",custom,0,0,none,30023,61072,2867,12,4096,0.0024753330000000001,9674426,0
2026-08-25T05:40:53.462Z,unavailable,Release,N1-fixed,N1,,"N1:ntuple-td-learned:experiments/weights/n4_stage2_100k.bin:tuples=4+4+6+6,active=32,stages=2,weights=67371008,hash=7025a0a3a850bfe7",1,"depth counts player layers; depth 1 = player move, spawn, evaluator",custom,0,0,none,30024,34436,1757,11,2048,0.00156175,9674426,0
2026-08-25T05:40:53.462Z,unavailable,Release,N1-fixed,N1,,"N1:ntuple-td-learned:experiments/weights/n4_stage2_100k.bin:tuples=4+4+6+6,active=32,stages=2,weights=67371008,hash=7025a0a3a850bfe7",1,"depth counts player layers; depth 1 = player move, spawn, evaluator",custom,0,0,none,30025,84480,3937,12,4096,0.0031431250000000001,9674426,0
2026-08-25T05:40:53.462Z,unavailable,Release,N1-fixed,N1,,"N1:ntuple-td-learned:experiments/weights/n4_stage2_100k.bin:tuples=4+4+6+6,active=32,stages=2,weights=67371008,hash=7025a0a3a850bfe7",1,"depth counts player layers; depth 1 = player move, spawn, evaluator",custom,0,0,none,30026,71492,3265,12,4096,0.0027327919999999999,9674426,0
2026-08-25T05:40:53.462Z,unavailable,Release,N1-fixed,N1,,"N1:ntuple-td-learned:experiments/weights/n4_stage2_100k.bin:tuples=4+4+6+6,active=32,stages=2,weights=67371008,hash=7025a0a3a850bfe7",1,"depth counts player layers; depth 1 = player move, spawn, evaluator",custom,0,0,none,30027,112944,4673,13,8192,0.003776583,9674426,0
2026-08-25T05:40:53.462Z,unavailable,Release,N1-fixed,N1,,"N1:ntuple-td-learned:experiments/weights/n4_stage2_100k.bin:tuples=4+4+6+6,active=32,stages=2,weights=67371008,hash=7025a0a3a850bfe7",1,"depth counts player layers; depth 1 = player move, spawn, evaluator",custom,0,0,none,30028,10360,598,10,1024,0.00055187499999999996,9674426,0
2026-08-25T05:40:53.462Z,unavailable,Release,N1-fixed,N1,,"N1:ntuple-td-learned:experiments/weights/n4_stage2_100k.bin:tuples=4+4+6+6,active=32,stages=2,weights=67371008,hash=7025a0a3a850bfe7",1,"depth counts player layers; depth 1 = player move, spawn, evaluator",custom,0,0,none,30029,154476,6347,13,8192,0.0051942079999999996,9674426,0
2026-08-25T05:40:53.462Z,unavailable,Release,N1-fixed,N1,,"N1:ntuple-td-learned:experiments/weights/n4_stage2_100k.bin:tuples=4+4+6+6,active=32,stages=2,weights=67371008,hash=7025a0a3a850bfe7",1,"depth counts player layers; depth 1 = player move, spawn, evaluator",custom,0,0,none,30030,156868,6500,13,8192,0.0056097500000000002,9674426,0
2026-08-25T05:40:53.462Z,unavailable,Release,N1-fixed,N1,,"N1:ntuple-td-learned:experiments/weights/n4_stage2_100k.bin:tuples=4+4+6+6,active=32,stages=2,weights=67371008,hash=7025a0a3a850bfe7",1,"depth counts player layers; depth 1 = player move, spawn, evaluator",custom,0,0,none,30031,72360,3311,12,4096,0.0028970419999999998,9674426,0
2026-08-25T05:40:53.462Z,unavailable,Release,N1-fixed,N1,,"N1:ntuple-td-learned:experiments/weights/n4_stage2_100k.bin:tuples=4+4+6+6,active=32,stages=2,weights=67371008,hash=7025a0a3a850bfe7",1,"depth counts player layers; depth 1 = player move, spawn, evaluator",custom,0,0,none,30032,139752,5798,13,8192,0.0048830410000000003,9674426,0
2026-08-25T05:40:53.462Z,unavailable,Release,N1-fixed,N1,,"N1:ntuple-td-learned:experiments/weights/n4_stage2_100k.bin:tuples=4+4+6+6,active=32,stages=2,weights=67371008,hash=7025a0a3a850bfe7",1,"depth counts player layers; depth 1 = player move, spawn, evaluator",custom,0,0,none,30033,135724,5702,13,8192,0.0047987500000000001,9674426,0
2026-08-25T05:40:53.462Z,unavailable,Release,N1-fixed,N1,,"N1:ntuple-td-learned:experiments/weights/n4_stage2_100k.bin:tuples=4+4+6+6,active=32,stages=2,weights=67371008,hash=7025a0a3a850bfe7",1,"depth counts player layers; depth 1 = player move, spawn, evaluator",custom,0,0,none,30034,78732,3614,12,4096,0.0031199159999999999,9674426,0
2026-08-25T05:40:53.462Z,unavailable,Release,N1-fixed,N1,,"N1:ntuple-td-learned:experiments/weights/n4_stage2_100k.bin:tuples=4+4+6+6,active=32,stages=2,weights=67371008,hash=7025a0a3a850bfe7",1,"depth counts player layers; depth 1 = player move, spawn, evaluator",custom,0,0,none,30035,132960,5619,13,8192,0.0045191670000000001,9674426,0
2026-08-25T05:40:53.462Z,unavailable,Release,N1-fixed,N1,,"N1:ntuple-td-learned:experiments/weights/n4_stage2_100k.bin:tuples=4+4+6+6,active=32,stages=2,weights=67371008,hash=7025a0a3a850bfe7",1,"depth counts player layers; depth 1 = player move, spawn, evaluator",custom,0,0,none,30036,36168,1875,11,2048,0.0016078329999999999,9674426,0
2026-08-25T05:40:53.462Z,unavailable,Release,N1-fixed,N1,,"N1:ntuple-td-learned:experiments/weights/n4_stage2_100k.bin:tuples=4+4+6+6,active=32,stages=2,weights=67371008,hash=7025a0a3a850bfe7",1,"depth counts player layers; depth 1 = player move, spawn, evaluator",custom,0,0,none,30037,134104,5701,13,8192,0.0045318750000000003,9674426,0
2026-08-25T05:40:53.462Z,unavailable,Release,N1-fixed,N1,,"N1:ntuple-td-learned:experiments/weights/n4_stage2_100k.bin:tuples=4+4+6+6,active=32,stages=2,weights=67371008,hash=7025a0a3a850bfe7",1,"depth counts player layers; depth 1 = player move, spawn, evaluator",custom,0,0,none,30038,149252,6142,13,8192,0.0050951249999999998,9674426,0
2026-08-25T05:40:53.462Z,unavailable,Release,N1-fixed,N1,,"N1:ntuple-td-learned:experiments/weights/n4_stage2_100k.bin:tuples=4+4+6+6,active=32,stages=2,weights=67371008,hash=7025a0a3a850bfe7",1,"depth counts player layers; depth 1 = player move, spawn, evaluator",custom,0,0,none,30039,132128,5514,13,8192,0.004662083,9674426,0
2026-08-25T05:40:53.462Z,unavailable,Release,N1-fixed,N1,,"N1:ntuple-td-learned:experiments/weights/n4_stage2_100k.bin:tuples=4+4+6+6,active=32,stages=2,weights=67371008,hash=7025a0a3a850bfe7",1,"depth counts player layers; depth 1 = player move, spawn, evaluator",custom,0,0,none,30040,128780,5354,13,8192,0.0045570410000000004,9674426,0
2026-08-25T05:40:53.462Z,unavailable,Release,N1-fixed,N1,,"N1:ntuple-td-learned:experiments/weights/n4_stage2_100k.bin:tuples=4+4+6+6,active=32,stages=2,weights=67371008,hash=7025a0a3a850bfe7",1,"depth counts player layers; depth 1 = player move, spawn, evaluator",custom,0,0,none,30041,73340,3401,12,4096,0.0028391670000000001,9674426,0
2026-08-25T05:40:53.462Z,unavailable,Release,N1-fixed,N1,,"N1:ntuple-td-learned:experiments/weights/n4_stage2_100k.bin:tuples=4+4+6+6,active=32,stages=2,weights=67371008,hash=7025a0a3a850bfe7",1,"depth counts player layers; depth 1 = player move, spawn, evaluator",custom,0,0,none,30042,80440,3732,12,4096,0.0030100000000000001,9674426,0
2026-08-25T05:40:53.462Z,unavailable,Release,N1-fixed,N1,,"N1:ntuple-td-learned:experiments/weights/n4_stage2_100k.bin:tuples=4+4+6+6,active=32,stages=2,weights=67371008,hash=7025a0a3a850bfe7",1,"depth counts player layers; depth 1 = player move, spawn, evaluator",custom,0,0,none,30043,112168,4661,13,8192,0.0038023330000000002,9674426,0
2026-08-25T05:40:53.462Z,unavailable,Release,N1-fixed,N1,,"N1:ntuple-td-learned:experiments/weights/n4_stage2_100k.bin:tuples=4+4+6+6,active=32,stages=2,weights=67371008,hash=7025a0a3a850bfe7",1,"depth counts player layers; depth 1 = player move, spawn, evaluator",custom,0,0,none,30044,27856,1461,11,2048,0.0012713749999999999,9674426,0
2026-08-25T05:40:53.462Z,unavailable,Release,N1-fixed,N1,,"N1:ntuple-td-learned:experiments/weights/n4_stage2_100k.bin:tuples=4+4+6+6,active=32,stages=2,weights=67371008,hash=7025a0a3a850bfe7",1,"depth counts player layers; depth 1 = player move, spawn, evaluator",custom,0,0,none,30045,114816,4751,13,8192,0.0039228750000000001,9674426,0
2026-08-25T05:40:53.462Z,unavailable,Release,N1-fixed,N1,,"N1:ntuple-td-learned:experiments/weights/n4_stage2_100k.bin:tuples=4+4+6+6,active=32,stages=2,weights=67371008,hash=7025a0a3a850bfe7",1,"depth counts player layers; depth 1 = player move, spawn, evaluator",custom,0,0,none,30046,127004,5215,13,8192,0.0042858330000000002,9674426,0
2026-08-25T05:40:53.462Z,unavailable,Release,N1-fixed,N1,,"N1:ntuple-td-learned:experiments/weights/n4_stage2_100k.bin:tuples=4+4+6+6,active=32,stages=2,weights=67371008,hash=7025a0a3a850bfe7",1,"depth counts player layers; depth 1 = player move, spawn, evaluator",custom,0,0,none,30047,147792,6003,13,8192,0.0049823339999999997,9674426,0
2026-08-25T05:40:53.462Z,unavailable,Release,N1-fixed,N1,,"N1:ntuple-td-learned:experiments/weights/n4_stage2_100k.bin:tuples=4+4+6+6,active=32,stages=2,weights=67371008,hash=7025a0a3a850bfe7",1,"depth counts player layers; depth 1 = player move, spawn, evaluator",custom,0,0,none,30048,71496,3282,12,4096,0.0028132919999999998,9674426,0
2026-08-25T05:40:53.462Z,unavailable,Release,N1-fixed,N1,,"N1:ntuple-td-learned:experiments/weights/n4_stage2_100k.bin:tuples=4+4+6+6,active=32,stages=2,weights=67371008,hash=7025a0a3a850bfe7",1,"depth counts player layers; depth 1 = player move, spawn, evaluator",custom,0,0,none,30049,36376,1889,11,2048,0.001578208,9674426,0
2026-08-25T05:40:53.462Z,unavailable,Release,N1-fixed,N1,,"N1:ntuple-td-learned:experiments/weights/n4_stage2_100k.bin:tuples=4+4+6+6,active=32,stages=2,weights=67371008,hash=7025a0a3a850bfe7",1,"depth counts player layers; depth 1 = player move, spawn, evaluator",custom,0,0,none,30050,76908,3541,12,4096,0.0028981250000000001,9674426,0
2026-08-25T05:40:53.462Z,unavailable,Release,N1-fixed,N1,,"N1:ntuple-td-learned:experiments/weights/n4_stage2_100k.bin:tuples=4+4+6+6,active=32,stages=2,weights=67371008,hash=7025a0a3a850bfe7",1,"depth counts player layers; depth 1 = player move, spawn, evaluator",custom,0,0,none,30051,142384,5706,13,8192,0.0046137920000000002,9674426,0
2026-08-25T05:40:53.462Z,unavailable,Release,N1-fixed,N1,,"N1:ntuple-td-learned:experiments/weights/n4_stage2_100k.bin:tuples=4+4+6+6,active=32,stages=2,weights=67371008,hash=7025a0a3a850bfe7",1,"depth counts player layers; depth 1 = player move, spawn, evaluator",custom,0,0,none,30052,80448,3716,12,4096,0.003061125,9674426,0
2026-08-25T05:40:53.462Z,unavailable,Release,N1-fixed,N1,,"N1:ntuple-td-learned:experiments/weights/n4_stage2_100k.bin:tuples=4+4+6+6,active=32,stages=2,weights=67371008,hash=7025a0a3a850bfe7",1,"depth counts player layers; depth 1 = player move, spawn, evaluator",custom,0,0,none,30053,124180,5167,13,8192,0.0041502910000000004,9674426,0
2026-08-25T05:40:53.462Z,unavailable,Release,N1-fixed,N1,,"N1:ntuple-td-learned:experiments/weights/n4_stage2_100k.bin:tuples=4+4+6+6,active=32,stages=2,weights=67371008,hash=7025a0a3a850bfe7",1,"depth counts player layers; depth 1 = player move, spawn, evaluator",custom,0,0,none,30054,39824,2020,11,2048,0.001760792,9674426,0
2026-08-25T05:40:53.462Z,unavailable,Release,N1-fixed,N1,,"N1:ntuple-td-learned:experiments/weights/n4_stage2_100k.bin:tuples=4+4+6+6,active=32,stages=2,weights=67371008,hash=7025a0a3a850bfe7",1,"depth counts player layers; depth 1 = player move, spawn, evaluator",custom,0,0,none,30055,10396,596,10,1024,0.00049862500000000004,9674426,0
2026-08-25T05:40:53.462Z,unavailable,Release,N1-fixed,N1,,"N1:ntuple-td-learned:experiments/weights/n4_stage2_100k.bin:tuples=4+4+6+6,active=32,stages=2,weights=67371008,hash=7025a0a3a850bfe7",1,"depth counts player layers; depth 1 = player move, spawn, evaluator",custom,0,0,none,30056,6892,472,9,512,0.000392042,9674426,0
2026-08-25T05:40:53.462Z,unavailable,Release,N1-fixed,N1,,"N1:ntuple-td-learned:experiments/weights/n4_stage2_100k.bin:tuples=4+4+6+6,active=32,stages=2,weights=67371008,hash=7025a0a3a850bfe7",1,"depth counts player layers; depth 1 = player move, spawn, evaluator",custom,0,0,none,30057,58556,2671,12,4096,0.0022187919999999998,9674426,0
2026-08-25T05:40:53.462Z,unavailable,Release,N1-fixed,N1,,"N1:ntuple-td-learned:experiments/weights/n4_stage2_100k.bin:tuples=4+4+6+6,active=32,stages=2,weights=67371008,hash=7025a0a3a850bfe7",1,"depth counts player layers; depth 1 = player move, spawn, evaluator",custom,0,0,none,30058,168168,6982,13,8192,0.0056605420000000002,9674426,0
2026-08-25T05:40:53.462Z,unavailable,Release,N1-fixed,N1,,"N1:ntuple-td-learned:experiments/weights/n4_stage2_100k.bin:tuples=4+4+6+6,active=32,stages=2,weights=67371008,hash=7025a0a3a850bfe7",1,"depth counts player layers; depth 1 = player move, spawn, evaluator",custom,0,0,none,30059,76032,3483,12,4096,0.003087458,9674426,0
2026-08-25T05:40:53.462Z,unavailable,Release,N1-fixed,N1,,"N1:ntuple-td-learned:experiments/weights/n4_stage2_100k.bin:tuples=4+4+6+6,active=32,stages=2,weights=67371008,hash=7025a0a3a850bfe7",1,"depth counts player layers; depth 1 = player move, spawn, evaluator",custom,0,0,none,30060,60616,2817,12,4096,0.002438417,9674426,0
2026-08-25T05:40:53.462Z,unavailable,Release,N1-fixed,N1,,"N1:ntuple-td-learned:experiments/weights/n4_stage2_100k.bin:tuples=4+4+6+6,active=32,stages=2,weights=67371008,hash=7025a0a3a850bfe7",1,"depth counts player layers; depth 1 = player move, spawn, evaluator",custom,0,0,none,30061,157080,6513,13,8192,0.0052214999999999996,9674426,0
2026-08-25T05:40:53.462Z,unavailable,Release,N1-fixed,N1,,"N1:ntuple-td-learned:experiments/weights/n4_stage2_100k.bin:tuples=4+4+6+6,active=32,stages=2,weights=67371008,hash=7025a0a3a850bfe7",1,"depth counts player layers; depth 1 = player move, spawn, evaluator",custom,0,0,none,30062,147280,6164,13,8192,0.0050213749999999998,9674426,0
2026-08-25T05:40:53.462Z,unavailable,Release,N1-fixed,N1,,"N1:ntuple-td-learned:experiments/weights/n4_stage2_100k.bin:tuples=4+4+6+6,active=32,stages=2,weights=67371008,hash=7025a0a3a850bfe7",1,"depth counts player layers; depth 1 = player move, spawn, evaluator",custom,0,0,none,30063,76172,3485,12,4096,0.0031260419999999999,9674426,0
2026-08-25T05:40:53.462Z,unavailable,Release,N1-fixed,N1,,"N1:ntuple-td-learned:experiments/weights/n4_stage2_100k.bin:tuples=4+4+6+6,active=32,stages=2,weights=67371008,hash=7025a0a3a850bfe7",1,"depth counts player layers; depth 1 = player move, spawn, evaluator",custom,0,0,none,30064,41220,2101,11,2048,0.001794375,9674426,0
2026-08-25T05:40:53.462Z,unavailable,Release,N1-fixed,N1,,"N1:ntuple-td-learned:experiments/weights/n4_stage2_100k.bin:tuples=4+4+6+6,active=32,stages=2,weights=67371008,hash=7025a0a3a850bfe7",1,"depth counts player layers; depth 1 = player move, spawn, evaluator",custom,0,0,none,30065,128700,5343,13,8192,0.0043369580000000001,9674426,0
2026-08-25T05:40:53.462Z,unavailable,Release,N1-fixed,N1,,"N1:ntuple-td-learned:experiments/weights/n4_stage2_100k.bin:tuples=4+4+6+6,active=32,stages=2,weights=67371008,hash=7025a0a3a850bfe7",1,"depth counts player layers; depth 1 = player move, spawn, evaluator",custom,0,0,none,30066,57484,2658,12,4096,0.0022584580000000001,9674426,0
2026-08-25T05:40:53.462Z,unavailable,Release,N1-fixed,N1,,"N1:ntuple-td-learned:experiments/weights/n4_stage2_100k.bin:tuples=4+4+6+6,active=32,stages=2,weights=67371008,hash=7025a0a3a850bfe7",1,"depth counts player layers; depth 1 = player move, spawn, evaluator",custom,0,0,none,30067,77388,3568,12,4096,0.0028817080000000002,9674426,0
2026-08-25T05:40:53.462Z,unavailable,Release,N1-fixed,N1,,"N1:ntuple-td-learned:experiments/weights/n4_stage2_100k.bin:tuples=4+4+6+6,active=32,stages=2,weights=67371008,hash=7025a0a3a850bfe7",1,"depth counts player layers; depth 1 = player move, spawn, evaluator",custom,0,0,none,30068,76568,3510,12,4096,0.0029390829999999999,9674426,0
2026-08-25T05:40:53.462Z,unavailable,Release,N1-fixed,N1,,"N1:ntuple-td-learned:experiments/weights/n4_stage2_100k.bin:tuples=4+4+6+6,active=32,stages=2,weights=67371008,hash=7025a0a3a850bfe7",1,"depth counts player layers; depth 1 = player move, spawn, evaluator",custom,0,0,none,30069,37088,1939,11,2048,0.001674666,9674426,0
2026-08-25T05:40:53.462Z,unavailable,Release,N1-fixed,N1,,"N1:ntuple-td-learned:experiments/weights/n4_stage2_100k.bin:tuples=4+4+6+6,active=32,stages=2,weights=67371008,hash=7025a0a3a850bfe7",1,"depth counts player layers; depth 1 = player move, spawn, evaluator",custom,0,0,none,30070,80528,3743,12,4096,0.0031015000000000001,9674426,0
2026-08-25T05:40:53.462Z,unavailable,Release,N1-fixed,N1,,"N1:ntuple-td-learned:experiments/weights/n4_stage2_100k.bin:tuples=4+4+6+6,active=32,stages=2,weights=67371008,hash=7025a0a3a850bfe7",1,"depth counts player layers; depth 1 = player move, spawn, evaluator",custom,0,0,none,30071,80172,3707,12,4096,0.0029559579999999998,9674426,0
2026-08-25T05:40:53.462Z,unavailable,Release,N1-fixed,N1,,"N1:ntuple-td-learned:experiments/weights/n4_stage2_100k.bin:tuples=4+4+6+6,active=32,stages=2,weights=67371008,hash=7025a0a3a850bfe7",1,"depth counts player layers; depth 1 = player move, spawn, evaluator",custom,0,0,none,30072,77040,3558,12,4096,0.0030109999999999998,9674426,0
2026-08-25T05:40:53.462Z,unavailable,Release,N1-fixed,N1,,"N1:ntuple-td-learned:experiments/weights/n4_stage2_100k.bin:tuples=4+4+6+6,active=32,stages=2,weights=67371008,hash=7025a0a3a850bfe7",1,"depth counts player layers; depth 1 = player move, spawn, evaluator",custom,0,0,none,30073,34372,1746,11,2048,0.0014480000000000001,9674426,0
2026-08-25T05:40:53.462Z,unavailable,Release,N1-fixed,N1,,"N1:ntuple-td-learned:experiments/weights/n4_stage2_100k.bin:tuples=4+4+6+6,active=32,stages=2,weights=67371008,hash=7025a0a3a850bfe7",1,"depth counts player layers; depth 1 = player move, spawn, evaluator",custom,0,0,none,30074,57240,2629,12,4096,0.002105834,9674426,0
2026-08-25T05:40:53.462Z,unavailable,Release,N1-fixed,N1,,"N1:ntuple-td-learned:experiments/weights/n4_stage2_100k.bin:tuples=4+4+6+6,active=32,stages=2,weights=67371008,hash=7025a0a3a850bfe7",1,"depth counts player layers; depth 1 = player move, spawn, evaluator",custom,0,0,none,30075,157312,6547,13,8192,0.0051669580000000001,9674426,0
2026-08-25T05:40:53.462Z,unavailable,Release,N1-fixed,N1,,"N1:ntuple-td-learned:experiments/weights/n4_stage2_100k.bin:tuples=4+4+6+6,active=32,stages=2,weights=67371008,hash=7025a0a3a850bfe7",1,"depth counts player layers; depth 1 = player move, spawn, evaluator",custom,0,0,none,30076,81932,3821,12,4096,0.003238875,9674426,0
2026-08-25T05:40:53.462Z,unavailable,Release,N1-fixed,N1,,"N1:ntuple-td-learned:experiments/weights/n4_stage2_100k.bin:tuples=4+4+6+6,active=32,stages=2,weights=67371008,hash=7025a0a3a850bfe7",1,"depth counts player layers; depth 1 = player move, spawn, evaluator",custom,0,0,none,30077,148104,6068,13,8192,0.0049646660000000004,9674426,0
2026-08-25T05:40:53.462Z,unavailable,Release,N1-fixed,N1,,"N1:ntuple-td-learned:experiments/weights/n4_stage2_100k.bin:tuples=4+4+6+6,active=32,stages=2,weights=67371008,hash=7025a0a3a850bfe7",1,"depth counts player layers; depth 1 = player move, spawn, evaluator",custom,0,0,none,30078,75488,3453,12,4096,0.002854334,9674426,0
2026-08-25T05:40:53.462Z,unavailable,Release,N1-fixed,N1,,"N1:ntuple-td-learned:experiments/weights/n4_stage2_100k.bin:tuples=4+4+6+6,active=32,stages=2,weights=67371008,hash=7025a0a3a850bfe7",1,"depth counts player layers; depth 1 = player move, spawn, evaluator",custom,0,0,none,30079,75960,3480,12,4096,0.0028543750000000001,9674426,0
2026-08-25T05:40:53.462Z,unavailable,Release,N1-fixed,N1,,"N1:ntuple-td-learned:experiments/weights/n4_stage2_100k.bin:tuples=4+4+6+6,active=32,stages=2,weights=67371008,hash=7025a0a3a850bfe7",1,"depth counts player layers; depth 1 = player move, spawn, evaluator",custom,0,0,none,30080,35860,1841,11,2048,0.001658,9674426,0
2026-08-25T05:40:53.462Z,unavailable,Release,N1-fixed,N1,,"N1:ntuple-td-learned:experiments/weights/n4_stage2_100k.bin:tuples=4+4+6+6,active=32,stages=2,weights=67371008,hash=7025a0a3a850bfe7",1,"depth counts player layers; depth 1 = player move, spawn, evaluator",custom,0,0,none,30081,80928,3793,12,4096,0.0033274580000000002,9674426,0
2026-08-25T05:40:53.462Z,unavailable,Release,N1-fixed,N1,,"N1:ntuple-td-learned:experiments/weights/n4_stage2_100k.bin:tuples=4+4+6+6,active=32,stages=2,weights=67371008,hash=7025a0a3a850bfe7",1,"depth counts player layers; depth 1 = player move, spawn, evaluator",custom,0,0,none,30082,155668,6437,13,8192,0.0056638340000000004,9674426,0
2026-08-25T05:40:53.462Z,unavailable,Release,N1-fixed,N1,,"N1:ntuple-td-learned:experiments/weights/n4_stage2_100k.bin:tuples=4+4+6+6,active=32,stages=2,weights=67371008,hash=7025a0a3a850bfe7",1,"depth counts player layers; depth 1 = player move, spawn, evaluator",custom,0,0,none,30083,34708,1781,11,2048,0.0018425410000000001,9674426,0
2026-08-25T05:40:53.462Z,unavailable,Release,N1-fixed,N1,,"N1:ntuple-td-learned:experiments/weights/n4_stage2_100k.bin:tuples=4+4+6+6,active=32,stages=2,weights=67371008,hash=7025a0a3a850bfe7",1,"depth counts player layers; depth 1 = player move, spawn, evaluator",custom,0,0,none,30084,170384,7166,13,8192,0.0063410419999999999,9674426,0
2026-08-25T05:40:53.462Z,unavailable,Release,N1-fixed,N1,,"N1:ntuple-td-learned:experiments/weights/n4_stage2_100k.bin:tuples=4+4+6+6,active=32,stages=2,weights=67371008,hash=7025a0a3a850bfe7",1,"depth counts player layers; depth 1 = player move, spawn, evaluator",custom,0,0,none,30085,113716,4717,13,8192,0.0040597080000000004,9674426,0
2026-08-25T05:40:53.462Z,unavailable,Release,N1-fixed,N1,,"N1:ntuple-td-learned:experiments/weights/n4_stage2_100k.bin:tuples=4+4+6+6,active=32,stages=2,weights=67371008,hash=7025a0a3a850bfe7",1,"depth counts player layers; depth 1 = player move, spawn, evaluator",custom,0,0,none,30086,65016,2879,12,4096,0.0026989169999999999,9674426,0
2026-08-25T05:40:53.462Z,unavailable,Release,N1-fixed,N1,,"N1:ntuple-td-learned:experiments/weights/n4_stage2_100k.bin:tuples=4+4+6+6,active=32,stages=2,weights=67371008,hash=7025a0a3a850bfe7",1,"depth counts player layers; depth 1 = player move, spawn, evaluator",custom,0,0,none,30087,13468,769,10,1024,0.00075766699999999995,9674426,0
2026-08-25T05:40:53.462Z,unavailable,Release,N1-fixed,N1,,"N1:ntuple-td-learned:experiments/weights/n4_stage2_100k.bin:tuples=4+4+6+6,active=32,stages=2,weights=67371008,hash=7025a0a3a850bfe7",1,"depth counts player layers; depth 1 = player move, spawn, evaluator",custom,0,0,none,30088,151408,6169,13,8192,0.0053334999999999997,9674426,0
2026-08-25T05:40:53.462Z,unavailable,Release,N1-fixed,N1,,"N1:ntuple-td-learned:experiments/weights/n4_stage2_100k.bin:tuples=4+4+6+6,active=32,stages=2,weights=67371008,hash=7025a0a3a850bfe7",1,"depth counts player layers; depth 1 = player move, spawn, evaluator",custom,0,0,none,30089,60372,2804,12,4096,0.0025377910000000002,9674426,0
2026-08-25T05:40:53.462Z,unavailable,Release,N1-fixed,N1,,"N1:ntuple-td-learned:experiments/weights/n4_stage2_100k.bin:tuples=4+4+6+6,active=32,stages=2,weights=67371008,hash=7025a0a3a850bfe7",1,"depth counts player layers; depth 1 = player move, spawn, evaluator",custom,0,0,none,30090,70440,3214,12,4096,0.0026858339999999998,9674426,0
2026-08-25T05:40:53.462Z,unavailable,Release,N1-fixed,N1,,"N1:ntuple-td-learned:experiments/weights/n4_stage2_100k.bin:tuples=4+4+6+6,active=32,stages=2,weights=67371008,hash=7025a0a3a850bfe7",1,"depth counts player layers; depth 1 = player move, spawn, evaluator",custom,0,0,none,30091,146564,5968,13,8192,0.0047787079999999996,9674426,0
2026-08-25T05:40:53.462Z,unavailable,Release,N1-fixed,N1,,"N1:ntuple-td-learned:experiments/weights/n4_stage2_100k.bin:tuples=4+4+6+6,active=32,stages=2,weights=67371008,hash=7025a0a3a850bfe7",1,"depth counts player layers; depth 1 = player move, spawn, evaluator",custom,0,0,none,30092,32248,1645,11,2048,0.001437542,9674426,0
2026-08-25T05:40:53.462Z,unavailable,Release,N1-fixed,N1,,"N1:ntuple-td-learned:experiments/weights/n4_stage2_100k.bin:tuples=4+4+6+6,active=32,stages=2,weights=67371008,hash=7025a0a3a850bfe7",1,"depth counts player layers; depth 1 = player move, spawn, evaluator",custom,0,0,none,30093,168652,7024,13,8192,0.0057202909999999997,9674426,0
2026-08-25T05:40:53.462Z,unavailable,Release,N1-fixed,N1,,"N1:ntuple-td-learned:experiments/weights/n4_stage2_100k.bin:tuples=4+4+6+6,active=32,stages=2,weights=67371008,hash=7025a0a3a850bfe7",1,"depth counts player layers; depth 1 = player move, spawn, evaluator",custom,0,0,none,30094,157232,6528,13,8192,0.0054295000000000003,9674426,0
2026-08-25T05:40:53.462Z,unavailable,Release,N1-fixed,N1,,"N1:ntuple-td-learned:experiments/weights/n4_stage2_100k.bin:tuples=4+4+6+6,active=32,stages=2,weights=67371008,hash=7025a0a3a850bfe7",1,"depth counts player layers; depth 1 = player move, spawn, evaluator",custom,0,0,none,30095,80160,3703,12,4096,0.0031294589999999998,9674426,0
2026-08-25T05:40:53.462Z,unavailable,Release,N1-fixed,N1,,"N1:ntuple-td-learned:experiments/weights/n4_stage2_100k.bin:tuples=4+4+6+6,active=32,stages=2,weights=67371008,hash=7025a0a3a850bfe7",1,"depth counts player layers; depth 1 = player move, spawn, evaluator",custom,0,0,none,30096,164500,6778,13,8192,0.005619209,9674426,0
2026-08-25T05:40:53.462Z,unavailable,Release,N1-fixed,N1,,"N1:ntuple-td-learned:experiments/weights/n4_stage2_100k.bin:tuples=4+4+6+6,active=32,stages=2,weights=67371008,hash=7025a0a3a850bfe7",1,"depth counts player layers; depth 1 = player move, spawn, evaluator",custom,0,0,none,30097,114056,4733,13,8192,0.0039811660000000004,9674426,0
2026-08-25T05:40:53.462Z,unavailable,Release,N1-fixed,N1,,"N1:ntuple-td-learned:experiments/weights/n4_stage2_100k.bin:tuples=4+4+6+6,active=32,stages=2,weights=67371008,hash=7025a0a3a850bfe7",1,"depth counts player layers; depth 1 = player move, spawn, evaluator",custom,0,0,none,30098,128968,5364,13,8192,0.0043717080000000002,9674426,0
2026-08-25T05:40:53.462Z,unavailable,Release,N1-fixed,N1,,"N1:ntuple-td-learned:experiments/weights/n4_stage2_100k.bin:tuples=4+4+6+6,active=32,stages=2,weights=67371008,hash=7025a0a3a850bfe7",1,"depth counts player layers; depth 1 = player move, spawn, evaluator",custom,0,0,none,30099,131376,5512,13,8192,0.0045217499999999997,9674426,0
2026-08-25T05:40:53.462Z,unavailable,Release,N1-fixed,N1,,"N1:ntuple-td-learned:experiments/weights/n4_stage2_100k.bin:tuples=4+4+6+6,active=32,stages=2,weights=67371008,hash=7025a0a3a850bfe7",1,"depth counts player layers; depth 1 = player move, spawn, evaluator",custom,0,0,none,30100,112732,4663,13,8192,0.0038084579999999998,9674426,0
2026-08-25T05:40:53.462Z,unavailable,Release,N1-fixed,N1,,"N1:ntuple-td-learned:experiments/weights/n4_stage2_100k.bin:tuples=4+4+6+6,active=32,stages=2,weights=67371008,hash=7025a0a3a850bfe7",1,"depth counts player layers; depth 1 = player move, spawn, evaluator",custom,0,0,none,30101,16076,943,10,1024,0.00086820799999999998,9674426,0
2026-08-25T05:40:53.462Z,unavailable,Release,N1-fixed,N1,,"N1:ntuple-td-learned:experiments/weights/n4_stage2_100k.bin:tuples=4+4+6+6,active=32,stages=2,weights=67371008,hash=7025a0a3a850bfe7",1,"depth counts player layers; depth 1 = player move, spawn, evaluator",custom,0,0,none,30102,163728,6804,13,8192,0.0054743750000000001,9674426,0
2026-08-25T05:40:53.462Z,unavailable,Release,N1-fixed,N1,,"N1:ntuple-td-learned:experiments/weights/n4_stage2_100k.bin:tuples=4+4+6+6,active=32,stages=2,weights=67371008,hash=7025a0a3a850bfe7",1,"depth counts player layers; depth 1 = player move, spawn, evaluator",custom,0,0,none,30103,167688,6972,13,8192,0.0058794169999999996,9674426,0
2026-08-25T05:40:53.462Z,unavailable,Release,N1-fixed,N1,,"N1:ntuple-td-learned:experiments/weights/n4_stage2_100k.bin:tuples=4+4+6+6,active=32,stages=2,weights=67371008,hash=7025a0a3a850bfe7",1,"depth counts player layers; depth 1 = player move, spawn, evaluator",custom,0,0,none,30104,78792,3601,12,4096,0.0031046250000000002,9674426,0
2026-08-25T05:40:53.462Z,unavailable,Release,N1-fixed,N1,,"N1:ntuple-td-learned:experiments/weights/n4_stage2_100k.bin:tuples=4+4+6+6,active=32,stages=2,weights=67371008,hash=7025a0a3a850bfe7",1,"depth counts player layers; depth 1 = player move, spawn, evaluator",custom,0,0,none,30105,67972,3085,12,4096,0.0025674999999999999,9674426,0
2026-08-25T05:40:53.462Z,unavailable,Release,N1-fixed,N1,,"N1:ntuple-td-learned:experiments/weights/n4_stage2_100k.bin:tuples=4+4+6+6,active=32,stages=2,weights=67371008,hash=7025a0a3a850bfe7",1,"depth counts player layers; depth 1 = player move, spawn, evaluator",custom,0,0,none,30106,16848,1008,10,1024,0.00084416700000000005,9674426,0
2026-08-25T05:40:53.462Z,unavailable,Release,N1-fixed,N1,,"N1:ntuple-td-learned:experiments/weights/n4_stage2_100k.bin:tuples=4+4+6+6,active=32,stages=2,weights=67371008,hash=7025a0a3a850bfe7",1,"depth counts player layers; depth 1 = player move, spawn, evaluator",custom,0,0,none,30107,58512,2676,12,4096,0.0021797919999999998,9674426,0
2026-08-25T05:40:53.462Z,unavailable,Release,N1-fixed,N1,,"N1:ntuple-td-learned:experiments/weights/n4_stage2_100k.bin:tuples=4+4+6+6,active=32,stages=2,weights=67371008,hash=7025a0a3a850bfe7",1,"depth counts player layers; depth 1 = player move, spawn, evaluator",custom,0,0,none,30108,156832,6514,13,8192,0.0053286669999999996,9674426,0
2026-08-25T05:40:53.462Z,unavailable,Release,N1-fixed,N1,,"N1:ntuple-td-learned:experiments/weights/n4_stage2_100k.bin:tuples=4+4+6+6,active=32,stages=2,weights=67371008,hash=7025a0a3a850bfe7",1,"depth counts player layers; depth 1 = player move, spawn, evaluator",custom,0,0,none,30109,147644,6015,13,8192,0.0053877919999999998,9674426,0
2026-08-25T05:40:53.462Z,unavailable,Release,N1-fixed,N1,,"N1:ntuple-td-learned:experiments/weights/n4_stage2_100k.bin:tuples=4+4+6+6,active=32,stages=2,weights=67371008,hash=7025a0a3a850bfe7",1,"depth counts player layers; depth 1 = player move, spawn, evaluator",custom,0,0,none,30110,80536,3732,12,4096,0.003290542,9674426,0
2026-08-25T05:40:53.462Z,unavailable,Release,N1-fixed,N1,,"N1:ntuple-td-learned:experiments/weights/n4_stage2_100k.bin:tuples=4+4+6+6,active=32,stages=2,weights=67371008,hash=7025a0a3a850bfe7",1,"depth counts player layers; depth 1 = player move, spawn, evaluator",custom,0,0,none,30111,58760,2702,12,4096,0.002497708,9674426,0
2026-08-25T05:40:53.462Z,unavailable,Release,N1-fixed,N1,,"N1:ntuple-td-learned:experiments/weights/n4_stage2_100k.bin:tuples=4+4+6+6,active=32,stages=2,weights=67371008,hash=7025a0a3a850bfe7",1,"depth counts player layers; depth 1 = player move, spawn, evaluator",custom,0,0,none,30112,155192,6377,13,8192,0.005329042,9674426,0
2026-08-25T05:40:53.462Z,unavailable,Release,N1-fixed,N1,,"N1:ntuple-td-learned:experiments/weights/n4_stage2_100k.bin:tuples=4+4+6+6,active=32,stages=2,weights=67371008,hash=7025a0a3a850bfe7",1,"depth counts player layers; depth 1 = player move, spawn, evaluator",custom,0,0,none,30113,156060,6435,13,8192,0.0052682500000000004,9674426,0
2026-08-25T05:40:53.462Z,unavailable,Release,N1-fixed,N1,,"N1:ntuple-td-learned:experiments/weights/n4_stage2_100k.bin:tuples=4+4+6+6,active=32,stages=2,weights=67371008,hash=7025a0a3a850bfe7",1,"depth counts player layers; depth 1 = player move, spawn, evaluator",custom,0,0,none,30114,80524,3746,12,4096,0.0037386670000000002,9674426,0
2026-08-25T05:40:53.462Z,unavailable,Release,N1-fixed,N1,,"N1:ntuple-td-learned:experiments/weights/n4_stage2_100k.bin:tuples=4+4+6+6,active=32,stages=2,weights=67371008,hash=7025a0a3a850bfe7",1,"depth counts player layers; depth 1 = player move, spawn, evaluator",custom,0,0,none,30115,131384,5497,13,8192,0.005372333,9674426,0
2026-08-25T05:40:53.462Z,unavailable,Release,N1-fixed,N1,,"N1:ntuple-td-learned:experiments/weights/n4_stage2_100k.bin:tuples=4+4+6+6,active=32,stages=2,weights=67371008,hash=7025a0a3a850bfe7",1,"depth counts player layers; depth 1 = player move, spawn, evaluator",custom,0,0,none,30116,167680,6991,13,8192,0.0088290420000000005,9674426,0
2026-08-25T05:40:53.462Z,unavailable,Release,N1-fixed,N1,,"N1:ntuple-td-learned:experiments/weights/n4_stage2_100k.bin:tuples=4+4+6+6,active=32,stages=2,weights=67371008,hash=7025a0a3a850bfe7",1,"depth counts player layers; depth 1 = player move, spawn, evaluator",custom,0,0,none,30117,119900,4883,13,8192,0.0051034169999999998,9674426,0
2026-08-25T05:40:53.462Z,unavailable,Release,N1-fixed,N1,,"N1:ntuple-td-learned:experiments/weights/n4_stage2_100k.bin:tuples=4+4+6+6,active=32,stages=2,weights=67371008,hash=7025a0a3a850bfe7",1,"depth counts player layers; depth 1 = player move, spawn, evaluator",custom,0,0,none,30118,78692,3597,12,4096,0.0044260829999999999,9674426,0
2026-08-25T05:40:53.462Z,unavailable,Release,N1-fixed,N1,,"N1:ntuple-td-learned:experiments/weights/n4_stage2_100k.bin:tuples=4+4+6+6,active=32,stages=2,weights=67371008,hash=7025a0a3a850bfe7",1,"depth counts player layers; depth 1 = player move, spawn, evaluator",custom,0,0,none,30119,133968,5647,13,8192,0.0050637499999999997,9674426,0
2026-08-25T05:40:53.462Z,unavailable,Release,N1-fixed,N1,,"N1:ntuple-td-learned:experiments/weights/n4_stage2_100k.bin:tuples=4+4+6+6,active=32,stages=2,weights=67371008,hash=7025a0a3a850bfe7",1,"depth counts player layers; depth 1 = player move, spawn, evaluator",custom,0,0,none,30120,71496,3281,12,4096,0.0029091669999999998,9674426,0
2026-08-25T05:40:53.462Z,unavailable,Release,N1-fixed,N1,,"N1:ntuple-td-learned:experiments/weights/n4_stage2_100k.bin:tuples=4+4+6+6,active=32,stages=2,weights=67371008,hash=7025a0a3a850bfe7",1,"depth counts player layers; depth 1 = player move, spawn, evaluator",custom,0,0,none,30121,132308,5540,13,8192,0.0047147910000000003,9674426,0
2026-08-25T05:40:53.462Z,unavailable,Release,N1-fixed,N1,,"N1:ntuple-td-learned:experiments/weights/n4_stage2_100k.bin:tuples=4+4+6+6,active=32,stages=2,weights=67371008,hash=7025a0a3a850bfe7",1,"depth counts player layers; depth 1 = player move, spawn, evaluator",custom,0,0,none,30122,162628,6652,13,8192,0.0057738340000000003,9674426,0
2026-08-25T05:40:53.462Z,unavailable,Release,N1-fixed,N1,,"N1:ntuple-td-learned:experiments/weights/n4_stage2_100k.bin:tuples=4+4+6+6,active=32,stages=2,weights=67371008,hash=7025a0a3a850bfe7",1,"depth counts player layers; depth 1 = player move, spawn, evaluator",custom,0,0,none,30123,167564,6948,13,8192,0.0060454580000000001,9674426,0
2026-08-25T05:40:53.462Z,unavailable,Release,N1-fixed,N1,,"N1:ntuple-td-learned:experiments/weights/n4_stage2_100k.bin:tuples=4+4+6+6,active=32,stages=2,weights=67371008,hash=7025a0a3a850bfe7",1,"depth counts player layers; depth 1 = player move, spawn, evaluator",custom,0,0,none,30124,80200,3709,12,4096,0.0031908330000000001,9674426,0
2026-08-25T05:40:53.462Z,unavailable,Release,N1-fixed,N1,,"N1:ntuple-td-learned:experiments/weights/n4_stage2_100k.bin:tuples=4+4+6+6,active=32,stages=2,weights=67371008,hash=7025a0a3a850bfe7",1,"depth counts player layers; depth 1 = player move, spawn, evaluator",custom,0,0,none,30125,37936,1984,11,2048,0.0016961669999999999,9674426,0
2026-08-25T05:40:53.462Z,unavailable,Release,N1-fixed,N1,,"N1:ntuple-td-learned:experiments/weights/n4_stage2_100k.bin:tuples=4+4+6+6,active=32,stages=2,weights=67371008,hash=7025a0a3a850bfe7",1,"depth counts player layers; depth 1 = player move, spawn, evaluator",custom,0,0,none,30126,150384,6168,13,8192,0.0050027500000000003,9674426,0
2026-08-25T05:40:53.462Z,unavailable,Release,N1-fixed,N1,,"N1:ntuple-td-learned:experiments/weights/n4_stage2_100k.bin:tuples=4+4+6+6,active=32,stages=2,weights=67371008,hash=7025a0a3a850bfe7",1,"depth counts player layers; depth 1 = player move, spawn, evaluator",custom,0,0,none,30127,128528,5300,13,8192,0.0045897919999999997,9674426,0
2026-08-25T05:40:53.462Z,unavailable,Release,N1-fixed,N1,,"N1:ntuple-td-learned:experiments/weights/n4_stage2_100k.bin:tuples=4+4+6+6,active=32,stages=2,weights=67371008,hash=7025a0a3a850bfe7",1,"depth counts player layers; depth 1 = player move, spawn, evaluator",custom,0,0,none,30128,64200,2989,12,4096,0.0026579170000000001,9674426,0
2026-08-25T05:40:53.462Z,unavailable,Release,N1-fixed,N1,,"N1:ntuple-td-learned:experiments/weights/n4_stage2_100k.bin:tuples=4+4+6+6,active=32,stages=2,weights=67371008,hash=7025a0a3a850bfe7",1,"depth counts player layers; depth 1 = player move, spawn, evaluator",custom,0,0,none,30129,132880,5571,13,8192,0.0046465830000000001,9674426,0
2026-08-25T05:40:53.462Z,unavailable,Release,N1-fixed,N1,,"N1:ntuple-td-learned:experiments/weights/n4_stage2_100k.bin:tuples=4+4+6+6,active=32,stages=2,weights=67371008,hash=7025a0a3a850bfe7",1,"depth counts player layers; depth 1 = player move, spawn, evaluator",custom,0,0,none,30130,79892,3694,12,4096,0.0030900419999999999,9674426,0
2026-08-25T05:40:53.462Z,unavailable,Release,N1-fixed,N1,,"N1:ntuple-td-learned:experiments/weights/n4_stage2_100k.bin:tuples=4+4+6+6,active=32,stages=2,weights=67371008,hash=7025a0a3a850bfe7",1,"depth counts player layers; depth 1 = player move, spawn, evaluator",custom,0,0,none,30131,132224,5519,13,8192,0.0044955000000000004,9674426,0
2026-08-25T05:40:53.462Z,unavailable,Release,N1-fixed,N1,,"N1:ntuple-td-learned:experiments/weights/n4_stage2_100k.bin:tuples=4+4+6+6,active=32,stages=2,weights=67371008,hash=7025a0a3a850bfe7",1,"depth counts player layers; depth 1 = player move, spawn, evaluator",custom,0,0,none,30132,14480,844,10,1024,0.00082824999999999999,9674426,0
2026-08-25T05:40:53.462Z,unavailable,Release,N1-fixed,N1,,"N1:ntuple-td-learned:experiments/weights/n4_stage2_100k.bin:tuples=4+4+6+6,active=32,stages=2,weights=67371008,hash=7025a0a3a850bfe7",1,"depth counts player layers; depth 1 = player move, spawn, evaluator",custom,0,0,none,30133,172700,7190,13,8192,0.0061227089999999996,9674426,0
2026-08-25T05:40:53.462Z,unavailable,Release,N1-fixed,N1,,"N1:ntuple-td-learned:experiments/weights/n4_stage2_100k.bin:tuples=4+4+6+6,active=32,stages=2,weights=67371008,hash=7025a0a3a850bfe7",1,"depth counts player layers; depth 1 = player move, spawn, evaluator",custom,0,0,none,30134,80572,3742,12,4096,0.003061041,9674426,0
2026-08-25T05:40:53.462Z,unavailable,Release,N1-fixed,N1,,"N1:ntuple-td-learned:experiments/weights/n4_stage2_100k.bin:tuples=4+4+6+6,active=32,stages=2,weights=67371008,hash=7025a0a3a850bfe7",1,"depth counts player layers; depth 1 = player move, spawn, evaluator",custom,0,0,none,30135,67544,3045,12,4096,0.0025150419999999999,9674426,0
2026-08-25T05:40:53.462Z,unavailable,Release,N1-fixed,N1,,"N1:ntuple-td-learned:experiments/weights/n4_stage2_100k.bin:tuples=4+4+6+6,active=32,stages=2,weights=67371008,hash=7025a0a3a850bfe7",1,"depth counts player layers; depth 1 = player move, spawn, evaluator",custom,0,0,none,30136,163968,6734,13,8192,0.0056817500000000002,9674426,0
2026-08-25T05:40:53.462Z,unavailable,Release,N1-fixed,N1,,"N1:ntuple-td-learned:experiments/weights/n4_stage2_100k.bin:tuples=4+4+6+6,active=32,stages=2,weights=67371008,hash=7025a0a3a850bfe7",1,"depth counts player layers; depth 1 = player move, spawn, evaluator",custom,0,0,none,30137,132712,5570,13,8192,0.0045891669999999999,9674426,0
2026-08-25T05:40:53.462Z,unavailable,Release,N1-fixed,N1,,"N1:ntuple-td-learned:experiments/weights/n4_stage2_100k.bin:tuples=4+4+6+6,active=32,stages=2,weights=67371008,hash=7025a0a3a850bfe7",1,"depth counts player layers; depth 1 = player move, spawn, evaluator",custom,0,0,none,30138,37188,1951,11,2048,0.001647208,9674426,0
2026-08-25T05:40:53.462Z,unavailable,Release,N1-fixed,N1,,"N1:ntuple-td-learned:experiments/weights/n4_stage2_100k.bin:tuples=4+4+6+6,active=32,stages=2,weights=67371008,hash=7025a0a3a850bfe7",1,"depth counts player layers; depth 1 = player move, spawn, evaluator",custom,0,0,none,30139,44588,2305,11,2048,0.001863333,9674426,0
2026-08-25T05:40:53.462Z,unavailable,Release,N1-fixed,N1,,"N1:ntuple-td-learned:experiments/weights/n4_stage2_100k.bin:tuples=4+4+6+6,active=32,stages=2,weights=67371008,hash=7025a0a3a850bfe7",1,"depth counts player layers; depth 1 = player move, spawn, evaluator",custom,0,0,none,30140,77588,3576,12,4096,0.0029897909999999999,9674426,0
2026-08-25T05:40:53.462Z,unavailable,Release,N1-fixed,N1,,"N1:ntuple-td-learned:experiments/weights/n4_stage2_100k.bin:tuples=4+4+6+6,active=32,stages=2,weights=67371008,hash=7025a0a3a850bfe7",1,"depth counts player layers; depth 1 = player move, spawn, evaluator",custom,0,0,none,30141,152844,6285,13,8192,0.0052798339999999997,9674426,0
2026-08-25T05:40:53.462Z,unavailable,Release,N1-fixed,N1,,"N1:ntuple-td-learned:experiments/weights/n4_stage2_100k.bin:tuples=4+4+6+6,active=32,stages=2,weights=67371008,hash=7025a0a3a850bfe7",1,"depth counts player layers; depth 1 = player move, spawn, evaluator",custom,0,0,none,30142,152224,6239,13,8192,0.0054957909999999999,9674426,0
2026-08-25T05:40:53.462Z,unavailable,Release,N1-fixed,N1,,"N1:ntuple-td-learned:experiments/weights/n4_stage2_100k.bin:tuples=4+4+6+6,active=32,stages=2,weights=67371008,hash=7025a0a3a850bfe7",1,"depth counts player layers; depth 1 = player move, spawn, evaluator",custom,0,0,none,30143,77912,3543,12,4096,0.0032320840000000001,9674426,0
2026-08-25T05:40:53.462Z,unavailable,Release,N1-fixed,N1,,"N1:ntuple-td-learned:experiments/weights/n4_stage2_100k.bin:tuples=4+4+6+6,active=32,stages=2,weights=67371008,hash=7025a0a3a850bfe7",1,"depth counts player layers; depth 1 = player move, spawn, evaluator",custom,0,0,none,30144,120580,4947,13,8192,0.0043202500000000003,9674426,0
2026-08-25T05:40:53.462Z,unavailable,Release,N1-fixed,N1,,"N1:ntuple-td-learned:experiments/weights/n4_stage2_100k.bin:tuples=4+4+6+6,active=32,stages=2,weights=67371008,hash=7025a0a3a850bfe7",1,"depth counts player layers; depth 1 = player move, spawn, evaluator",custom,0,0,none,30145,51344,2340,12,4096,0.0020680830000000001,9674426,0
2026-08-25T05:40:53.462Z,unavailable,Release,N1-fixed,N1,,"N1:ntuple-td-learned:experiments/weights/n4_stage2_100k.bin:tuples=4+4+6+6,active=32,stages=2,weights=67371008,hash=7025a0a3a850bfe7",1,"depth counts player layers; depth 1 = player move, spawn, evaluator",custom,0,0,none,30146,3148,256,8,256,0.00022962500000000001,9674426,0
2026-08-25T05:40:53.462Z,unavailable,Release,N1-fixed,N1,,"N1:ntuple-td-learned:experiments/weights/n4_stage2_100k.bin:tuples=4+4+6+6,active=32,stages=2,weights=67371008,hash=7025a0a3a850bfe7",1,"depth counts player layers; depth 1 = player move, spawn, evaluator",custom,0,0,none,30147,71300,3232,12,4096,0.002835083,9674426,0
2026-08-25T05:40:53.462Z,unavailable,Release,N1-fixed,N1,,"N1:ntuple-td-learned:experiments/weights/n4_stage2_100k.bin:tuples=4+4+6+6,active=32,stages=2,weights=67371008,hash=7025a0a3a850bfe7",1,"depth counts player layers; depth 1 = player move, spawn, evaluator",custom,0,0,none,30148,132052,5522,13,8192,0.0047342920000000002,9674426,0
2026-08-25T05:40:53.462Z,unavailable,Release,N1-fixed,N1,,"N1:ntuple-td-learned:experiments/weights/n4_stage2_100k.bin:tuples=4+4+6+6,active=32,stages=2,weights=67371008,hash=7025a0a3a850bfe7",1,"depth counts player layers; depth 1 = player move, spawn, evaluator",custom,0,0,none,30149,76040,3480,12,4096,0.0029801670000000001,9674426,0
2026-08-25T05:40:53.462Z,unavailable,Release,N1-fixed,N1,,"N1:ntuple-td-learned:experiments/weights/n4_stage2_100k.bin:tuples=4+4+6+6,active=32,stages=2,weights=67371008,hash=7025a0a3a850bfe7",1,"depth counts player layers; depth 1 = player move, spawn, evaluator",custom,0,0,none,30150,67992,3090,12,4096,0.0026887500000000002,9674426,0
2026-08-25T05:40:53.462Z,unavailable,Release,N1-fixed,N1,,"N1:ntuple-td-learned:experiments/weights/n4_stage2_100k.bin:tuples=4+4+6+6,active=32,stages=2,weights=67371008,hash=7025a0a3a850bfe7",1,"depth counts player layers; depth 1 = player move, spawn, evaluator",custom,0,0,none,30151,78032,3568,12,4096,0.0029878750000000001,9674426,0
2026-08-25T05:40:53.462Z,unavailable,Release,N1-fixed,N1,,"N1:ntuple-td-learned:experiments/weights/n4_stage2_100k.bin:tuples=4+4+6+6,active=32,stages=2,weights=67371008,hash=7025a0a3a850bfe7",1,"depth counts player layers; depth 1 = player move, spawn, evaluator",custom,0,0,none,30152,168032,6940,13,8192,0.0058600420000000002,9674426,0
2026-08-25T05:40:53.462Z,unavailable,Release,N1-fixed,N1,,"N1:ntuple-td-learned:experiments/weights/n4_stage2_100k.bin:tuples=4+4+6+6,active=32,stages=2,weights=67371008,hash=7025a0a3a850bfe7",1,"depth counts player layers; depth 1 = player move, spawn, evaluator",custom,0,0,none,30153,130656,5443,13,8192,0.0048222500000000001,9674426,0
2026-08-25T05:40:53.462Z,unavailable,Release,N1-fixed,N1,,"N1:ntuple-td-learned:experiments/weights/n4_stage2_100k.bin:tuples=4+4+6+6,active=32,stages=2,weights=67371008,hash=7025a0a3a850bfe7",1,"depth counts player layers; depth 1 = player move, spawn, evaluator",custom,0,0,none,30154,72012,3325,12,4096,0.0029277499999999998,9674426,0
2026-08-25T05:40:53.462Z,unavailable,Release,N1-fixed,N1,,"N1:ntuple-td-learned:experiments/weights/n4_stage2_100k.bin:tuples=4+4+6+6,active=32,stages=2,weights=67371008,hash=7025a0a3a850bfe7",1,"depth counts player layers; depth 1 = player move, spawn, evaluator",custom,0,0,none,30155,15672,918,10,1024,0.00084366699999999998,9674426,0
2026-08-25T05:40:53.462Z,unavailable,Release,N1-fixed,N1,,"N1:ntuple-td-learned:experiments/weights/n4_stage2_100k.bin:tuples=4+4+6+6,active=32,stages=2,weights=67371008,hash=7025a0a3a850bfe7",1,"depth counts player layers; depth 1 = player move, spawn, evaluator",custom,0,0,none,30156,16556,992,10,1024,0.00089979100000000005,9674426,0
2026-08-25T05:40:53.462Z,unavailable,Release,N1-fixed,N1,,"N1:ntuple-td-learned:experiments/weights/n4_stage2_100k.bin:tuples=4+4+6+6,active=32,stages=2,weights=67371008,hash=7025a0a3a850bfe7",1,"depth counts player layers; depth 1 = player move, spawn, evaluator",custom,0,0,none,30157,127796,5247,13,8192,0.0045190409999999997,9674426,0
2026-08-25T05:40:53.462Z,unavailable,Release,N1-fixed,N1,,"N1:ntuple-td-learned:experiments/weights/n4_stage2_100k.bin:tuples=4+4+6+6,active=32,stages=2,weights=67371008,hash=7025a0a3a850bfe7",1,"depth counts player layers; depth 1 = player move, spawn, evaluator",custom,0,0,none,30158,75364,3484,12,4096,0.0030727079999999999,9674426,0
2026-08-25T05:40:53.462Z,unavailable,Release,N1-fixed,N1,,"N1:ntuple-td-learned:experiments/weights/n4_stage2_100k.bin:tuples=4+4+6+6,active=32,stages=2,weights=67371008,hash=7025a0a3a850bfe7",1,"depth counts player layers; depth 1 = player move, spawn, evaluator",custom,0,0,none,30159,102524,4127,13,8192,0.0035362919999999999,9674426,0
2026-08-25T05:40:53.462Z,unavailable,Release,N1-fixed,N1,,"N1:ntuple-td-learned:experiments/weights/n4_stage2_100k.bin:tuples=4+4+6+6,active=32,stages=2,weights=67371008,hash=7025a0a3a850bfe7",1,"depth counts player layers; depth 1 = player move, spawn, evaluator",custom,0,0,none,30160,128904,5342,13,8192,0.0046913329999999998,9674426,0
2026-08-25T05:40:53.462Z,unavailable,Release,N1-fixed,N1,,"N1:ntuple-td-learned:experiments/weights/n4_stage2_100k.bin:tuples=4+4+6+6,active=32,stages=2,weights=67371008,hash=7025a0a3a850bfe7",1,"depth counts player layers; depth 1 = player move, spawn, evaluator",custom,0,0,none,30161,32908,1694,11,2048,0.001556083,9674426,0
2026-08-25T05:40:53.462Z,unavailable,Release,N1-fixed,N1,,"N1:ntuple-td-learned:experiments/weights/n4_stage2_100k.bin:tuples=4+4+6+6,active=32,stages=2,weights=67371008,hash=7025a0a3a850bfe7",1,"depth counts player layers; depth 1 = player move, spawn, evaluator",custom,0,0,none,30162,77980,3554,12,4096,0.0030422499999999998,9674426,0
2026-08-25T05:40:53.462Z,unavailable,Release,N1-fixed,N1,,"N1:ntuple-td-learned:experiments/weights/n4_stage2_100k.bin:tuples=4+4+6+6,active=32,stages=2,weights=67371008,hash=7025a0a3a850bfe7",1,"depth counts player layers; depth 1 = player move, spawn, evaluator",custom,0,0,none,30163,80612,3758,12,4096,0.0032187499999999998,9674426,0
2026-08-25T05:40:53.462Z,unavailable,Release,N1-fixed,N1,,"N1:ntuple-td-learned:experiments/weights/n4_stage2_100k.bin:tuples=4+4+6+6,active=32,stages=2,weights=67371008,hash=7025a0a3a850bfe7",1,"depth counts player layers; depth 1 = player move, spawn, evaluator",custom,0,0,none,30164,168912,7015,13,8192,0.0056370409999999998,9674426,0
2026-08-25T05:40:53.462Z,unavailable,Release,N1-fixed,N1,,"N1:ntuple-td-learned:experiments/weights/n4_stage2_100k.bin:tuples=4+4+6+6,active=32,stages=2,weights=67371008,hash=7025a0a3a850bfe7",1,"depth counts player layers; depth 1 = player move, spawn, evaluator",custom,0,0,none,30165,132660,5548,13,8192,0.0046597920000000003,9674426,0
2026-08-25T05:40:53.462Z,unavailable,Release,N1-fixed,N1,,"N1:ntuple-td-learned:experiments/weights/n4_stage2_100k.bin:tuples=4+4+6+6,active=32,stages=2,weights=67371008,hash=7025a0a3a850bfe7",1,"depth counts player layers; depth 1 = player move, spawn, evaluator",custom,0,0,none,30166,135264,5750,13,8192,0.0048809999999999999,9674426,0
2026-08-25T05:40:53.462Z,unavailable,Release,N1-fixed,N1,,"N1:ntuple-td-learned:experiments/weights/n4_stage2_100k.bin:tuples=4+4+6+6,active=32,stages=2,weights=67371008,hash=7025a0a3a850bfe7",1,"depth counts player layers; depth 1 = player move, spawn, evaluator",custom,0,0,none,30167,11624,690,10,1024,0.00068562500000000004,9674426,0
2026-08-25T05:40:53.462Z,unavailable,Release,N1-fixed,N1,,"N1:ntuple-td-learned:experiments/weights/n4_stage2_100k.bin:tuples=4+4+6+6,active=32,stages=2,weights=67371008,hash=7025a0a3a850bfe7",1,"depth counts player layers; depth 1 = player move, spawn, evaluator",custom,0,0,none,30168,14744,865,10,1024,0.00075124999999999996,9674426,0
2026-08-25T05:40:53.462Z,unavailable,Release,N1-fixed,N1,,"N1:ntuple-td-learned:experiments/weights/n4_stage2_100k.bin:tuples=4+4+6+6,active=32,stages=2,weights=67371008,hash=7025a0a3a850bfe7",1,"depth counts player layers; depth 1 = player move, spawn, evaluator",custom,0,0,none,30169,134276,5649,13,8192,0.0048793339999999999,9674426,0
2026-08-25T05:40:53.462Z,unavailable,Release,N1-fixed,N1,,"N1:ntuple-td-learned:experiments/weights/n4_stage2_100k.bin:tuples=4+4+6+6,active=32,stages=2,weights=67371008,hash=7025a0a3a850bfe7",1,"depth counts player layers; depth 1 = player move, spawn, evaluator",custom,0,0,none,30170,16060,944,10,1024,0.00097000000000000005,9674426,0
2026-08-25T05:40:53.462Z,unavailable,Release,N1-fixed,N1,,"N1:ntuple-td-learned:experiments/weights/n4_stage2_100k.bin:tuples=4+4+6+6,active=32,stages=2,weights=67371008,hash=7025a0a3a850bfe7",1,"depth counts player layers; depth 1 = player move, spawn, evaluator",custom,0,0,none,30171,80544,3735,12,4096,0.0032916249999999998,9674426,0
2026-08-25T05:40:53.462Z,unavailable,Release,N1-fixed,N1,,"N1:ntuple-td-learned:experiments/weights/n4_stage2_100k.bin:tuples=4+4+6+6,active=32,stages=2,weights=67371008,hash=7025a0a3a850bfe7",1,"depth counts player layers; depth 1 = player move, spawn, evaluator",custom,0,0,none,30172,80340,3727,12,4096,0.0033031250000000001,9674426,0
2026-08-25T05:40:53.462Z,unavailable,Release,N1-fixed,N1,,"N1:ntuple-td-learned:experiments/weights/n4_stage2_100k.bin:tuples=4+4+6+6,active=32,stages=2,weights=67371008,hash=7025a0a3a850bfe7",1,"depth counts player layers; depth 1 = player move, spawn, evaluator",custom,0,0,none,30173,50864,2305,12,4096,0.0022357499999999999,9674426,0
2026-08-25T05:40:53.462Z,unavailable,Release,N1-fixed,N1,,"N1:ntuple-td-learned:experiments/weights/n4_stage2_100k.bin:tuples=4+4+6+6,active=32,stages=2,weights=67371008,hash=7025a0a3a850bfe7",1,"depth counts player layers; depth 1 = player move, spawn, evaluator",custom,0,0,none,30174,80604,3755,12,4096,0.0034067500000000001,9674426,0
2026-08-25T05:40:53.462Z,unavailable,Release,N1-fixed,N1,,"N1:ntuple-td-learned:experiments/weights/n4_stage2_100k.bin:tuples=4+4+6+6,active=32,stages=2,weights=67371008,hash=7025a0a3a850bfe7",1,"depth counts player layers; depth 1 = player move, spawn, evaluator",custom,0,0,none,30175,123912,5122,13,8192,0.0045950829999999998,9674426,0
2026-08-25T05:40:53.462Z,unavailable,Release,N1-fixed,N1,,"N1:ntuple-td-learned:experiments/weights/n4_stage2_100k.bin:tuples=4+4+6+6,active=32,stages=2,weights=67371008,hash=7025a0a3a850bfe7",1,"depth counts player layers; depth 1 = player move, spawn, evaluator",custom,0,0,none,30176,36040,1848,11,2048,0.0016609999999999999,9674426,0
2026-08-25T05:40:53.462Z,unavailable,Release,N1-fixed,N1,,"N1:ntuple-td-learned:experiments/weights/n4_stage2_100k.bin:tuples=4+4+6+6,active=32,stages=2,weights=67371008,hash=7025a0a3a850bfe7",1,"depth counts player layers; depth 1 = player move, spawn, evaluator",custom,0,0,none,30177,68332,3114,12,4096,0.0027099170000000001,9674426,0
2026-08-25T05:40:53.462Z,unavailable,Release,N1-fixed,N1,,"N1:ntuple-td-learned:experiments/weights/n4_stage2_100k.bin:tuples=4+4+6+6,active=32,stages=2,weights=67371008,hash=7025a0a3a850bfe7",1,"depth counts player layers; depth 1 = player move, spawn, evaluator",custom,0,0,none,30178,131456,5519,13,8192,0.0047945000000000002,9674426,0
2026-08-25T05:40:53.462Z,unavailable,Release,N1-fixed,N1,,"N1:ntuple-td-learned:experiments/weights/n4_stage2_100k.bin:tuples=4+4+6+6,active=32,stages=2,weights=67371008,hash=7025a0a3a850bfe7",1,"depth counts player layers; depth 1 = player move, spawn, evaluator",custom,0,0,none,30179,148908,6134,13,8192,0.0052193750000000001,9674426,0
2026-08-25T05:40:53.462Z,unavailable,Release,N1-fixed,N1,,"N1:ntuple-td-learned:experiments/weights/n4_stage2_100k.bin:tuples=4+4+6+6,active=32,stages=2,weights=67371008,hash=7025a0a3a850bfe7",1,"depth counts player layers; depth 1 = player move, spawn, evaluator",custom,0,0,none,30180,127756,5310,13,8192,0.004684583,9674426,0
2026-08-25T05:40:53.462Z,unavailable,Release,N1-fixed,N1,,"N1:ntuple-td-learned:experiments/weights/n4_stage2_100k.bin:tuples=4+4+6+6,active=32,stages=2,weights=67371008,hash=7025a0a3a850bfe7",1,"depth counts player layers; depth 1 = player move, spawn, evaluator",custom,0,0,none,30181,71912,3313,12,4096,0.0030143750000000001,9674426,0
2026-08-25T05:40:53.462Z,unavailable,Release,N1-fixed,N1,,"N1:ntuple-td-learned:experiments/weights/n4_stage2_100k.bin:tuples=4+4+6+6,active=32,stages=2,weights=67371008,hash=7025a0a3a850bfe7",1,"depth counts player layers; depth 1 = player move, spawn, evaluator",custom,0,0,none,30182,64252,3019,12,4096,0.0026809999999999998,9674426,0
2026-08-25T05:40:53.462Z,unavailable,Release,N1-fixed,N1,,"N1:ntuple-td-learned:experiments/weights/n4_stage2_100k.bin:tuples=4+4+6+6,active=32,stages=2,weights=67371008,hash=7025a0a3a850bfe7",1,"depth counts player layers; depth 1 = player move, spawn, evaluator",custom,0,0,none,30183,131364,5493,13,8192,0.0047962500000000002,9674426,0
2026-08-25T05:40:53.462Z,unavailable,Release,N1-fixed,N1,,"N1:ntuple-td-learned:experiments/weights/n4_stage2_100k.bin:tuples=4+4+6+6,active=32,stages=2,weights=67371008,hash=7025a0a3a850bfe7",1,"depth counts player layers; depth 1 = player move, spawn, evaluator",custom,0,0,none,30184,173096,7210,13,8192,0.0061990409999999998,9674426,0
2026-08-25T05:40:53.462Z,unavailable,Release,N1-fixed,N1,,"N1:ntuple-td-learned:experiments/weights/n4_stage2_100k.bin:tuples=4+4+6+6,active=32,stages=2,weights=67371008,hash=7025a0a3a850bfe7",1,"depth counts player layers; depth 1 = player move, spawn, evaluator",custom,0,0,none,30185,38644,2044,11,2048,0.0019710410000000002,9674426,0
2026-08-25T05:40:53.462Z,unavailable,Release,N1-fixed,N1,,"N1:ntuple-td-learned:experiments/weights/n4_stage2_100k.bin:tuples=4+4+6+6,active=32,stages=2,weights=67371008,hash=7025a0a3a850bfe7",1,"depth counts player layers; depth 1 = player move, spawn, evaluator",custom,0,0,none,30186,32220,1634,11,2048,0.0015375409999999999,9674426,0
2026-08-25T05:40:53.462Z,unavailable,Release,N1-fixed,N1,,"N1:ntuple-td-learned:experiments/weights/n4_stage2_100k.bin:tuples=4+4+6+6,active=32,stages=2,weights=67371008,hash=7025a0a3a850bfe7",1,"depth counts player layers; depth 1 = player move, spawn, evaluator",custom,0,0,none,30187,132216,5524,13,8192,0.0048648329999999998,9674426,0
2026-08-25T05:40:53.462Z,unavailable,Release,N1-fixed,N1,,"N1:ntuple-td-learned:experiments/weights/n4_stage2_100k.bin:tuples=4+4+6+6,active=32,stages=2,weights=67371008,hash=7025a0a3a850bfe7",1,"depth counts player layers; depth 1 = player move, spawn, evaluator",custom,0,0,none,30188,27108,1402,11,2048,0.00124675,9674426,0
2026-08-25T05:40:53.462Z,unavailable,Release,N1-fixed,N1,,"N1:ntuple-td-learned:experiments/weights/n4_stage2_100k.bin:tuples=4+4+6+6,active=32,stages=2,weights=67371008,hash=7025a0a3a850bfe7",1,"depth counts player layers; depth 1 = player move, spawn, evaluator",custom,0,0,none,30189,80520,3745,12,4096,0.0031522920000000001,9674426,0
2026-08-25T05:40:53.462Z,unavailable,Release,N1-fixed,N1,,"N1:ntuple-td-learned:experiments/weights/n4_stage2_100k.bin:tuples=4+4+6+6,active=32,stages=2,weights=67371008,hash=7025a0a3a850bfe7",1,"depth counts player layers; depth 1 = player move, spawn, evaluator",custom,0,0,none,30190,132700,5570,13,8192,0.0048257500000000002,9674426,0
2026-08-25T05:40:53.462Z,unavailable,Release,N1-fixed,N1,,"N1:ntuple-td-learned:experiments/weights/n4_stage2_100k.bin:tuples=4+4+6+6,active=32,stages=2,weights=67371008,hash=7025a0a3a850bfe7",1,"depth counts player layers; depth 1 = player move, spawn, evaluator",custom,0,0,none,30191,120376,4942,13,8192,0.0044201249999999996,9674426,0
2026-08-25T05:40:53.462Z,unavailable,Release,N1-fixed,N1,,"N1:ntuple-td-learned:experiments/weights/n4_stage2_100k.bin:tuples=4+4+6+6,active=32,stages=2,weights=67371008,hash=7025a0a3a850bfe7",1,"depth counts player layers; depth 1 = player move, spawn, evaluator",custom,0,0,none,30192,153788,6335,13,8192,0.0054179579999999996,9674426,0
2026-08-25T05:40:53.462Z,unavailable,Release,N1-fixed,N1,,"N1:ntuple-td-learned:experiments/weights/n4_stage2_100k.bin:tuples=4+4+6+6,active=32,stages=2,weights=67371008,hash=7025a0a3a850bfe7",1,"depth counts player layers; depth 1 = player move, spawn, evaluator",custom,0,0,none,30193,113588,4729,13,8192,0.0041681670000000004,9674426,0
2026-08-25T05:40:53.462Z,unavailable,Release,N1-fixed,N1,,"N1:ntuple-td-learned:experiments/weights/n4_stage2_100k.bin:tuples=4+4+6+6,active=32,stages=2,weights=67371008,hash=7025a0a3a850bfe7",1,"depth counts player layers; depth 1 = player move, spawn, evaluator",custom,0,0,none,30194,60072,2773,12,4096,0.002668208,9674426,0
2026-08-25T05:40:53.462Z,unavailable,Release,N1-fixed,N1,,"N1:ntuple-td-learned:experiments/weights/n4_stage2_100k.bin:tuples=4+4+6+6,active=32,stages=2,weights=67371008,hash=7025a0a3a850bfe7",1,"depth counts player layers; depth 1 = player move, spawn, evaluator",custom,0,0,none,30195,164904,6836,13,8192,0.0062142500000000002,9674426,0
2026-08-25T05:40:53.462Z,unavailable,Release,N1-fixed,N1,,"N1:ntuple-td-learned:experiments/weights/n4_stage2_100k.bin:tuples=4+4+6+6,active=32,stages=2,weights=67371008,hash=7025a0a3a850bfe7",1,"depth counts player layers; depth 1 = player move, spawn, evaluator",custom,0,0,none,30196,27336,1425,11,2048,0.0014537910000000001,9674426,0
2026-08-25T05:40:53.462Z,unavailable,Release,N1-fixed,N1,,"N1:ntuple-td-learned:experiments/weights/n4_stage2_100k.bin:tuples=4+4+6+6,active=32,stages=2,weights=67371008,hash=7025a0a3a850bfe7",1,"depth counts player layers; depth 1 = player move, spawn, evaluator",custom,0,0,none,30197,39396,1974,11,2048,0.00184625,9674426,0
2026-08-25T05:40:53.462Z,unavailable,Release,N1-fixed,N1,,"N1:ntuple-td-learned:experiments/weights/n4_stage2_100k.bin:tuples=4+4+6+6,active=32,stages=2,weights=67371008,hash=7025a0a3a850bfe7",1,"depth counts player layers; depth 1 = player move, spawn, evaluator",custom,0,0,none,30198,7468,523,9,512,0.00053950000000000005,9674426,0
2026-08-25T05:40:53.462Z,unavailable,Release,N1-fixed,N1,,"N1:ntuple-td-learned:experiments/weights/n4_stage2_100k.bin:tuples=4+4+6+6,active=32,stages=2,weights=67371008,hash=7025a0a3a850bfe7",1,"depth counts player layers; depth 1 = player move, spawn, evaluator",custom,0,0,none,30199,76672,3511,12,4096,0.0034261249999999999,9674426,0
2026-08-25T05:40:53.462Z,unavailable,Release,N1-fixed,N1,,"N1:ntuple-td-learned:experiments/weights/n4_stage2_100k.bin:tuples=4+4+6+6,active=32,stages=2,weights=67371008,hash=7025a0a3a850bfe7",1,"depth counts player layers; depth 1 = player move, spawn, evaluator",custom,0,0,none,30200,35536,1830,11,2048,0.0018558330000000001,9674426,0
2026-08-25T05:40:53.462Z,unavailable,Release,N1-fixed,N1,,"N1:ntuple-td-learned:experiments/weights/n4_stage2_100k.bin:tuples=4+4+6+6,active=32,stages=2,weights=67371008,hash=7025a0a3a850bfe7",1,"depth counts player layers; depth 1 = player move, spawn, evaluator",custom,0,0,none,30201,60448,2819,12,4096,0.0026643750000000001,9674426,0
2026-08-25T05:40:53.462Z,unavailable,Release,N1-fixed,N1,,"N1:ntuple-td-learned:experiments/weights/n4_stage2_100k.bin:tuples=4+4+6+6,active=32,stages=2,weights=67371008,hash=7025a0a3a850bfe7",1,"depth counts player layers; depth 1 = player move, spawn, evaluator",custom,0,0,none,30202,29628,1582,11,2048,0.001512708,9674426,0
2026-08-25T05:40:53.462Z,unavailable,Release,N1-fixed,N1,,"N1:ntuple-td-learned:experiments/weights/n4_stage2_100k.bin:tuples=4+4+6+6,active=32,stages=2,weights=67371008,hash=7025a0a3a850bfe7",1,"depth counts player layers; depth 1 = player move, spawn, evaluator",custom,0,0,none,30203,78384,3586,12,4096,0.0032575830000000001,9674426,0
2026-08-25T05:40:53.462Z,unavailable,Release,N1-fixed,N1,,"N1:ntuple-td-learned:experiments/weights/n4_stage2_100k.bin:tuples=4+4+6+6,active=32,stages=2,weights=67371008,hash=7025a0a3a850bfe7",1,"depth counts player layers; depth 1 = player move, spawn, evaluator",custom,0,0,none,30204,132796,5589,13,8192,0.0052789589999999997,9674426,0
2026-08-25T05:40:53.462Z,unavailable,Release,N1-fixed,N1,,"N1:ntuple-td-learned:experiments/weights/n4_stage2_100k.bin:tuples=4+4+6+6,active=32,stages=2,weights=67371008,hash=7025a0a3a850bfe7",1,"depth counts player layers; depth 1 = player move, spawn, evaluator",custom,0,0,none,30205,74840,3406,12,4096,0.003532917,9674426,0
2026-08-25T05:40:53.462Z,unavailable,Release,N1-fixed,N1,,"N1:ntuple-td-learned:experiments/weights/n4_stage2_100k.bin:tuples=4+4+6+6,active=32,stages=2,weights=67371008,hash=7025a0a3a850bfe7",1,"depth counts player layers; depth 1 = player move, spawn, evaluator",custom,0,0,none,30206,164304,6769,13,8192,0.0061580419999999999,9674426,0
2026-08-25T05:40:53.462Z,unavailable,Release,N1-fixed,N1,,"N1:ntuple-td-learned:experiments/weights/n4_stage2_100k.bin:tuples=4+4+6+6,active=32,stages=2,weights=67371008,hash=7025a0a3a850bfe7",1,"depth counts player layers; depth 1 = player move, spawn, evaluator",custom,0,0,none,30207,80572,3742,12,4096,0.0036177499999999999,9674426,0
2026-08-25T05:40:53.462Z,unavailable,Release,N1-fixed,N1,,"N1:ntuple-td-learned:experiments/weights/n4_stage2_100k.bin:tuples=4+4+6+6,active=32,stages=2,weights=67371008,hash=7025a0a3a850bfe7",1,"depth counts player layers; depth 1 = player move, spawn, evaluator",custom,0,0,none,30208,134240,5632,13,8192,0.0049593329999999998,9674426,0
2026-08-25T05:40:53.462Z,unavailable,Release,N1-fixed,N1,,"N1:ntuple-td-learned:experiments/weights/n4_stage2_100k.bin:tuples=4+4+6+6,active=32,stages=2,weights=67371008,hash=7025a0a3a850bfe7",1,"depth counts player layers; depth 1 = player move, spawn, evaluator",custom,0,0,none,30209,27920,1471,11,2048,0.00142,9674426,0
2026-08-25T05:40:53.462Z,unavailable,Release,N1-fixed,N1,,"N1:ntuple-td-learned:experiments/weights/n4_stage2_100k.bin:tuples=4+4+6+6,active=32,stages=2,weights=67371008,hash=7025a0a3a850bfe7",1,"depth counts player layers; depth 1 = player move, spawn, evaluator",custom,0,0,none,30210,67376,3021,12,4096,0.0027162079999999999,9674426,0
2026-08-25T05:40:53.462Z,unavailable,Release,N1-fixed,N1,,"N1:ntuple-td-learned:experiments/weights/n4_stage2_100k.bin:tuples=4+4+6+6,active=32,stages=2,weights=67371008,hash=7025a0a3a850bfe7",1,"depth counts player layers; depth 1 = player move, spawn, evaluator",custom,0,0,none,30211,80924,3781,12,4096,0.0031800000000000001,9674426,0
2026-08-25T05:40:53.462Z,unavailable,Release,N1-fixed,N1,,"N1:ntuple-td-learned:experiments/weights/n4_stage2_100k.bin:tuples=4+4+6+6,active=32,stages=2,weights=67371008,hash=7025a0a3a850bfe7",1,"depth counts player layers; depth 1 = player move, spawn, evaluator",custom,0,0,none,30212,11816,684,10,1024,0.00068312500000000003,9674426,0
2026-08-25T05:40:53.462Z,unavailable,Release,N1-fixed,N1,,"N1:ntuple-td-learned:experiments/weights/n4_stage2_100k.bin:tuples=4+4+6+6,active=32,stages=2,weights=67371008,hash=7025a0a3a850bfe7",1,"depth counts player layers; depth 1 = player move, spawn, evaluator",custom,0,0,none,30213,35848,1840,11,2048,0.001625916,9674426,0
2026-08-25T05:40:53.462Z,unavailable,Release,N1-fixed,N1,,"N1:ntuple-td-learned:experiments/weights/n4_stage2_100k.bin:tuples=4+4+6+6,active=32,stages=2,weights=67371008,hash=7025a0a3a850bfe7",1,"depth counts player layers; depth 1 = player move, spawn, evaluator",custom,0,0,none,30214,7728,525,9,512,0.00043100000000000001,9674426,0
2026-08-25T05:40:53.462Z,unavailable,Release,N1-fixed,N1,,"N1:ntuple-td-learned:experiments/weights/n4_stage2_100k.bin:tuples=4+4+6+6,active=32,stages=2,weights=67371008,hash=7025a0a3a850bfe7",1,"depth counts player layers; depth 1 = player move, spawn, evaluator",custom,0,0,none,30215,132888,5589,13,8192,0.0045231250000000002,9674426,0
2026-08-25T05:40:53.462Z,unavailable,Release,N1-fixed,N1,,"N1:ntuple-td-learned:experiments/weights/n4_stage2_100k.bin:tuples=4+4+6+6,active=32,stages=2,weights=67371008,hash=7025a0a3a850bfe7",1,"depth counts player layers; depth 1 = player move, spawn, evaluator",custom,0,0,none,30216,36224,1885,11,2048,0.0016649589999999999,9674426,0
2026-08-25T05:40:53.462Z,unavailable,Release,N1-fixed,N1,,"N1:ntuple-td-learned:experiments/weights/n4_stage2_100k.bin:tuples=4+4+6+6,active=32,stages=2,weights=67371008,hash=7025a0a3a850bfe7",1,"depth counts player layers; depth 1 = player move, spawn, evaluator",custom,0,0,none,30217,15936,928,10,1024,0.00077050000000000003,9674426,0
2026-08-25T05:40:53.462Z,unavailable,Release,N1-fixed,N1,,"N1:ntuple-td-learned:experiments/weights/n4_stage2_100k.bin:tuples=4+4+6+6,active=32,stages=2,weights=67371008,hash=7025a0a3a850bfe7",1,"depth counts player layers; depth 1 = player move, spawn, evaluator",custom,0,0,none,30218,133088,5607,13,8192,0.0046565840000000001,9674426,0
2026-08-25T05:40:53.462Z,unavailable,Release,N1-fixed,N1,,"N1:ntuple-td-learned:experiments/weights/n4_stage2_100k.bin:tuples=4+4+6+6,active=32,stages=2,weights=67371008,hash=7025a0a3a850bfe7",1,"depth counts player layers; depth 1 = player move, spawn, evaluator",custom,0,0,none,30219,161108,6652,13,8192,0.0054376659999999999,9674426,0
2026-08-25T05:40:53.462Z,unavailable,Release,N1-fixed,N1,,"N1:ntuple-td-learned:experiments/weights/n4_stage2_100k.bin:tuples=4+4+6+6,active=32,stages=2,weights=67371008,hash=7025a0a3a850bfe7",1,"depth counts player layers; depth 1 = player move, spawn, evaluator",custom,0,0,none,30220,80472,3737,12,4096,0.003141792,9674426,0
2026-08-25T05:40:53.462Z,unavailable,Release,N1-fixed,N1,,"N1:ntuple-td-learned:experiments/weights/n4_stage2_100k.bin:tuples=4+4+6+6,active=32,stages=2,weights=67371008,hash=7025a0a3a850bfe7",1,"depth counts player layers; depth 1 = player move, spawn, evaluator",custom,0,0,none,30221,36312,1888,11,2048,0.0016032500000000001,9674426,0
2026-08-25T05:40:53.462Z,unavailable,Release,N1-fixed,N1,,"N1:ntuple-td-learned:experiments/weights/n4_stage2_100k.bin:tuples=4+4+6+6,active=32,stages=2,weights=67371008,hash=7025a0a3a850bfe7",1,"depth counts player layers; depth 1 = player move, spawn, evaluator",custom,0,0,none,30222,45456,2353,11,2048,0.0018589170000000001,9674426,0
2026-08-25T05:40:53.462Z,unavailable,Release,N1-fixed,N1,,"N1:ntuple-td-learned:experiments/weights/n4_stage2_100k.bin:tuples=4+4+6+6,active=32,stages=2,weights=67371008,hash=7025a0a3a850bfe7",1,"depth counts player layers; depth 1 = player move, spawn, evaluator",custom,0,0,none,30223,103900,4200,13,8192,0.003431875,9674426,0
2026-08-25T05:40:53.462Z,unavailable,Release,N1-fixed,N1,,"N1:ntuple-td-learned:experiments/weights/n4_stage2_100k.bin:tuples=4+4+6+6,active=32,stages=2,weights=67371008,hash=7025a0a3a850bfe7",1,"depth counts player layers; depth 1 = player move, spawn, evaluator",custom,0,0,none,30224,143588,5792,13,8192,0.0052286249999999998,9674426,0
2026-08-25T05:40:53.462Z,unavailable,Release,N1-fixed,N1,,"N1:ntuple-td-learned:experiments/weights/n4_stage2_100k.bin:tuples=4+4+6+6,active=32,stages=2,weights=67371008,hash=7025a0a3a850bfe7",1,"depth counts player layers; depth 1 = player move, spawn, evaluator",custom,0,0,none,30225,130448,5474,13,8192,0.0048234999999999997,9674426,0
2026-08-25T05:40:53.462Z,unavailable,Release,N1-fixed,N1,,"N1:ntuple-td-learned:experiments/weights/n4_stage2_100k.bin:tuples=4+4+6+6,active=32,stages=2,weights=67371008,hash=7025a0a3a850bfe7",1,"depth counts player layers; depth 1 = player move, spawn, evaluator",custom,0,0,none,30226,76476,3498,12,4096,0.0030454169999999999,9674426,0
2026-08-25T05:40:53.462Z,unavailable,Release,N1-fixed,N1,,"N1:ntuple-td-learned:experiments/weights/n4_stage2_100k.bin:tuples=4+4+6+6,active=32,stages=2,weights=67371008,hash=7025a0a3a850bfe7",1,"depth counts player layers; depth 1 = player move, spawn, evaluator",custom,0,0,none,30227,70020,3181,12,4096,0.0026876669999999999,9674426,0
2026-08-25T05:40:53.462Z,unavailable,Release,N1-fixed,N1,,"N1:ntuple-td-learned:experiments/weights/n4_stage2_100k.bin:tuples=4+4+6+6,active=32,stages=2,weights=67371008,hash=7025a0a3a850bfe7",1,"depth counts player layers; depth 1 = player move, spawn, evaluator",custom,0,0,none,30228,57164,2638,12,4096,0.002142667,9674426,0
2026-08-25T05:40:53.462Z,unavailable,Release,N1-fixed,N1,,"N1:ntuple-td-learned:experiments/weights/n4_stage2_100k.bin:tuples=4+4+6+6,active=32,stages=2,weights=67371008,hash=7025a0a3a850bfe7",1,"depth counts player layers; depth 1 = player move, spawn, evaluator",custom,0,0,none,30229,15956,924,10,1024,0.00081883399999999995,9674426,0
2026-08-25T05:40:53.462Z,unavailable,Release,N1-fixed,N1,,"N1:ntuple-td-learned:experiments/weights/n4_stage2_100k.bin:tuples=4+4+6+6,active=32,stages=2,weights=67371008,hash=7025a0a3a850bfe7",1,"depth counts player layers; depth 1 = player move, spawn, evaluator",custom,0,0,none,30230,34432,1762,11,2048,0.001502125,9674426,0
2026-08-25T05:40:53.462Z,unavailable,Release,N1-fixed,N1,,"N1:ntuple-td-learned:experiments/weights/n4_stage2_100k.bin:tuples=4+4+6+6,active=32,stages=2,weights=67371008,hash=7025a0a3a850bfe7",1,"depth counts player layers; depth 1 = player move, spawn, evaluator",custom,0,0,none,30231,80244,3692,12,4096,0.0030807920000000002,9674426,0
2026-08-25T05:40:53.462Z,unavailable,Release,N1-fixed,N1,,"N1:ntuple-td-learned:experiments/weights/n4_stage2_100k.bin:tuples=4+4+6+6,active=32,stages=2,weights=67371008,hash=7025a0a3a850bfe7",1,"depth counts player layers; depth 1 = player move, spawn, evaluator",custom,0,0,none,30232,78360,3581,12,4096,0.002930209,9674426,0
2026-08-25T05:40:53.462Z,unavailable,Release,N1-fixed,N1,,"N1:ntuple-td-learned:experiments/weights/n4_stage2_100k.bin:tuples=4+4+6+6,active=32,stages=2,weights=67371008,hash=7025a0a3a850bfe7",1,"depth counts player layers; depth 1 = player move, spawn, evaluator",custom,0,0,none,30233,74988,3417,12,4096,0.0028447920000000001,9674426,0
2026-08-25T05:40:53.462Z,unavailable,Release,N1-fixed,N1,,"N1:ntuple-td-learned:experiments/weights/n4_stage2_100k.bin:tuples=4+4+6+6,active=32,stages=2,weights=67371008,hash=7025a0a3a850bfe7",1,"depth counts player layers; depth 1 = player move, spawn, evaluator",custom,0,0,none,30234,78140,3583,12,4096,0.0030512500000000001,9674426,0
2026-08-25T05:40:53.462Z,unavailable,Release,N1-fixed,N1,,"N1:ntuple-td-learned:experiments/weights/n4_stage2_100k.bin:tuples=4+4+6+6,active=32,stages=2,weights=67371008,hash=7025a0a3a850bfe7",1,"depth counts player layers; depth 1 = player move, spawn, evaluator",custom,0,0,none,30235,79404,3639,12,4096,0.0032249169999999999,9674426,0
2026-08-25T05:40:53.462Z,unavailable,Release,N1-fixed,N1,,"N1:ntuple-td-learned:experiments/weights/n4_stage2_100k.bin:tuples=4+4+6+6,active=32,stages=2,weights=67371008,hash=7025a0a3a850bfe7",1,"depth counts player layers; depth 1 = player move, spawn, evaluator",custom,0,0,none,30236,71624,3297,12,4096,0.002886792,9674426,0
2026-08-25T05:40:53.462Z,unavailable,Release,N1-fixed,N1,,"N1:ntuple-td-learned:experiments/weights/n4_stage2_100k.bin:tuples=4+4+6+6,active=32,stages=2,weights=67371008,hash=7025a0a3a850bfe7",1,"depth counts player layers; depth 1 = player move, spawn, evaluator",custom,0,0,none,30237,60240,2767,12,4096,0.0024792500000000001,9674426,0
2026-08-25T05:40:53.462Z,unavailable,Release,N1-fixed,N1,,"N1:ntuple-td-learned:experiments/weights/n4_stage2_100k.bin:tuples=4+4+6+6,active=32,stages=2,weights=67371008,hash=7025a0a3a850bfe7",1,"depth counts player layers; depth 1 = player move, spawn, evaluator",custom,0,0,none,30238,3128,257,8,256,0.000243625,9674426,0
2026-08-25T05:40:53.462Z,unavailable,Release,N1-fixed,N1,,"N1:ntuple-td-learned:experiments/weights/n4_stage2_100k.bin:tuples=4+4+6+6,active=32,stages=2,weights=67371008,hash=7025a0a3a850bfe7",1,"depth counts player layers; depth 1 = player move, spawn, evaluator",custom,0,0,none,30239,71468,3288,12,4096,0.0028925410000000002,9674426,0
2026-08-25T05:40:53.462Z,unavailable,Release,N1-fixed,N1,,"N1:ntuple-td-learned:experiments/weights/n4_stage2_100k.bin:tuples=4+4+6+6,active=32,stages=2,weights=67371008,hash=7025a0a3a850bfe7",1,"depth counts player layers; depth 1 = player move, spawn, evaluator",custom,0,0,none,30240,169424,7043,13,8192,0.0059766660000000003,9674426,0
2026-08-25T05:40:53.462Z,unavailable,Release,N1-fixed,N1,,"N1:ntuple-td-learned:experiments/weights/n4_stage2_100k.bin:tuples=4+4+6+6,active=32,stages=2,weights=67371008,hash=7025a0a3a850bfe7",1,"depth counts player layers; depth 1 = player move, spawn, evaluator",custom,0,0,none,30241,140288,5862,13,8192,0.005132625,9674426,0
2026-08-25T05:40:53.462Z,unavailable,Release,N1-fixed,N1,,"N1:ntuple-td-learned:experiments/weights/n4_stage2_100k.bin:tuples=4+4+6+6,active=32,stages=2,weights=67371008,hash=7025a0a3a850bfe7",1,"depth counts player layers; depth 1 = player move, spawn, evaluator",custom,0,0,none,30242,175108,7277,13,8192,0.006358458,9674426,0
2026-08-25T05:40:53.462Z,unavailable,Release,N1-fixed,N1,,"N1:ntuple-td-learned:experiments/weights/n4_stage2_100k.bin:tuples=4+4+6+6,active=32,stages=2,weights=67371008,hash=7025a0a3a850bfe7",1,"depth counts player layers; depth 1 = player move, spawn, evaluator",custom,0,0,none,30243,162484,6807,13,8192,0.0064908750000000001,9674426,0
2026-08-25T05:40:53.462Z,unavailable,Release,N1-fixed,N1,,"N1:ntuple-td-learned:experiments/weights/n4_stage2_100k.bin:tuples=4+4+6+6,active=32,stages=2,weights=67371008,hash=7025a0a3a850bfe7",1,"depth counts player layers; depth 1 = player move, spawn, evaluator",custom,0,0,none,30244,78940,3623,12,4096,0.0033452920000000001,9674426,0
2026-08-25T05:40:53.462Z,unavailable,Release,N1-fixed,N1,,"N1:ntuple-td-learned:experiments/weights/n4_stage2_100k.bin:tuples=4+4+6+6,active=32,stages=2,weights=67371008,hash=7025a0a3a850bfe7",1,"depth counts player layers; depth 1 = player move, spawn, evaluator",custom,0,0,none,30245,81096,3778,12,4096,0.0031932079999999999,9674426,0
2026-08-25T05:40:53.462Z,unavailable,Release,N1-fixed,N1,,"N1:ntuple-td-learned:experiments/weights/n4_stage2_100k.bin:tuples=4+4+6+6,active=32,stages=2,weights=67371008,hash=7025a0a3a850bfe7",1,"depth counts player layers; depth 1 = player move, spawn, evaluator",custom,0,0,none,30246,66664,2979,12,4096,0.002648334,9674426,0
2026-08-25T05:40:53.462Z,unavailable,Release,N1-fixed,N1,,"N1:ntuple-td-learned:experiments/weights/n4_stage2_100k.bin:tuples=4+4+6+6,active=32,stages=2,weights=67371008,hash=7025a0a3a850bfe7",1,"depth counts player layers; depth 1 = player move, spawn, evaluator",custom,0,0,none,30247,167064,6855,13,8192,0.0058324579999999996,9674426,0
2026-08-25T05:40:53.462Z,unavailable,Release,N1-fixed,N1,,"N1:ntuple-td-learned:experiments/weights/n4_stage2_100k.bin:tuples=4+4+6+6,active=32,stages=2,weights=67371008,hash=7025a0a3a850bfe7",1,"depth counts player layers; depth 1 = player move, spawn, evaluator",custom,0,0,none,30248,112864,4653,13,8192,0.0042987090000000004,9674426,0
2026-08-25T05:40:53.462Z,unavailable,Release,N1-fixed,N1,,"N1:ntuple-td-learned:experiments/weights/n4_stage2_100k.bin:tuples=4+4+6+6,active=32,stages=2,weights=67371008,hash=7025a0a3a850bfe7",1,"depth counts player layers; depth 1 = player move, spawn, evaluator",custom,0,0,none,30249,35620,1843,11,2048,0.0017025829999999999,9674426,0
2026-08-25T05:40:53.462Z,unavailable,Release,N1-fixed,N1,,"N1:ntuple-td-learned:experiments/weights/n4_stage2_100k.bin:tuples=4+4+6+6,active=32,stages=2,weights=67371008,hash=7025a0a3a850bfe7",1,"depth counts player layers; depth 1 = player move, spawn, evaluator",custom,0,0,none,30250,35780,1851,11,2048,0.0016016660000000001,9674426,0
2026-08-25T05:40:53.462Z,unavailable,Release,N1-fixed,N1,,"N1:ntuple-td-learned:experiments/weights/n4_stage2_100k.bin:tuples=4+4+6+6,active=32,stages=2,weights=67371008,hash=7025a0a3a850bfe7",1,"depth counts player layers; depth 1 = player move, spawn, evaluator",custom,0,0,none,30251,77884,3531,12,4096,0.0031198749999999998,9674426,0
2026-08-25T05:40:53.462Z,unavailable,Release,N1-fixed,N1,,"N1:ntuple-td-learned:experiments/weights/n4_stage2_100k.bin:tuples=4+4+6+6,active=32,stages=2,weights=67371008,hash=7025a0a3a850bfe7",1,"depth counts player layers; depth 1 = player move, spawn, evaluator",custom,0,0,none,30252,112896,4667,13,8192,0.0041238749999999999,9674426,0
2026-08-25T05:40:53.462Z,unavailable,Release,N1-fixed,N1,,"N1:ntuple-td-learned:experiments/weights/n4_stage2_100k.bin:tuples=4+4+6+6,active=32,stages=2,weights=67371008,hash=7025a0a3a850bfe7",1,"depth counts player layers; depth 1 = player move, spawn, evaluator",custom,0,0,none,30253,129216,5390,13,8192,0.0049459999999999999,9674426,0
2026-08-25T05:40:53.462Z,unavailable,Release,N1-fixed,N1,,"N1:ntuple-td-learned:experiments/weights/n4_stage2_100k.bin:tuples=4+4+6+6,active=32,stages=2,weights=67371008,hash=7025a0a3a850bfe7",1,"depth counts player layers; depth 1 = player move, spawn, evaluator",custom,0,0,none,30254,160188,6598,13,8192,0.0056712079999999996,9674426,0
2026-08-25T05:40:53.462Z,unavailable,Release,N1-fixed,N1,,"N1:ntuple-td-learned:experiments/weights/n4_stage2_100k.bin:tuples=4+4+6+6,active=32,stages=2,weights=67371008,hash=7025a0a3a850bfe7",1,"depth counts player layers; depth 1 = player move, spawn, evaluator",custom,0,0,none,30255,132144,5507,13,8192,0.0049741669999999998,9674426,0
2026-08-25T05:40:53.462Z,unavailable,Release,N1-fixed,N1,,"N1:ntuple-td-learned:experiments/weights/n4_stage2_100k.bin:tuples=4+4+6+6,active=32,stages=2,weights=67371008,hash=7025a0a3a850bfe7",1,"depth counts player layers; depth 1 = player move, spawn, evaluator",custom,0,0,none,30256,36192,1870,11,2048,0.0017631669999999999,9674426,0
2026-08-25T05:40:53.462Z,unavailable,Release,N1-fixed,N1,,"N1:ntuple-td-learned:experiments/weights/n4_stage2_100k.bin:tuples=4+4+6+6,active=32,stages=2,weights=67371008,hash=7025a0a3a850bfe7",1,"depth counts player layers; depth 1 = player move, spawn, evaluator",custom,0,0,none,30257,148812,6094,13,8192,0.0054328329999999998,9674426,0
2026-08-25T05:40:53.462Z,unavailable,Release,N1-fixed,N1,,"N1:ntuple-td-learned:experiments/weights/n4_stage2_100k.bin:tuples=4+4+6+6,active=32,stages=2,weights=67371008,hash=7025a0a3a850bfe7",1,"depth counts player layers; depth 1 = player move, spawn, evaluator",custom,0,0,none,30258,61804,2854,12,4096,0.002777584,9674426,0
2026-08-25T05:40:53.462Z,unavailable,Release,N1-fixed,N1,,"N1:ntuple-td-learned:experiments/weights/n4_stage2_100k.bin:tuples=4+4+6+6,active=32,stages=2,weights=67371008,hash=7025a0a3a850bfe7",1,"depth counts player layers; depth 1 = player move, spawn, evaluator",custom,0,0,none,30259,78636,3592,12,4096,0.0031468339999999998,9674426,0
2026-08-25T05:40:53.462Z,unavailable,Release,N1-fixed,N1,,"N1:ntuple-td-learned:experiments/weights/n4_stage2_100k.bin:tuples=4+4+6+6,active=32,stages=2,weights=67371008,hash=7025a0a3a850bfe7",1,"depth counts player layers; depth 1 = player move, spawn, evaluator",custom,0,0,none,30260,78748,3641,12,4096,0.0031899160000000001,9674426,0
2026-08-25T05:40:53.462Z,unavailable,Release,N1-fixed,N1,,"N1:ntuple-td-learned:experiments/weights/n4_stage2_100k.bin:tuples=4+4+6+6,active=32,stages=2,weights=67371008,hash=7025a0a3a850bfe7",1,"depth counts player layers; depth 1 = player move, spawn, evaluator",custom,0,0,none,30261,132828,5586,13,8192,0.0049837500000000003,9674426,0
2026-08-25T05:40:53.462Z,unavailable,Release,N1-fixed,N1,,"N1:ntuple-td-learned:experiments/weights/n4_stage2_100k.bin:tuples=4+4+6+6,active=32,stages=2,weights=67371008,hash=7025a0a3a850bfe7",1,"depth counts player layers; depth 1 = player move, spawn, evaluator",custom,0,0,none,30262,35572,1833,11,2048,0.001907791,9674426,0
2026-08-25T05:40:53.462Z,unavailable,Release,N1-fixed,N1,,"N1:ntuple-td-learned:experiments/weights/n4_stage2_100k.bin:tuples=4+4+6+6,active=32,stages=2,weights=67371008,hash=7025a0a3a850bfe7",1,"depth counts player layers; depth 1 = player move, spawn, evaluator",custom,0,0,none,30263,79912,3685,12,4096,0.0038947500000000002,9674426,0
2026-08-25T05:40:53.462Z,unavailable,Release,N1-fixed,N1,,"N1:ntuple-td-learned:experiments/weights/n4_stage2_100k.bin:tuples=4+4+6+6,active=32,stages=2,weights=67371008,hash=7025a0a3a850bfe7",1,"depth counts player layers; depth 1 = player move, spawn, evaluator",custom,0,0,none,30264,32180,1641,11,2048,0.0019523749999999999,9674426,0
2026-08-25T05:40:53.462Z,unavailable,Release,N1-fixed,N1,,"N1:ntuple-td-learned:experiments/weights/n4_stage2_100k.bin:tuples=4+4+6+6,active=32,stages=2,weights=67371008,hash=7025a0a3a850bfe7",1,"depth counts player layers; depth 1 = player move, spawn, evaluator",custom,0,0,none,30265,77108,3576,12,4096,0.0032152080000000002,9674426,0
2026-08-25T05:40:53.462Z,unavailable,Release,N1-fixed,N1,,"N1:ntuple-td-learned:experiments/weights/n4_stage2_100k.bin:tuples=4+4+6+6,active=32,stages=2,weights=67371008,hash=7025a0a3a850bfe7",1,"depth counts player layers; depth 1 = player move, spawn, evaluator",custom,0,0,none,30266,78200,3583,12,4096,0.003146958,9674426,0
2026-08-25T05:40:53.462Z,unavailable,Release,N1-fixed,N1,,"N1:ntuple-td-learned:experiments/weights/n4_stage2_100k.bin:tuples=4+4+6+6,active=32,stages=2,weights=67371008,hash=7025a0a3a850bfe7",1,"depth counts player layers; depth 1 = player move, spawn, evaluator",custom,0,0,none,30267,79400,3650,12,4096,0.003165583,9674426,0
2026-08-25T05:40:53.462Z,unavailable,Release,N1-fixed,N1,,"N1:ntuple-td-learned:experiments/weights/n4_stage2_100k.bin:tuples=4+4+6+6,active=32,stages=2,weights=67371008,hash=7025a0a3a850bfe7",1,"depth counts player layers; depth 1 = player move, spawn, evaluator",custom,0,0,none,30268,79016,3641,12,4096,0.0033430420000000001,9674426,0
2026-08-25T05:40:53.462Z,unavailable,Release,N1-fixed,N1,,"N1:ntuple-td-learned:experiments/weights/n4_stage2_100k.bin:tuples=4+4+6+6,active=32,stages=2,weights=67371008,hash=7025a0a3a850bfe7",1,"depth counts player layers; depth 1 = player move, spawn, evaluator",custom,0,0,none,30269,78400,3584,12,4096,0.0032945000000000001,9674426,0
2026-08-25T05:40:53.462Z,unavailable,Release,N1-fixed,N1,,"N1:ntuple-td-learned:experiments/weights/n4_stage2_100k.bin:tuples=4+4+6+6,active=32,stages=2,weights=67371008,hash=7025a0a3a850bfe7",1,"depth counts player layers; depth 1 = player move, spawn, evaluator",custom,0,0,none,30270,108956,4446,13,8192,0.0040048330000000002,9674426,0
2026-08-25T05:40:53.462Z,unavailable,Release,N1-fixed,N1,,"N1:ntuple-td-learned:experiments/weights/n4_stage2_100k.bin:tuples=4+4+6+6,active=32,stages=2,weights=67371008,hash=7025a0a3a850bfe7",1,"depth counts player layers; depth 1 = player move, spawn, evaluator",custom,0,0,none,30271,70820,3238,12,4096,0.0028916660000000002,9674426,0
2026-08-25T05:40:53.462Z,unavailable,Release,N1-fixed,N1,,"N1:ntuple-td-learned:experiments/weights/n4_stage2_100k.bin:tuples=4+4+6+6,active=32,stages=2,weights=67371008,hash=7025a0a3a850bfe7",1,"depth counts player layers; depth 1 = player move, spawn, evaluator",custom,0,0,none,30272,16104,949,10,1024,0.00090862500000000004,9674426,0
2026-08-25T05:40:53.462Z,unavailable,Release,N1-fixed,N1,,"N1:ntuple-td-learned:experiments/weights/n4_stage2_100k.bin:tuples=4+4+6+6,active=32,stages=2,weights=67371008,hash=7025a0a3a850bfe7",1,"depth counts player layers; depth 1 = player move, spawn, evaluator",custom,0,0,none,30273,76672,3531,12,4096,0.0031561250000000001,9674426,0
2026-08-25T05:40:53.462Z,unavailable,Release,N1-fixed,N1,,"N1:ntuple-td-learned:experiments/weights/n4_stage2_100k.bin:tuples=4+4+6+6,active=32,stages=2,weights=67371008,hash=7025a0a3a850bfe7",1,"depth counts player layers; depth 1 = player move, spawn, evaluator",custom,0,0,none,30274,123824,5095,13,8192,0.004587542,9674426,0
2026-08-25T05:40:53.462Z,unavailable,Release,N1-fixed,N1,,"N1:ntuple-td-learned:experiments/weights/n4_stage2_100k.bin:tuples=4+4+6+6,active=32,stages=2,weights=67371008,hash=7025a0a3a850bfe7",1,"depth counts player layers; depth 1 = player move, spawn, evaluator",custom,0,0,none,30275,132996,5607,13,8192,0.0048628330000000004,9674426,0
2026-08-25T05:40:53.462Z,unavailable,Release,N1-fixed,N1,,"N1:ntuple-td-learned:experiments/weights/n4_stage2_100k.bin:tuples=4+4+6+6,active=32,stages=2,weights=67371008,hash=7025a0a3a850bfe7",1,"depth counts player layers; depth 1 = player move, spawn, evaluator",custom,0,0,none,30276,121904,5011,13,8192,0.0044502500000000002,9674426,0
2026-08-25T05:40:53.462Z,unavailable,Release,N1-fixed,N1,,"N1:ntuple-td-learned:experiments/weights/n4_stage2_100k.bin:tuples=4+4+6+6,active=32,stages=2,weights=67371008,hash=7025a0a3a850bfe7",1,"depth counts player layers; depth 1 = player move, spawn, evaluator",custom,0,0,none,30277,80396,3720,12,4096,0.0033687090000000001,9674426,0
2026-08-25T05:40:53.462Z,unavailable,Release,N1-fixed,N1,,"N1:ntuple-td-learned:experiments/weights/n4_stage2_100k.bin:tuples=4+4+6+6,active=32,stages=2,weights=67371008,hash=7025a0a3a850bfe7",1,"depth counts player layers; depth 1 = player move, spawn, evaluator",custom,0,0,none,30278,171372,7185,13,8192,0.006429209,9674426,0
2026-08-25T05:40:53.462Z,unavailable,Release,N1-fixed,N1,,"N1:ntuple-td-learned:experiments/weights/n4_stage2_100k.bin:tuples=4+4+6+6,active=32,stages=2,weights=67371008,hash=7025a0a3a850bfe7",1,"depth counts player layers; depth 1 = player move, spawn, evaluator",custom,0,0,none,30279,79308,3632,12,4096,0.003248791,9674426,0
2026-08-25T05:40:53.462Z,unavailable,Release,N1-fixed,N1,,"N1:ntuple-td-learned:experiments/weights/n4_stage2_100k.bin:tuples=4+4+6+6,active=32,stages=2,weights=67371008,hash=7025a0a3a850bfe7",1,"depth counts player layers; depth 1 = player move, spawn, evaluator",custom,0,0,none,30280,37096,1955,11,2048,0.0018652499999999999,9674426,0
2026-08-25T05:40:53.462Z,unavailable,Release,N1-fixed,N1,,"N1:ntuple-td-learned:experiments/weights/n4_stage2_100k.bin:tuples=4+4+6+6,active=32,stages=2,weights=67371008,hash=7025a0a3a850bfe7",1,"depth counts player layers; depth 1 = player move, spawn, evaluator",custom,0,0,none,30281,12048,711,10,1024,0.00064400000000000004,9674426,0
2026-08-25T05:40:53.462Z,unavailable,Release,N1-fixed,N1,,"N1:ntuple-td-learned:experiments/weights/n4_stage2_100k.bin:tuples=4+4+6+6,active=32,stages=2,weights=67371008,hash=7025a0a3a850bfe7",1,"depth counts player layers; depth 1 = player move, spawn, evaluator",custom,0,0,none,30282,107732,4335,13,8192,0.0038930420000000002,9674426,0
2026-08-25T05:40:53.462Z,unavailable,Release,N1-fixed,N1,,"N1:ntuple-td-learned:experiments/weights/n4_stage2_100k.bin:tuples=4+4+6+6,active=32,stages=2,weights=67371008,hash=7025a0a3a850bfe7",1,"depth counts player layers; depth 1 = player move, spawn, evaluator",custom,0,0,none,30283,128740,5353,13,8192,0.0050717499999999999,9674426,0
2026-08-25T05:40:53.462Z,unavailable,Release,N1-fixed,N1,,"N1:ntuple-td-learned:experiments/weights/n4_stage2_100k.bin:tuples=4+4+6+6,active=32,stages=2,weights=67371008,hash=7025a0a3a850bfe7",1,"depth counts player layers; depth 1 = player move, spawn, evaluator",custom,0,0,none,30284,68536,3128,12,4096,0.0029611250000000002,9674426,0
2026-08-25T05:40:53.462Z,unavailable,Release,N1-fixed,N1,,"N1:ntuple-td-learned:experiments/weights/n4_stage2_100k.bin:tuples=4+4+6+6,active=32,stages=2,weights=67371008,hash=7025a0a3a850bfe7",1,"depth counts player layers; depth 1 = player move, spawn, evaluator",custom,0,0,none,30285,123128,5080,13,8192,0.004614834,9674426,0
2026-08-25T05:40:53.462Z,unavailable,Release,N1-fixed,N1,,"N1:ntuple-td-learned:experiments/weights/n4_stage2_100k.bin:tuples=4+4+6+6,active=32,stages=2,weights=67371008,hash=7025a0a3a850bfe7",1,"depth counts player layers; depth 1 = player move, spawn, evaluator",custom,0,0,none,30286,41320,2121,11,2048,0.0019897080000000002,9674426,0
2026-08-25T05:40:53.462Z,unavailable,Release,N1-fixed,N1,,"N1:ntuple-td-learned:experiments/weights/n4_stage2_100k.bin:tuples=4+4+6+6,active=32,stages=2,weights=67371008,hash=7025a0a3a850bfe7",1,"depth counts player layers; depth 1 = player move, spawn, evaluator",custom,0,0,none,30287,37632,1982,11,2048,0.001949959,9674426,0
2026-08-25T05:40:53.462Z,unavailable,Release,N1-fixed,N1,,"N1:ntuple-td-learned:experiments/weights/n4_stage2_100k.bin:tuples=4+4+6+6,active=32,stages=2,weights=67371008,hash=7025a0a3a850bfe7",1,"depth counts player layers; depth 1 = player move, spawn, evaluator",custom,0,0,none,30288,114828,4813,13,8192,0.0052912080000000004,9674426,0
2026-08-25T05:40:53.462Z,unavailable,Release,N1-fixed,N1,,"N1:ntuple-td-learned:experiments/weights/n4_stage2_100k.bin:tuples=4+4+6+6,active=32,stages=2,weights=67371008,hash=7025a0a3a850bfe7",1,"depth counts player layers; depth 1 = player move, spawn, evaluator",custom,0,0,none,30289,36736,1905,11,2048,0.003426541,9674426,0
2026-08-25T05:40:53.462Z,unavailable,Release,N1-fixed,N1,,"N1:ntuple-td-learned:experiments/weights/n4_stage2_100k.bin:tuples=4+4+6+6,active=32,stages=2,weights=67371008,hash=7025a0a3a850bfe7",1,"depth counts player layers; depth 1 = player move, spawn, evaluator",custom,0,0,none,30290,74384,3376,12,4096,0.0053831249999999999,9674426,0
2026-08-25T05:40:53.462Z,unavailable,Release,N1-fixed,N1,,"N1:ntuple-td-learned:experiments/weights/n4_stage2_100k.bin:tuples=4+4+6+6,active=32,stages=2,weights=67371008,hash=7025a0a3a850bfe7",1,"depth counts player layers; depth 1 = player move, spawn, evaluator",custom,0,0,none,30291,44136,2265,11,2048,0.0027274170000000002,9674426,0
2026-08-25T05:40:53.462Z,unavailable,Release,N1-fixed,N1,,"N1:ntuple-td-learned:experiments/weights/n4_stage2_100k.bin:tuples=4+4+6+6,active=32,stages=2,weights=67371008,hash=7025a0a3a850bfe7",1,"depth counts player layers; depth 1 = player move, spawn, evaluator",custom,0,0,none,30292,16632,985,10,1024,0.00099433300000000002,9674426,0
2026-08-25T05:40:53.462Z,unavailable,Release,N1-fixed,N1,,"N1:ntuple-td-learned:experiments/weights/n4_stage2_100k.bin:tuples=4+4+6+6,active=32,stages=2,weights=67371008,hash=7025a0a3a850bfe7",1,"depth counts player layers; depth 1 = player move, spawn, evaluator",custom,0,0,none,30293,123784,5091,13,8192,0.0046270829999999997,9674426,0
2026-08-25T05:40:53.462Z,unavailable,Release,N1-fixed,N1,,"N1:ntuple-td-learned:experiments/weights/n4_stage2_100k.bin:tuples=4+4+6+6,active=32,stages=2,weights=67371008,hash=7025a0a3a850bfe7",1,"depth counts player layers; depth 1 = player move, spawn, evaluator",custom,0,0,none,30294,10336,598,10,1024,0.00072024999999999997,9674426,0
2026-08-25T05:40:53.462Z,unavailable,Release,N1-fixed,N1,,"N1:ntuple-td-learned:experiments/weights/n4_stage2_100k.bin:tuples=4+4+6+6,active=32,stages=2,weights=67371008,hash=7025a0a3a850bfe7",1,"depth counts player layers; depth 1 = player move, spawn, evaluator",custom,0,0,none,30295,112736,4676,13,8192,0.0045122089999999997,9674426,0
2026-08-25T05:40:53.462Z,unavailable,Release,N1-fixed,N1,,"N1:ntuple-td-learned:experiments/weights/n4_stage2_100k.bin:tuples=4+4+6+6,active=32,stages=2,weights=67371008,hash=7025a0a3a850bfe7",1,"depth counts player layers; depth 1 = player move, spawn, evaluator",custom,0,0,none,30296,60712,2851,12,4096,0.0027600839999999999,9674426,0
2026-08-25T05:40:53.462Z,unavailable,Release,N1-fixed,N1,,"N1:ntuple-td-learned:experiments/weights/n4_stage2_100k.bin:tuples=4+4+6+6,active=32,stages=2,weights=67371008,hash=7025a0a3a850bfe7",1,"depth counts player layers; depth 1 = player move, spawn, evaluator",custom,0,0,none,30297,97100,3778,13,8192,0.003587083,9674426,0
2026-08-25T05:40:53.462Z,unavailable,Release,N1-fixed,N1,,"N1:ntuple-td-learned:experiments/weights/n4_stage2_100k.bin:tuples=4+4+6+6,active=32,stages=2,weights=67371008,hash=7025a0a3a850bfe7",1,"depth counts player layers; depth 1 = player move, spawn, evaluator",custom,0,0,none,30298,36872,1921,11,2048,0.002057208,9674426,0
2026-08-25T05:40:53.462Z,unavailable,Release,N1-fixed,N1,,"N1:ntuple-td-learned:experiments/weights/n4_stage2_100k.bin:tuples=4+4+6+6,active=32,stages=2,weights=67371008,hash=7025a0a3a850bfe7",1,"depth counts player layers; depth 1 = player move, spawn, evaluator",custom,0,0,none,30299,126288,5255,13,8192,0.0046235,9674426,0
